time_sec,ECG_I,ECG_I_filtered
0.0,0.17,-0.015
0.002,0.18,-0.015
0.004,0.175,-0.015
0.006,0.18,-0.015
0.008,0.18,-0.015
0.01,0.18,-0.015
0.012,0.175,-0.01
0.014,0.185,-0.01
0.016,0.18,-0.005
0.018,0.175,0.0
0.02,0.19,0.0
0.022,0.19,0.0
0.024,0.18,0.0
0.026,0.175,0.0
0.028,0.185,-0.005
0.03,0.175,-0.01
0.032,0.19,-0.015
0.034,0.155,-0.02
0.036,0.17,-0.025
0.038,0.175,-0.025
0.04,0.175,-0.025
0.042,0.17,-0.025
0.044,0.165,-0.025
0.046,0.16,-0.025
0.048,0.155,-0.02
0.05,0.155,-0.02
0.052,0.17,-0.015
0.054,0.165,-0.015
0.056,0.16,-0.02
0.058,0.17,-0.02
0.06,0.175,-0.02
0.062,0.155,-0.02
0.064,0.175,-0.02
0.066,0.165,-0.015
0.068,0.165,-0.015
0.07,0.16,-0.015
0.072,0.165,-0.01
0.074,0.165,-0.01
0.076,0.17,-0.015
0.078,0.155,-0.015
0.08,0.17,-0.02
0.082,0.165,-0.02
0.084,0.17,-0.02
0.086,0.175,-0.02
0.088,0.18,-0.02
0.09,0.175,-0.015
0.092,0.18,-0.015
0.094,0.165,-0.01
0.096,0.16,-0.005
0.098,0.16,-0.005
0.1,0.17,-0.01
0.102,0.16,-0.01
0.104,0.165,-0.02
0.106,0.15,-0.025
0.108,0.155,-0.03
0.11,0.175,-0.03
0.112,0.165,-0.035
0.114,0.165,-0.03
0.116,0.165,-0.025
0.118,0.165,-0.02
0.12,0.16,-0.01
0.122,0.17,-0.005
0.124,0.165,0.0
0.126,0.16,0.0
0.128,0.165,0.0
0.13,0.16,-0.005
0.132,0.16,-0.005
0.134,0.17,-0.01
0.136,0.175,-0.015
0.138,0.165,-0.015
0.14,0.17,-0.015
0.142,0.155,-0.015
0.144,0.145,-0.015
0.146,0.145,-0.015
0.148,0.15,-0.015
0.15,0.14,-0.015
0.152,0.14,-0.02
0.154,0.15,-0.025
0.156,0.155,-0.025
0.158,0.17,-0.03
0.16,0.15,-0.03
0.162,0.14,-0.03
0.164,0.15,-0.025
0.166,0.155,-0.025
0.168,0.15,-0.02
0.17,0.16,-0.02
0.172,0.175,-0.015
0.174,0.17,-0.015
0.176,0.16,-0.015
0.178,0.15,-0.015
0.18,0.16,-0.015
0.182,0.16,-0.015
0.184,0.16,-0.015
0.186,0.16,-0.01
0.188,0.175,-0.01
0.19,0.19,-0.01
0.192,0.175,-0.005
0.194,0.175,-0.005
0.196,0.185,-0.005
0.198,0.185,-0.005
0.2,0.18,-0.005
0.202,0.185,0.0
0.204,0.19,0.005
0.206,0.175,0.01
0.208,0.175,0.015
0.21,0.17,0.015
0.212,0.19,0.02
0.214,0.2,0.025
0.216,0.185,0.025
0.218,0.2,0.025
0.22,0.2,0.03
0.222,0.215,0.03
0.224,0.225,0.035
0.226,0.24,0.04
0.228,0.235,0.045
0.23,0.22,0.05
0.232,0.21,0.06
0.234,0.22,0.065
0.236,0.22,0.065
0.238,0.22,0.065
0.24,0.215,0.055
0.242,0.23,0.05
0.244,0.205,0.035
0.246,0.19,0.025
0.248,0.17,0.015
0.25,0.175,0.005
0.252,0.165,0.0
0.254,0.16,0.0
0.256,0.165,0.0
0.258,0.155,0.005
0.26,0.155,0.005
0.262,0.155,0.005
0.264,0.15,0.0
0.266,0.15,-0.005
0.268,0.135,-0.01
0.27,0.145,-0.02
0.272,0.13,-0.03
0.274,0.135,-0.04
0.276,0.14,-0.045
0.278,0.125,-0.045
0.28,0.115,-0.045
0.282,0.12,-0.04
0.284,0.135,-0.035
0.286,0.14,-0.03
0.288,0.125,-0.025
0.29,0.125,-0.025
0.292,0.135,-0.025
0.294,0.135,-0.025
0.296,0.125,-0.03
0.298,0.125,-0.03
0.3,0.115,-0.035
0.302,0.12,-0.04
0.304,0.125,-0.04
0.306,0.115,-0.04
0.308,0.115,-0.04
0.31,0.12,-0.04
0.312,0.125,-0.04
0.314,0.115,-0.04
0.316,0.105,-0.04
0.318,0.11,-0.045
0.32,0.105,-0.05
0.322,0.11,-0.055
0.324,0.095,-0.06
0.326,0.105,-0.065
0.328,0.085,-0.075
0.33,0.075,-0.09
0.332,0.045,-0.11
0.334,0.0,-0.135
0.336,-0.035,-0.165
0.338,-0.07,-0.2
0.34,-0.11,-0.23
0.342,-0.12,-0.25
0.344,-0.115,-0.255
0.346,-0.08,-0.235
0.348,-0.035,-0.18
0.35,0.065,-0.095
0.352,0.21,0.02
0.354,0.36,0.16
0.356,0.5,0.32
0.358,0.665,0.485
0.36,0.81,0.64
0.362,0.95,0.78
0.364,1.095,0.89
0.366,1.23,0.96
0.368,1.205,0.995
0.37,1.145,0.985
0.372,1.07,0.94
0.374,1.02,0.865
0.376,0.905,0.77
0.378,0.83,0.665
0.38,0.715,0.55
0.382,0.555,0.445
0.384,0.44,0.345
0.386,0.37,0.265
0.388,0.335,0.195
0.39,0.3,0.145
0.392,0.255,0.11
0.394,0.23,0.08
0.396,0.195,0.06
0.398,0.165,0.04
0.4,0.125,0.02
0.402,0.115,-0.005
0.404,0.1,-0.025
0.406,0.095,-0.05
0.408,0.09,-0.065
0.41,0.08,-0.08
0.412,0.07,-0.09
0.414,0.07,-0.09
0.416,0.07,-0.09
0.418,0.07,-0.085
0.42,0.06,-0.075
0.422,0.055,-0.07
0.424,0.055,-0.065
0.426,0.05,-0.07
0.428,0.06,-0.075
0.43,0.055,-0.08
0.432,0.06,-0.09
0.434,0.05,-0.1
0.436,0.035,-0.11
0.438,0.04,-0.115
0.44,0.025,-0.125
0.442,0.04,-0.125
0.444,0.04,-0.13
0.446,0.035,-0.13
0.448,0.035,-0.125
0.45,0.04,-0.125
0.452,0.06,-0.12
0.454,0.045,-0.12
0.456,0.045,-0.115
0.458,0.05,-0.115
0.46,0.035,-0.11
0.462,0.035,-0.11
0.464,0.03,-0.11
0.466,0.04,-0.11
0.468,0.03,-0.11
0.47,0.035,-0.115
0.472,0.035,-0.115
0.474,0.025,-0.115
0.476,0.05,-0.115
0.478,0.04,-0.115
0.48,0.045,-0.115
0.482,0.045,-0.115
0.484,0.045,-0.11
0.486,0.035,-0.105
0.488,0.04,-0.105
0.49,0.045,-0.1
0.492,0.045,-0.1
0.494,0.03,-0.1
0.496,0.05,-0.105
0.498,0.04,-0.105
0.5,0.035,-0.11
0.502,0.035,-0.11
0.504,0.045,-0.115
0.506,0.06,-0.115
0.508,0.07,-0.11
0.51,0.075,-0.11
0.512,0.06,-0.105
0.514,0.065,-0.095
0.516,0.065,-0.09
0.518,0.055,-0.085
0.52,0.045,-0.08
0.522,0.04,-0.075
0.524,0.05,-0.07
0.526,0.07,-0.07
0.528,0.075,-0.07
0.53,0.08,-0.07
0.532,0.065,-0.075
0.534,0.065,-0.075
0.536,0.075,-0.075
0.538,0.075,-0.075
0.54,0.08,-0.075
0.542,0.08,-0.075
0.544,0.085,-0.07
0.546,0.085,-0.065
0.548,0.085,-0.065
0.55,0.085,-0.06
0.552,0.105,-0.055
0.554,0.105,-0.055
0.556,0.115,-0.05
0.558,0.115,-0.045
0.56,0.12,-0.04
0.562,0.14,-0.035
0.564,0.135,-0.03
0.566,0.145,-0.02
0.568,0.14,-0.015
0.57,0.145,-0.01
0.572,0.155,0.0
0.574,0.165,0.005
0.576,0.165,0.01
0.578,0.175,0.01
0.58,0.18,0.015
0.582,0.18,0.02
0.584,0.19,0.025
0.586,0.195,0.03
0.588,0.205,0.04
0.59,0.205,0.05
0.592,0.21,0.06
0.594,0.215,0.065
0.596,0.205,0.075
0.598,0.22,0.075
0.6,0.225,0.08
0.602,0.235,0.08
0.604,0.23,0.08
0.606,0.225,0.075
0.608,0.23,0.075
0.61,0.24,0.075
0.612,0.24,0.075
0.614,0.24,0.08
0.616,0.24,0.085
0.618,0.24,0.085
0.62,0.23,0.09
0.622,0.225,0.095
0.624,0.225,0.095
0.626,0.22,0.095
0.628,0.225,0.09
0.63,0.225,0.085
0.632,0.205,0.085
0.634,0.2,0.08
0.636,0.2,0.075
0.638,0.195,0.07
0.64,0.185,0.065
0.642,0.17,0.06
0.644,0.165,0.055
0.646,0.16,0.05
0.648,0.15,0.04
0.65,0.15,0.03
0.652,0.135,0.025
0.654,0.13,0.015
0.656,0.125,0.01
0.658,0.12,0.005
0.66,0.115,0.0
0.662,0.115,-0.005
0.664,0.105,-0.01
0.666,0.1,-0.01
0.668,0.11,-0.02
0.67,0.105,-0.025
0.672,0.1,-0.035
0.674,0.08,-0.04
0.676,0.08,-0.05
0.678,0.09,-0.055
0.68,0.08,-0.06
0.682,0.08,-0.065
0.684,0.085,-0.065
0.686,0.09,-0.065
0.688,0.095,-0.06
0.69,0.07,-0.06
0.692,0.075,-0.055
0.694,0.08,-0.055
0.696,0.085,-0.055
0.698,0.07,-0.055
0.7,0.06,-0.06
0.702,0.06,-0.06
0.704,0.07,-0.065
0.706,0.085,-0.06
0.708,0.09,-0.06
0.71,0.09,-0.055
0.712,0.08,-0.05
0.714,0.085,-0.045
0.716,0.095,-0.04
0.718,0.085,-0.04
0.72,0.085,-0.035
0.722,0.07,-0.04
0.724,0.065,-0.04
0.726,0.09,-0.04
0.728,0.08,-0.045
0.73,0.08,-0.045
0.732,0.08,-0.05
0.734,0.075,-0.05
0.736,0.075,-0.055
0.738,0.07,-0.055
0.74,0.065,-0.055
0.742,0.06,-0.055
0.744,0.075,-0.055
0.746,0.075,-0.055
0.748,0.07,-0.055
0.75,0.07,-0.055
0.752,0.085,-0.05
0.754,0.085,-0.045
0.756,0.075,-0.045
0.758,0.08,-0.04
0.76,0.075,-0.04
0.762,0.075,-0.04
0.764,0.075,-0.04
0.766,0.075,-0.04
0.768,0.08,-0.045
0.77,0.075,-0.045
0.772,0.075,-0.045
0.774,0.085,-0.045
0.776,0.075,-0.04
0.778,0.07,-0.04
0.78,0.065,-0.04
0.782,0.07,-0.035
0.784,0.07,-0.04
0.786,0.08,-0.04
0.788,0.09,-0.045
0.79,0.08,-0.045
0.792,0.085,-0.05
0.794,0.095,-0.055
0.796,0.09,-0.055
0.798,0.08,-0.055
0.8,0.07,-0.055
0.802,0.075,-0.05
0.804,0.085,-0.045
0.806,0.08,-0.045
0.808,0.09,-0.04
0.81,0.095,-0.035
0.812,0.095,-0.035
0.814,0.095,-0.035
0.816,0.085,-0.035
0.818,0.08,-0.035
0.82,0.09,-0.035
0.822,0.09,-0.035
0.824,0.09,-0.035
0.826,0.09,-0.035
0.828,0.08,-0.03
0.83,0.085,-0.025
0.832,0.08,-0.02
0.834,0.08,-0.02
0.836,0.08,-0.015
0.838,0.08,-0.015
0.84,0.08,-0.02
0.842,0.08,-0.02
0.844,0.095,-0.025
0.846,0.1,-0.03
0.848,0.095,-0.03
0.85,0.105,-0.03
0.852,0.095,-0.03
0.854,0.1,-0.03
0.856,0.085,-0.025
0.858,0.08,-0.025
0.86,0.08,-0.02
0.862,0.1,-0.02
0.864,0.09,-0.02
0.866,0.09,-0.02
0.868,0.1,-0.025
0.87,0.1,-0.025
0.872,0.09,-0.03
0.874,0.085,-0.03
0.876,0.09,-0.03
0.878,0.08,-0.035
0.88,0.075,-0.035
0.882,0.08,-0.035
0.884,0.075,-0.035
0.886,0.1,-0.035
0.888,0.09,-0.03
0.89,0.09,-0.03
0.892,0.085,-0.03
0.894,0.09,-0.03
0.896,0.09,-0.03
0.898,0.09,-0.03
0.9,0.08,-0.035
0.902,0.08,-0.035
0.904,0.08,-0.04
0.906,0.08,-0.04
0.908,0.09,-0.04
0.91,0.085,-0.045
0.912,0.09,-0.04
0.914,0.095,-0.04
0.916,0.1,-0.035
0.918,0.09,-0.03
0.92,0.1,-0.025
0.922,0.105,-0.02
0.924,0.095,-0.015
0.926,0.095,-0.01
0.928,0.095,-0.01
0.93,0.095,-0.01
0.932,0.105,-0.005
0.934,0.105,-0.005
0.936,0.1,-0.005
0.938,0.1,-0.005
0.94,0.11,0.0
0.942,0.11,0.0
0.944,0.11,0.0
0.946,0.12,0.005
0.948,0.125,0.005
0.95,0.12,0.01
0.952,0.12,0.01
0.954,0.12,0.015
0.956,0.12,0.015
0.958,0.135,0.02
0.96,0.145,0.02
0.962,0.15,0.025
0.964,0.145,0.025
0.966,0.16,0.03
0.968,0.16,0.03
0.97,0.165,0.035
0.972,0.155,0.035
0.974,0.16,0.035
0.976,0.17,0.035
0.978,0.17,0.035
0.98,0.16,0.04
0.982,0.16,0.04
0.984,0.15,0.04
0.986,0.145,0.04
0.988,0.145,0.04
0.99,0.14,0.035
0.992,0.12,0.03
0.994,0.11,0.02
0.996,0.1,0.01
0.998,0.095,0.0
1.0,0.09,-0.01
1.002,0.085,-0.015
1.004,0.085,-0.02
1.006,0.085,-0.025
1.008,0.09,-0.02
1.01,0.095,-0.02
1.012,0.095,-0.015
1.014,0.09,-0.015
1.016,0.1,-0.01
1.018,0.095,-0.01
1.02,0.095,-0.01
1.022,0.095,-0.01
1.024,0.085,-0.01
1.026,0.08,-0.015
1.028,0.09,-0.02
1.03,0.08,-0.025
1.032,0.085,-0.03
1.034,0.085,-0.03
1.036,0.09,-0.035
1.038,0.09,-0.035
1.04,0.085,-0.035
1.042,0.095,-0.03
1.044,0.1,-0.03
1.046,0.085,-0.03
1.048,0.08,-0.025
1.05,0.07,-0.03
1.052,0.075,-0.03
1.054,0.08,-0.035
1.056,0.085,-0.045
1.058,0.075,-0.05
1.06,0.085,-0.05
1.062,0.095,-0.05
1.064,0.085,-0.05
1.066,0.085,-0.045
1.068,0.085,-0.04
1.07,0.075,-0.04
1.072,0.06,-0.05
1.074,0.02,-0.065
1.076,-0.015,-0.095
1.078,-0.05,-0.13
1.08,-0.08,-0.175
1.082,-0.12,-0.21
1.084,-0.135,-0.24
1.086,-0.125,-0.245
1.088,-0.12,-0.225
1.09,-0.07,-0.17
1.092,0.03,-0.08
1.094,0.165,0.04
1.096,0.305,0.19
1.098,0.49,0.355
1.1,0.685,0.525
1.102,0.85,0.69
1.104,0.995,0.84
1.106,1.14,0.96
1.108,1.235,1.045
1.11,1.305,1.095
1.112,1.255,1.105
1.114,1.175,1.075
1.116,1.115,1.015
1.118,1.015,0.925
1.12,0.925,0.82
1.122,0.83,0.705
1.124,0.695,0.595
1.126,0.565,0.49
1.128,0.475,0.395
1.13,0.425,0.32
1.132,0.365,0.26
1.134,0.325,0.215
1.136,0.285,0.18
1.138,0.25,0.155
1.14,0.22,0.13
1.142,0.185,0.105
1.144,0.165,0.08
1.146,0.14,0.055
1.148,0.155,0.03
1.15,0.145,0.005
1.152,0.13,-0.01
1.154,0.13,-0.02
1.156,0.115,-0.025
1.158,0.115,-0.025
1.16,0.105,-0.02
1.162,0.1,-0.01
1.164,0.1,-0.005
1.166,0.1,-0.005
1.168,0.1,-0.005
1.17,0.11,-0.01
1.172,0.115,-0.02
1.174,0.085,-0.03
1.176,0.08,-0.035
1.178,0.075,-0.04
1.18,0.085,-0.045
1.182,0.08,-0.04
1.184,0.095,-0.04
1.186,0.095,-0.035
1.188,0.095,-0.03
1.19,0.085,-0.025
1.192,0.095,-0.025
1.194,0.095,-0.025
1.196,0.09,-0.025
1.198,0.08,-0.025
1.2,0.08,-0.03
1.202,0.085,-0.035
1.204,0.095,-0.035
1.206,0.09,-0.04
1.208,0.09,-0.045
1.21,0.1,-0.045
1.212,0.115,-0.05
1.214,0.1,-0.05
1.216,0.1,-0.05
1.218,0.095,-0.05
1.22,0.095,-0.05
1.222,0.1,-0.05
1.224,0.09,-0.05
1.226,0.09,-0.05
1.228,0.095,-0.055
1.23,0.095,-0.055
1.232,0.105,-0.06
1.234,0.11,-0.06
1.236,0.11,-0.06
1.238,0.11,-0.055
1.24,0.105,-0.05
1.242,0.11,-0.045
1.244,0.11,-0.04
1.246,0.11,-0.035
1.248,0.105,-0.03
1.25,0.11,-0.025
1.252,0.105,-0.025
1.254,0.095,-0.03
1.256,0.1,-0.03
1.258,0.115,-0.035
1.26,0.12,-0.035
1.262,0.125,-0.035
1.264,0.12,-0.035
1.266,0.13,-0.03
1.268,0.11,-0.025
1.27,0.115,-0.02
1.272,0.12,-0.015
1.274,0.12,-0.01
1.276,0.12,-0.01
1.278,0.13,-0.01
1.28,0.14,-0.015
1.282,0.135,-0.015
1.284,0.135,-0.015
1.286,0.145,-0.02
1.288,0.15,-0.015
1.29,0.145,-0.015
1.292,0.145,-0.01
1.294,0.16,-0.01
1.296,0.16,-0.005
1.298,0.17,-0.005
1.3,0.17,0.0
1.302,0.175,0.005
1.304,0.18,0.005
1.306,0.185,0.01
1.308,0.185,0.015
1.31,0.2,0.025
1.312,0.2,0.03
1.314,0.215,0.04
1.316,0.22,0.045
1.318,0.22,0.055
1.32,0.24,0.06
1.322,0.24,0.065
1.324,0.235,0.075
1.326,0.245,0.08
1.328,0.24,0.08
1.33,0.25,0.085
1.332,0.245,0.09
1.334,0.26,0.095
1.336,0.25,0.095
1.338,0.265,0.1
1.34,0.27,0.105
1.342,0.275,0.105
1.344,0.29,0.11
1.346,0.29,0.11
1.348,0.295,0.115
1.35,0.285,0.115
1.352,0.285,0.115
1.354,0.28,0.12
1.356,0.275,0.12
1.358,0.28,0.115
1.36,0.29,0.115
1.362,0.305,0.115
1.364,0.295,0.115
1.366,0.285,0.115
1.368,0.285,0.12
1.37,0.285,0.12
1.372,0.275,0.12
1.374,0.265,0.12
1.376,0.26,0.12
1.378,0.255,0.11
1.38,0.245,0.105
1.382,0.24,0.09
1.384,0.23,0.08
1.386,0.23,0.065
1.388,0.21,0.055
1.39,0.215,0.045
1.392,0.2,0.04
1.394,0.185,0.035
1.396,0.195,0.03
1.398,0.19,0.025
1.4,0.18,0.02
1.402,0.175,0.01
1.404,0.155,0.005
1.406,0.16,-0.005
1.408,0.17,-0.01
1.41,0.145,-0.02
1.412,0.14,-0.025
1.414,0.14,-0.03
1.416,0.13,-0.03
1.418,0.145,-0.03
1.42,0.14,-0.035
1.422,0.13,-0.04
1.424,0.14,-0.045
1.426,0.135,-0.05
1.428,0.125,-0.055
1.43,0.135,-0.06
1.432,0.12,-0.06
1.434,0.125,-0.06
1.436,0.13,-0.06
1.438,0.135,-0.055
1.44,0.13,-0.055
1.442,0.135,-0.05
1.444,0.135,-0.045
1.446,0.14,-0.045
1.448,0.13,-0.05
1.45,0.13,-0.05
1.452,0.12,-0.055
1.454,0.125,-0.055
1.456,0.12,-0.055
1.458,0.125,-0.055
1.46,0.125,-0.055
1.462,0.145,-0.055
1.464,0.145,-0.055
1.466,0.13,-0.05
1.468,0.12,-0.055
1.47,0.135,-0.055
1.472,0.135,-0.06
1.474,0.145,-0.06
1.476,0.14,-0.065
1.478,0.135,-0.065
1.48,0.135,-0.07
1.482,0.14,-0.07
1.484,0.13,-0.07
1.486,0.135,-0.07
1.488,0.13,-0.07
1.49,0.135,-0.07
1.492,0.13,-0.07
1.494,0.13,-0.07
1.496,0.13,-0.07
1.498,0.125,-0.07
1.5,0.125,-0.075
1.502,0.135,-0.075
1.504,0.145,-0.075
1.506,0.14,-0.075
1.508,0.135,-0.08
1.51,0.14,-0.085
1.512,0.13,-0.09
1.514,0.125,-0.095
1.516,0.125,-0.1
1.518,0.13,-0.1
1.52,0.14,-0.105
1.522,0.14,-0.1
1.524,0.125,-0.1
1.526,0.13,-0.095
1.528,0.12,-0.095
1.53,0.11,-0.095
1.532,0.115,-0.095
1.534,0.125,-0.095
1.536,0.12,-0.1
1.538,0.13,-0.105
1.54,0.13,-0.11
1.542,0.125,-0.115
1.544,0.125,-0.115
1.546,0.125,-0.11
1.548,0.14,-0.105
1.55,0.125,-0.1
1.552,0.135,-0.095
1.554,0.125,-0.09
1.556,0.125,-0.085
1.558,0.12,-0.085
1.56,0.14,-0.085
1.562,0.15,-0.085
1.564,0.135,-0.09
1.566,0.13,-0.09
1.568,0.14,-0.09
1.57,0.14,-0.09
1.572,0.125,-0.085
1.574,0.145,-0.085
1.576,0.14,-0.085
1.578,0.135,-0.085
1.58,0.14,-0.085
1.582,0.135,-0.085
1.584,0.14,-0.09
1.586,0.135,-0.09
1.588,0.14,-0.09
1.59,0.135,-0.095
1.592,0.145,-0.1
1.594,0.135,-0.1
1.596,0.13,-0.105
1.598,0.13,-0.115
1.6,0.14,-0.12
1.602,0.125,-0.125
1.604,0.135,-0.125
1.606,0.135,-0.13
1.608,0.13,-0.13
1.61,0.135,-0.125
1.612,0.13,-0.12
1.614,0.14,-0.12
1.616,0.13,-0.115
1.618,0.135,-0.115
1.62,0.135,-0.12
1.622,0.135,-0.12
1.624,0.115,-0.13
1.626,0.125,-0.135
1.628,0.135,-0.135
1.63,0.145,-0.135
1.632,0.16,-0.135
1.634,0.145,-0.125
1.636,0.15,-0.12
1.638,0.16,-0.11
1.64,0.155,-0.105
1.642,0.145,-0.1
1.644,0.14,-0.1
1.646,0.13,-0.1
1.648,0.14,-0.105
1.65,0.145,-0.115
1.652,0.135,-0.12
1.654,0.13,-0.13
1.656,0.13,-0.135
1.658,0.13,-0.135
1.66,0.14,-0.135
1.662,0.14,-0.135
1.664,0.135,-0.135
1.666,0.135,-0.135
1.668,0.14,-0.135
1.67,0.13,-0.135
1.672,0.135,-0.14
1.674,0.125,-0.14
1.676,0.14,-0.14
1.678,0.16,-0.14
1.68,0.165,-0.14
1.682,0.155,-0.14
1.684,0.15,-0.135
1.686,0.155,-0.135
1.688,0.15,-0.135
1.69,0.155,-0.135
1.692,0.155,-0.13
1.694,0.16,-0.13
1.696,0.16,-0.125
1.698,0.155,-0.12
1.7,0.175,-0.115
1.702,0.195,-0.105
1.704,0.195,-0.095
1.706,0.185,-0.09
1.708,0.2,-0.085
1.71,0.195,-0.08
1.712,0.19,-0.075
1.714,0.205,-0.075
1.716,0.205,-0.08
1.718,0.22,-0.08
1.72,0.23,-0.08
1.722,0.235,-0.075
1.724,0.25,-0.075
1.726,0.25,-0.07
1.728,0.26,-0.065
1.73,0.26,-0.06
1.732,0.265,-0.055
1.734,0.26,-0.055
1.736,0.255,-0.055
1.738,0.26,-0.055
1.74,0.26,-0.055
1.742,0.27,-0.055
1.744,0.25,-0.06
1.746,0.245,-0.065
1.748,0.23,-0.065
1.75,0.22,-0.07
1.752,0.21,-0.075
1.754,0.215,-0.08
1.756,0.205,-0.085
1.758,0.215,-0.09
1.76,0.23,-0.09
1.762,0.22,-0.09
1.764,0.21,-0.09
1.766,0.225,-0.085
1.768,0.22,-0.085
1.77,0.215,-0.08
1.772,0.21,-0.08
1.774,0.215,-0.08
1.776,0.22,-0.085
1.778,0.225,-0.09
1.78,0.22,-0.095
1.782,0.225,-0.1
1.784,0.24,-0.105
1.786,0.23,-0.105
1.788,0.23,-0.11
1.79,0.23,-0.11
1.792,0.23,-0.11
1.794,0.225,-0.11
1.796,0.22,-0.11
1.798,0.22,-0.11
1.8,0.22,-0.11
1.802,0.225,-0.11
1.804,0.235,-0.11
1.806,0.235,-0.11
1.808,0.23,-0.11
1.81,0.235,-0.105
1.812,0.245,-0.105
1.814,0.245,-0.105
1.816,0.255,-0.1
1.818,0.255,-0.1
1.82,0.25,-0.095
1.822,0.25,-0.09
1.824,0.25,-0.085
1.826,0.245,-0.085
1.828,0.235,-0.09
1.83,0.205,-0.1
1.832,0.185,-0.125
1.834,0.15,-0.155
1.836,0.12,-0.195
1.838,0.1,-0.235
1.84,0.05,-0.275
1.842,0.035,-0.295
1.844,0.05,-0.295
1.846,0.07,-0.265
1.848,0.135,-0.2
1.85,0.225,-0.095
1.852,0.385,0.04
1.854,0.55,0.2
1.856,0.745,0.37
1.858,0.935,0.545
1.86,1.09,0.715
1.862,1.25,0.855
1.864,1.385,0.97
1.866,1.485,1.045
1.868,1.52,1.085
1.87,1.455,1.08
1.872,1.38,1.045
1.874,1.3,0.975
1.876,1.205,0.885
1.878,1.125,0.775
1.88,1.02,0.66
1.882,0.87,0.545
1.884,0.74,0.435
1.886,0.67,0.345
1.888,0.625,0.265
1.89,0.565,0.205
1.892,0.515,0.16
1.894,0.465,0.125
1.896,0.425,0.1
1.898,0.4,0.075
1.9,0.365,0.055
1.902,0.36,0.03
1.904,0.35,0.0
1.906,0.35,-0.025
1.908,0.345,-0.045
1.91,0.335,-0.06
1.912,0.315,-0.07
1.914,0.315,-0.075
1.916,0.305,-0.07
1.918,0.295,-0.065
1.92,0.305,-0.06
1.922,0.315,-0.06
1.924,0.295,-0.06
1.926,0.31,-0.07
1.928,0.305,-0.075
1.93,0.29,-0.085
1.932,0.29,-0.09
1.934,0.29,-0.095
1.936,0.295,-0.095
1.938,0.29,-0.09
1.94,0.305,-0.085
1.942,0.3,-0.08
1.944,0.31,-0.075
1.946,0.315,-0.075
1.948,0.305,-0.075
1.95,0.295,-0.075
1.952,0.295,-0.075
1.954,0.29,-0.08
1.956,0.295,-0.08
1.958,0.3,-0.08
1.96,0.315,-0.08
1.962,0.325,-0.08
1.964,0.325,-0.08
1.966,0.31,-0.08
1.968,0.31,-0.08
1.97,0.295,-0.08
1.972,0.31,-0.085
1.974,0.315,-0.085
1.976,0.325,-0.085
1.978,0.325,-0.085
1.98,0.32,-0.085
1.982,0.32,-0.08
1.984,0.315,-0.08
1.986,0.32,-0.08
1.988,0.32,-0.08
1.99,0.315,-0.08
1.992,0.32,-0.08
1.994,0.32,-0.085
1.996,0.33,-0.085
1.998,0.33,-0.085
2.0,0.34,-0.085
2.002,0.335,-0.085
2.004,0.34,-0.08
2.006,0.34,-0.08
2.008,0.335,-0.075
2.01,0.34,-0.075
2.012,0.335,-0.07
2.014,0.345,-0.07
2.016,0.345,-0.07
2.018,0.355,-0.07
2.02,0.36,-0.065
2.022,0.36,-0.065
2.024,0.36,-0.06
2.026,0.36,-0.06
2.028,0.36,-0.055
2.03,0.355,-0.05
2.032,0.37,-0.05
2.034,0.37,-0.045
2.036,0.37,-0.045
2.038,0.375,-0.045
2.04,0.4,-0.045
2.042,0.395,-0.045
2.044,0.395,-0.045
2.046,0.395,-0.04
2.048,0.405,-0.04
2.05,0.395,-0.035
2.052,0.4,-0.03
2.054,0.405,-0.03
2.056,0.41,-0.025
2.058,0.415,-0.025
2.06,0.415,-0.025
2.062,0.42,-0.025
2.064,0.43,-0.025
2.066,0.44,-0.02
2.068,0.45,-0.02
2.07,0.46,-0.01
2.072,0.46,-0.005
2.074,0.47,0.005
2.076,0.48,0.02
2.078,0.485,0.03
2.08,0.495,0.04
2.082,0.5,0.05
2.084,0.5,0.06
2.086,0.51,0.065
2.088,0.525,0.07
2.09,0.53,0.075
2.092,0.535,0.08
2.094,0.53,0.085
2.096,0.545,0.09
2.098,0.555,0.095
2.1,0.565,0.095
2.102,0.565,0.1
2.104,0.565,0.1
2.106,0.58,0.105
2.108,0.56,0.105
2.11,0.56,0.105
2.112,0.56,0.105
2.114,0.565,0.1
2.116,0.55,0.1
2.118,0.57,0.1
2.12,0.575,0.095
2.122,0.57,0.095
2.124,0.565,0.095
2.126,0.565,0.095
2.128,0.565,0.095
2.13,0.56,0.095
2.132,0.545,0.1
2.134,0.54,0.1
2.136,0.54,0.1
2.138,0.54,0.095
2.14,0.54,0.09
2.142,0.53,0.085
2.144,0.525,0.075
2.146,0.515,0.065
2.148,0.505,0.055
2.15,0.495,0.045
2.152,0.48,0.035
2.154,0.475,0.03
2.156,0.475,0.025
2.158,0.475,0.02
2.16,0.475,0.015
2.162,0.47,0.01
2.164,0.46,0.005
2.166,0.445,-0.005
2.168,0.43,-0.015
2.17,0.435,-0.02
2.172,0.435,-0.03
2.174,0.445,-0.035
2.176,0.45,-0.04
2.178,0.435,-0.04
2.18,0.445,-0.04
2.182,0.43,-0.04
2.184,0.435,-0.04
2.186,0.435,-0.04
2.188,0.43,-0.04
2.19,0.415,-0.045
2.192,0.415,-0.05
2.194,0.415,-0.055
2.196,0.415,-0.055
2.198,0.43,-0.06
2.2,0.455,-0.06
2.202,0.45,-0.055
2.204,0.44,-0.05
2.206,0.44,-0.045
2.208,0.455,-0.04
2.21,0.455,-0.035
2.212,0.455,-0.03
2.214,0.445,-0.03
2.216,0.45,-0.03
2.218,0.45,-0.035
2.22,0.43,-0.045
2.222,0.435,-0.05
2.224,0.425,-0.06
2.226,0.44,-0.07
2.228,0.43,-0.075
2.23,0.435,-0.08
2.232,0.435,-0.08
2.234,0.435,-0.075
2.236,0.445,-0.075
2.238,0.44,-0.07
2.24,0.46,-0.065
2.242,0.445,-0.06
2.244,0.45,-0.055
2.246,0.445,-0.05
2.248,0.46,-0.045
2.25,0.445,-0.045
2.252,0.44,-0.04
2.254,0.46,-0.04
2.256,0.46,-0.04
2.258,0.45,-0.045
2.26,0.455,-0.045
2.262,0.445,-0.05
2.264,0.45,-0.05
2.266,0.45,-0.055
2.268,0.455,-0.06
2.27,0.445,-0.065
2.272,0.445,-0.07
2.274,0.435,-0.07
2.276,0.435,-0.07
2.278,0.435,-0.07
2.28,0.435,-0.07
2.282,0.445,-0.065
2.284,0.445,-0.065
2.286,0.44,-0.06
2.288,0.445,-0.06
2.29,0.455,-0.06
2.292,0.455,-0.055
2.294,0.465,-0.055
2.296,0.47,-0.05
2.298,0.47,-0.05
2.3,0.485,-0.045
2.302,0.475,-0.045
2.304,0.47,-0.04
2.306,0.465,-0.04
2.308,0.455,-0.035
2.31,0.46,-0.035
2.312,0.455,-0.04
2.314,0.46,-0.04
2.316,0.475,-0.045
2.318,0.475,-0.045
2.32,0.475,-0.045
2.322,0.465,-0.045
2.324,0.475,-0.04
2.326,0.465,-0.04
2.328,0.48,-0.035
2.33,0.48,-0.035
2.332,0.475,-0.03
2.334,0.48,-0.03
2.336,0.485,-0.03
2.338,0.48,-0.035
2.34,0.475,-0.035
2.342,0.485,-0.035
2.344,0.495,-0.04
2.346,0.48,-0.04
2.348,0.48,-0.04
2.35,0.48,-0.04
2.352,0.48,-0.04
2.354,0.485,-0.04
2.356,0.48,-0.04
2.358,0.485,-0.04
2.36,0.48,-0.04
2.362,0.48,-0.04
2.364,0.485,-0.04
2.366,0.48,-0.04
2.368,0.48,-0.04
2.37,0.47,-0.04
2.372,0.465,-0.04
2.374,0.475,-0.04
2.376,0.485,-0.045
2.378,0.495,-0.045
2.38,0.49,-0.05
2.382,0.49,-0.055
2.384,0.495,-0.055
2.386,0.505,-0.06
2.388,0.5,-0.06
2.39,0.49,-0.06
2.392,0.48,-0.06
2.394,0.48,-0.06
2.396,0.49,-0.055
2.398,0.48,-0.05
2.4,0.48,-0.045
2.402,0.485,-0.04
2.404,0.49,-0.04
2.406,0.48,-0.04
2.408,0.475,-0.04
2.41,0.475,-0.045
2.412,0.47,-0.045
2.414,0.495,-0.05
2.416,0.495,-0.055
2.418,0.48,-0.055
2.42,0.475,-0.06
2.422,0.47,-0.06
2.424,0.47,-0.06
2.426,0.475,-0.065
2.428,0.49,-0.065
2.43,0.49,-0.06
2.432,0.49,-0.06
2.434,0.505,-0.055
2.436,0.495,-0.055
2.438,0.48,-0.05
2.44,0.485,-0.05
2.442,0.495,-0.045
2.444,0.49,-0.045
2.446,0.485,-0.05
2.448,0.485,-0.05
2.45,0.475,-0.055
2.452,0.475,-0.055
2.454,0.48,-0.055
2.456,0.485,-0.06
2.458,0.485,-0.06
2.46,0.49,-0.06
2.462,0.5,-0.06
2.464,0.505,-0.055
2.466,0.49,-0.055
2.468,0.505,-0.055
2.47,0.505,-0.05
2.472,0.5,-0.05
2.474,0.5,-0.05
2.476,0.5,-0.055
2.478,0.515,-0.055
2.48,0.515,-0.055
2.482,0.515,-0.05
2.484,0.525,-0.045
2.486,0.52,-0.04
2.488,0.525,-0.035
2.49,0.52,-0.03
2.492,0.52,-0.02
2.494,0.515,-0.01
2.496,0.54,-0.005
2.498,0.555,0.0
2.5,0.55,0.0
2.502,0.555,0.005
2.504,0.56,0.005
2.506,0.57,0.005
2.508,0.57,0.005
2.51,0.565,0.005
2.512,0.555,0.005
2.514,0.555,0.01
2.516,0.56,0.015
2.518,0.56,0.015
2.52,0.575,0.02
2.522,0.575,0.02
2.524,0.57,0.02
2.526,0.555,0.02
2.528,0.55,0.015
2.53,0.53,0.005
2.532,0.515,0.0
2.534,0.51,-0.005
2.536,0.51,-0.01
2.538,0.5,-0.015
2.54,0.505,-0.02
2.542,0.505,-0.02
2.544,0.515,-0.02
2.546,0.51,-0.025
2.548,0.51,-0.025
2.55,0.5,-0.025
2.552,0.51,-0.03
2.554,0.505,-0.03
2.556,0.51,-0.03
2.558,0.515,-0.035
2.56,0.515,-0.035
2.562,0.51,-0.035
2.564,0.505,-0.035
2.566,0.5,-0.035
2.568,0.49,-0.035
2.57,0.495,-0.04
2.572,0.49,-0.045
2.574,0.5,-0.045
2.576,0.505,-0.05
2.578,0.495,-0.055
2.58,0.485,-0.055
2.582,0.48,-0.055
2.584,0.475,-0.05
2.586,0.47,-0.045
2.588,0.475,-0.04
2.59,0.48,-0.04
2.592,0.48,-0.04
2.594,0.49,-0.04
2.596,0.49,-0.045
2.598,0.485,-0.05
2.6,0.475,-0.06
2.602,0.485,-0.065
2.604,0.48,-0.07
2.606,0.48,-0.07
2.608,0.465,-0.075
2.61,0.46,-0.08
2.612,0.435,-0.095
2.614,0.395,-0.115
2.616,0.385,-0.145
2.618,0.35,-0.175
2.62,0.315,-0.215
2.622,0.27,-0.245
2.624,0.26,-0.26
2.626,0.28,-0.255
2.628,0.315,-0.22
2.63,0.37,-0.145
2.632,0.5,-0.04
2.634,0.67,0.1
2.636,0.84,0.265
2.638,1.025,0.445
2.64,1.195,0.62
2.642,1.345,0.785
2.644,1.49,0.92
2.646,1.62,1.025
2.648,1.71,1.09
2.65,1.72,1.115
2.652,1.66,1.1
2.654,1.595,1.05
2.656,1.49,0.97
2.658,1.375,0.87
2.66,1.295,0.76
2.662,1.17,0.64
2.664,1.02,0.53
2.666,0.92,0.43
2.668,0.86,0.34
2.67,0.815,0.27
2.672,0.755,0.21
2.674,0.695,0.17
2.676,0.655,0.14
2.678,0.61,0.115
2.68,0.595,0.09
2.682,0.565,0.07
2.684,0.55,0.05
2.686,0.545,0.03
2.688,0.56,0.01
2.69,0.56,-0.005
2.692,0.54,-0.02
2.694,0.53,-0.03
2.696,0.52,-0.035
2.698,0.52,-0.035
2.7,0.505,-0.03
2.702,0.505,-0.03
2.704,0.495,-0.03
2.706,0.495,-0.03
2.708,0.485,-0.035
2.71,0.47,-0.04
2.712,0.475,-0.05
2.714,0.485,-0.055
2.716,0.49,-0.06
2.718,0.485,-0.06
2.72,0.485,-0.065
2.722,0.49,-0.065
2.724,0.495,-0.06
2.726,0.49,-0.06
2.728,0.485,-0.055
2.73,0.485,-0.055
2.732,0.475,-0.05
2.734,0.485,-0.05
2.736,0.48,-0.05
2.738,0.48,-0.05
2.74,0.485,-0.05
2.742,0.49,-0.05
2.744,0.485,-0.055
2.746,0.47,-0.055
2.748,0.475,-0.06
2.75,0.475,-0.065
2.752,0.48,-0.065
2.754,0.49,-0.07
2.756,0.505,-0.07
2.758,0.49,-0.065
2.76,0.495,-0.065
2.762,0.495,-0.06
2.764,0.495,-0.055
2.766,0.505,-0.05
2.768,0.49,-0.045
2.77,0.495,-0.04
2.772,0.49,-0.04
2.774,0.495,-0.045
2.776,0.48,-0.045
2.778,0.49,-0.05
2.78,0.485,-0.05
2.782,0.48,-0.05
2.784,0.49,-0.05
2.786,0.49,-0.045
2.788,0.495,-0.04
2.79,0.49,-0.035
2.792,0.49,-0.03
2.794,0.5,-0.03
2.796,0.505,-0.03
2.798,0.515,-0.03
2.8,0.505,-0.03
2.802,0.52,-0.035
2.804,0.515,-0.035
2.806,0.51,-0.04
2.808,0.51,-0.035
2.81,0.51,-0.035
2.812,0.5,-0.03
2.814,0.52,-0.02
2.816,0.51,-0.015
2.818,0.53,-0.01
2.82,0.52,-0.005
2.822,0.51,-0.005
2.824,0.52,-0.005
2.826,0.515,-0.005
2.828,0.54,-0.005
2.83,0.535,0.0
2.832,0.535,0.0
2.834,0.54,0.005
2.836,0.575,0.015
2.838,0.565,0.025
2.84,0.57,0.035
2.842,0.555,0.045
2.844,0.575,0.05
2.846,0.58,0.055
2.848,0.58,0.06
2.85,0.585,0.06
2.852,0.6,0.06
2.854,0.61,0.06
2.856,0.615,0.06
2.858,0.62,0.065
2.86,0.625,0.065
2.862,0.64,0.075
2.864,0.63,0.08
2.866,0.625,0.085
2.868,0.63,0.095
2.87,0.65,0.1
2.872,0.65,0.11
2.874,0.66,0.115
2.876,0.655,0.12
2.878,0.67,0.125
2.88,0.665,0.13
2.882,0.66,0.135
2.884,0.665,0.135
2.886,0.67,0.135
2.888,0.68,0.14
2.89,0.685,0.14
2.892,0.685,0.14
2.894,0.69,0.145
2.896,0.67,0.145
2.898,0.675,0.15
2.9,0.68,0.155
2.902,0.67,0.155
2.904,0.665,0.16
2.906,0.65,0.155
2.908,0.645,0.155
2.91,0.65,0.15
2.912,0.64,0.14
2.914,0.635,0.135
2.916,0.63,0.125
2.918,0.63,0.115
2.92,0.625,0.11
2.922,0.625,0.105
2.924,0.605,0.1
2.926,0.585,0.1
2.928,0.575,0.095
2.93,0.58,0.085
2.932,0.58,0.08
2.934,0.565,0.07
2.936,0.575,0.06
2.938,0.555,0.05
2.94,0.555,0.04
2.942,0.53,0.03
2.944,0.52,0.025
2.946,0.515,0.02
2.948,0.495,0.015
2.95,0.5,0.015
2.952,0.505,0.01
2.954,0.5,0.005
2.956,0.5,-0.005
2.958,0.495,-0.01
2.96,0.495,-0.02
2.962,0.48,-0.025
2.964,0.48,-0.03
2.966,0.48,-0.03
2.968,0.48,-0.03
2.97,0.485,-0.03
2.972,0.47,-0.03
2.974,0.485,-0.03
2.976,0.48,-0.03
2.978,0.485,-0.03
2.98,0.475,-0.03
2.982,0.48,-0.03
2.984,0.475,-0.035
2.986,0.465,-0.035
2.988,0.475,-0.035
2.99,0.485,-0.03
2.992,0.49,-0.03
2.994,0.485,-0.025
2.996,0.48,-0.02
2.998,0.475,-0.02
3.0,0.485,-0.015
3.002,0.485,-0.015
3.004,0.48,-0.015
3.006,0.5,-0.02
3.008,0.48,-0.02
3.01,0.485,-0.02
3.012,0.485,-0.02
3.014,0.465,-0.02
3.016,0.485,-0.02
3.018,0.48,-0.02
3.02,0.48,-0.02
3.022,0.485,-0.02
3.024,0.47,-0.025
3.026,0.47,-0.025
3.028,0.465,-0.03
3.03,0.465,-0.03
3.032,0.47,-0.035
3.034,0.465,-0.035
3.036,0.465,-0.035
3.038,0.455,-0.035
3.04,0.465,-0.03
3.042,0.47,-0.03
3.044,0.465,-0.025
3.046,0.465,-0.02
3.048,0.47,-0.02
3.05,0.49,-0.015
3.052,0.485,-0.015
3.054,0.475,-0.015
3.056,0.475,-0.015
3.058,0.47,-0.015
3.06,0.48,-0.02
3.062,0.475,-0.02
3.064,0.465,-0.02
3.066,0.465,-0.02
3.068,0.465,-0.02
3.07,0.455,-0.02
3.072,0.45,-0.02
3.074,0.455,-0.025
3.076,0.46,-0.03
3.078,0.48,-0.03
3.08,0.46,-0.035
3.082,0.47,-0.035
3.084,0.48,-0.03
3.086,0.47,-0.03
3.088,0.475,-0.02
3.09,0.48,-0.015
3.092,0.47,-0.01
3.094,0.47,-0.005
3.096,0.465,-0.005
3.098,0.465,-0.005
3.1,0.475,-0.005
3.102,0.465,-0.015
3.104,0.46,-0.02
3.106,0.465,-0.025
3.108,0.455,-0.03
3.11,0.46,-0.035
3.112,0.465,-0.04
3.114,0.47,-0.035
3.116,0.455,-0.035
3.118,0.46,-0.03
3.12,0.455,-0.03
3.122,0.46,-0.025
3.124,0.455,-0.02
3.126,0.47,-0.015
3.128,0.465,-0.01
3.13,0.47,-0.005
3.132,0.47,0.0
3.134,0.465,0.0
3.136,0.46,0.005
3.138,0.465,0.005
3.14,0.47,0.005
3.142,0.47,0.005
3.144,0.47,0.005
3.146,0.475,0.0
3.148,0.475,0.0
3.15,0.46,-0.005
3.152,0.47,-0.005
3.154,0.46,-0.005
3.156,0.465,-0.01
3.158,0.48,-0.01
3.16,0.465,-0.01
3.162,0.47,-0.01
3.164,0.46,-0.01
3.166,0.465,-0.01
3.168,0.465,-0.005
3.17,0.46,-0.005
3.172,0.465,-0.005
3.174,0.465,0.0
3.176,0.465,0.0
3.178,0.46,0.0
3.18,0.46,0.0
3.182,0.465,0.0
3.184,0.46,0.0
3.186,0.455,0.0
3.188,0.45,0.0
3.19,0.455,0.0
3.192,0.455,0.0
3.194,0.455,0.0
3.196,0.445,0.0
3.198,0.455,0.005
3.2,0.46,0.005
3.202,0.45,0.005
3.204,0.44,0.005
3.206,0.44,0.005
3.208,0.445,0.0
3.21,0.455,0.0
3.212,0.455,-0.005
3.214,0.445,-0.01
3.216,0.445,-0.01
3.218,0.455,-0.015
3.22,0.435,-0.015
3.222,0.44,-0.02
3.224,0.435,-0.02
3.226,0.445,-0.02
3.228,0.44,-0.02
3.23,0.455,-0.015
3.232,0.445,-0.01
3.234,0.45,-0.01
3.236,0.45,-0.005
3.238,0.445,0.0
3.24,0.455,0.0
3.242,0.44,0.0
3.244,0.45,0.0
3.246,0.435,0.0
3.248,0.425,0.0
3.25,0.43,-0.005
3.252,0.445,-0.01
3.254,0.45,-0.01
3.256,0.455,-0.01
3.258,0.445,-0.01
3.26,0.455,-0.005
3.262,0.445,0.0
3.264,0.45,0.005
3.266,0.47,0.01
3.268,0.46,0.01
3.27,0.46,0.015
3.272,0.44,0.015
3.274,0.445,0.015
3.276,0.455,0.02
3.278,0.48,0.02
3.28,0.5,0.025
3.282,0.485,0.03
3.284,0.495,0.04
3.286,0.49,0.045
3.288,0.505,0.055
3.29,0.505,0.06
3.292,0.505,0.06
3.294,0.485,0.06
3.296,0.465,0.055
3.298,0.48,0.05
3.3,0.485,0.04
3.302,0.46,0.035
3.304,0.47,0.025
3.306,0.45,0.02
3.308,0.455,0.02
3.31,0.435,0.015
3.312,0.42,0.015
3.314,0.43,0.01
3.316,0.41,0.01
3.318,0.405,0.005
3.32,0.405,0.0
3.322,0.405,-0.005
3.324,0.385,-0.01
3.326,0.375,-0.02
3.328,0.38,-0.025
3.33,0.38,-0.025
3.332,0.39,-0.03
3.334,0.4,-0.03
3.336,0.395,-0.03
3.338,0.375,-0.03
3.34,0.36,-0.03
3.342,0.36,-0.03
3.344,0.36,-0.03
3.346,0.37,-0.03
3.348,0.375,-0.035
3.35,0.36,-0.035
3.352,0.36,-0.035
3.354,0.36,-0.035
3.356,0.355,-0.04
3.358,0.355,-0.035
3.36,0.345,-0.035
3.362,0.35,-0.035
3.364,0.35,-0.035
3.366,0.36,-0.035
3.368,0.35,-0.04
3.37,0.355,-0.045
3.372,0.345,-0.05
3.374,0.355,-0.055
3.376,0.34,-0.06
3.378,0.34,-0.065
3.38,0.345,-0.065
3.382,0.335,-0.065
3.384,0.345,-0.065
3.386,0.325,-0.065
3.388,0.315,-0.07
3.39,0.305,-0.075
3.392,0.285,-0.095
3.394,0.25,-0.125
3.396,0.22,-0.16
3.398,0.18,-0.2
3.4,0.13,-0.24
3.402,0.1,-0.27
3.404,0.085,-0.28
3.406,0.11,-0.27
3.408,0.165,-0.225
3.41,0.245,-0.145
3.412,0.365,-0.035
3.414,0.525,0.105
3.416,0.665,0.26
3.418,0.825,0.43
3.42,1.015,0.6
3.422,1.165,0.755
3.424,1.315,0.885
3.426,1.445,0.985
3.428,1.535,1.045
3.43,1.505,1.06
3.432,1.415,1.035
3.434,1.33,0.975
3.436,1.245,0.89
3.438,1.14,0.78
3.44,1.05,0.66
3.442,0.885,0.54
3.444,0.77,0.425
3.446,0.665,0.33
3.448,0.605,0.25
3.45,0.56,0.19
3.452,0.525,0.145
3.454,0.48,0.115
3.456,0.465,0.09
3.458,0.425,0.075
3.46,0.395,0.055
3.462,0.375,0.04
3.464,0.375,0.02
3.466,0.37,0.005
3.468,0.355,-0.01
3.47,0.38,-0.025
3.472,0.345,-0.035
3.474,0.325,-0.04
3.476,0.325,-0.04
3.478,0.32,-0.04
3.48,0.305,-0.045
3.482,0.31,-0.045
3.484,0.305,-0.05
3.486,0.305,-0.055
3.488,0.305,-0.06
3.49,0.29,-0.065
3.492,0.29,-0.07
3.494,0.285,-0.075
3.496,0.285,-0.075
3.498,0.285,-0.075
3.5,0.285,-0.075
3.502,0.28,-0.075
3.504,0.265,-0.08
3.506,0.275,-0.08
3.508,0.285,-0.085
3.51,0.275,-0.09
3.512,0.285,-0.095
3.514,0.28,-0.095
3.516,0.275,-0.095
3.518,0.28,-0.095
3.52,0.28,-0.09
3.522,0.275,-0.085
3.524,0.27,-0.085
3.526,0.28,-0.08
3.528,0.275,-0.08
3.53,0.265,-0.08
3.532,0.265,-0.08
3.534,0.28,-0.085
3.536,0.265,-0.085
3.538,0.28,-0.085
3.54,0.265,-0.085
3.542,0.285,-0.085
3.544,0.265,-0.08
3.546,0.275,-0.08
3.548,0.28,-0.075
3.55,0.265,-0.07
3.552,0.26,-0.07
3.554,0.255,-0.07
3.556,0.255,-0.07
3.558,0.265,-0.075
3.56,0.255,-0.08
3.562,0.25,-0.085
3.564,0.235,-0.085
3.566,0.25,-0.085
3.568,0.255,-0.085
3.57,0.27,-0.08
3.572,0.275,-0.075
3.574,0.27,-0.07
3.576,0.255,-0.065
3.578,0.25,-0.065
3.58,0.25,-0.065
3.582,0.245,-0.07
3.584,0.24,-0.075
3.586,0.235,-0.08
3.588,0.265,-0.085
3.59,0.24,-0.09
3.592,0.25,-0.095
3.594,0.25,-0.09
3.596,0.27,-0.09
3.598,0.235,-0.085
3.6,0.25,-0.08
3.602,0.265,-0.075
3.604,0.27,-0.07
3.606,0.255,-0.065
3.608,0.265,-0.065
3.61,0.27,-0.065
3.612,0.265,-0.065
3.614,0.28,-0.06
3.616,0.265,-0.06
3.618,0.285,-0.05
3.62,0.285,-0.045
3.622,0.275,-0.04
3.624,0.295,-0.035
3.626,0.28,-0.03
3.628,0.285,-0.03
3.63,0.29,-0.03
3.632,0.3,-0.025
3.634,0.31,-0.025
3.636,0.325,-0.025
3.638,0.305,-0.015
3.64,0.325,-0.01
3.642,0.33,0.0
3.644,0.335,0.01
3.646,0.325,0.02
3.648,0.33,0.03
3.65,0.365,0.035
3.652,0.375,0.04
3.654,0.355,0.04
3.656,0.355,0.035
3.658,0.345,0.035
3.66,0.35,0.035
3.662,0.36,0.04
3.664,0.36,0.045
3.666,0.355,0.05
3.668,0.365,0.06
3.67,0.38,0.065
3.672,0.375,0.07
3.674,0.365,0.075
3.676,0.38,0.075
3.678,0.37,0.08
3.68,0.375,0.075
3.682,0.365,0.075
3.684,0.35,0.075
3.686,0.35,0.07
3.688,0.34,0.065
3.69,0.33,0.06
3.692,0.33,0.05
3.694,0.31,0.04
3.696,0.295,0.025
3.698,0.285,0.01
3.7,0.3,0.0
3.702,0.28,-0.015
3.704,0.265,-0.02
3.706,0.28,-0.025
3.708,0.28,-0.03
3.71,0.265,-0.03
3.712,0.245,-0.03
3.714,0.24,-0.03
3.716,0.235,-0.03
3.718,0.215,-0.035
3.72,0.21,-0.045
3.722,0.225,-0.055
3.724,0.215,-0.06
3.726,0.225,-0.07
3.728,0.21,-0.08
3.73,0.2,-0.085
3.732,0.18,-0.09
3.734,0.18,-0.09
3.736,0.19,-0.095
3.738,0.185,-0.095
3.74,0.165,-0.095
3.742,0.17,-0.1
3.744,0.175,-0.105
3.746,0.175,-0.105
3.748,0.165,-0.11
3.75,0.16,-0.11
3.752,0.165,-0.115
3.754,0.155,-0.11
3.756,0.16,-0.11
3.758,0.16,-0.105
3.76,0.17,-0.1
3.762,0.17,-0.095
3.764,0.165,-0.09
3.766,0.145,-0.09
3.768,0.155,-0.09
3.77,0.165,-0.09
3.772,0.16,-0.09
3.774,0.155,-0.095
3.776,0.15,-0.1
3.778,0.14,-0.1
3.78,0.135,-0.105
3.782,0.14,-0.11
3.784,0.155,-0.115
3.786,0.155,-0.115
3.788,0.15,-0.115
3.79,0.155,-0.115
3.792,0.16,-0.11
3.794,0.16,-0.11
3.796,0.145,-0.105
3.798,0.14,-0.105
3.8,0.165,-0.105
3.802,0.175,-0.1
3.804,0.14,-0.1
3.806,0.13,-0.1
3.808,0.14,-0.105
3.81,0.15,-0.1
3.812,0.145,-0.1
3.814,0.145,-0.1
3.816,0.15,-0.095
3.818,0.145,-0.095
3.82,0.135,-0.09
3.822,0.13,-0.09
3.824,0.13,-0.09
3.826,0.13,-0.09
3.828,0.135,-0.095
3.83,0.125,-0.095
3.832,0.12,-0.1
3.834,0.13,-0.105
3.836,0.13,-0.11
3.838,0.14,-0.11
3.84,0.14,-0.105
3.842,0.135,-0.1
3.844,0.16,-0.095
3.846,0.15,-0.09
3.848,0.155,-0.08
3.85,0.16,-0.08
3.852,0.165,-0.075
3.854,0.155,-0.075
3.856,0.14,-0.08
3.858,0.135,-0.08
3.86,0.13,-0.085
3.862,0.13,-0.085
3.864,0.145,-0.085
3.866,0.15,-0.085
3.868,0.145,-0.085
3.87,0.145,-0.08
3.872,0.135,-0.08
3.874,0.135,-0.08
3.876,0.125,-0.08
3.878,0.135,-0.08
3.88,0.125,-0.085
3.882,0.135,-0.085
3.884,0.13,-0.085
3.886,0.15,-0.085
3.888,0.145,-0.085
3.89,0.14,-0.08
3.892,0.135,-0.08
3.894,0.13,-0.075
3.896,0.13,-0.075
3.898,0.125,-0.075
3.9,0.12,-0.08
3.902,0.115,-0.085
3.904,0.125,-0.09
3.906,0.12,-0.09
3.908,0.13,-0.095
3.91,0.115,-0.095
3.912,0.11,-0.095
3.914,0.125,-0.095
3.916,0.135,-0.09
3.918,0.12,-0.09
3.92,0.115,-0.085
3.922,0.11,-0.085
3.924,0.11,-0.085
3.926,0.095,-0.085
3.928,0.105,-0.085
3.93,0.115,-0.085
3.932,0.11,-0.085
3.934,0.11,-0.09
3.936,0.11,-0.09
3.938,0.105,-0.09
3.94,0.1,-0.09
3.942,0.095,-0.09
3.944,0.1,-0.09
3.946,0.11,-0.09
3.948,0.1,-0.09
3.95,0.095,-0.09
3.952,0.1,-0.09
3.954,0.11,-0.085
3.956,0.115,-0.08
3.958,0.115,-0.08
3.96,0.105,-0.075
3.962,0.115,-0.07
3.964,0.12,-0.065
3.966,0.135,-0.065
3.968,0.125,-0.06
3.97,0.105,-0.06
3.972,0.09,-0.06
3.974,0.105,-0.065
3.976,0.12,-0.065
3.978,0.115,-0.065
3.98,0.095,-0.07
3.982,0.08,-0.07
3.984,0.1,-0.07
3.986,0.115,-0.07
3.988,0.115,-0.07
3.99,0.095,-0.075
3.992,0.09,-0.075
3.994,0.085,-0.075
3.996,0.09,-0.075
3.998,0.09,-0.075
4.0,0.095,-0.075
4.002,0.08,-0.08
4.004,0.09,-0.08
4.006,0.1,-0.085
4.008,0.1,-0.085
4.01,0.1,-0.085
4.012,0.09,-0.085
4.014,0.09,-0.085
4.016,0.065,-0.085
4.018,0.07,-0.085
4.02,0.075,-0.085
4.022,0.09,-0.08
4.024,0.1,-0.08
4.026,0.1,-0.075
4.028,0.115,-0.07
4.03,0.105,-0.065
4.032,0.105,-0.06
4.034,0.09,-0.055
4.036,0.095,-0.055
4.038,0.1,-0.055
4.04,0.09,-0.05
4.042,0.095,-0.05
4.044,0.1,-0.05
4.046,0.115,-0.05
4.048,0.125,-0.045
4.05,0.13,-0.04
4.052,0.125,-0.035
4.054,0.125,-0.03
4.056,0.135,-0.025
4.058,0.135,-0.02
4.06,0.12,-0.02
4.062,0.115,-0.02
4.064,0.12,-0.02
4.066,0.145,-0.02
4.068,0.13,-0.025
4.07,0.13,-0.025
4.072,0.12,-0.025
4.074,0.11,-0.03
4.076,0.11,-0.03
4.078,0.085,-0.035
4.08,0.07,-0.04
4.082,0.075,-0.05
4.084,0.09,-0.06
4.086,0.085,-0.065
4.088,0.05,-0.075
4.09,0.05,-0.08
4.092,0.045,-0.085
4.094,0.04,-0.09
4.096,0.045,-0.09
4.098,0.04,-0.085
4.1,0.05,-0.085
4.102,0.045,-0.08
4.104,0.03,-0.075
4.106,0.035,-0.075
4.108,0.04,-0.075
4.11,0.035,-0.075
4.112,0.025,-0.08
4.114,0.04,-0.08
4.116,0.03,-0.085
4.118,0.045,-0.09
4.12,0.035,-0.09
4.122,0.025,-0.095
4.124,0.025,-0.095
4.126,0.03,-0.1
4.128,0.015,-0.1
4.13,0.015,-0.1
4.132,0.025,-0.1
4.134,0.025,-0.1
4.136,0.01,-0.095
4.138,0.01,-0.095
4.14,0.02,-0.09
4.142,0.025,-0.09
4.144,0.025,-0.09
4.146,0.025,-0.09
4.148,0.03,-0.095
4.15,0.02,-0.095
4.152,0.015,-0.095
4.154,0.01,-0.095
4.156,0.01,-0.095
4.158,0.01,-0.095
4.16,-0.015,-0.1
4.162,-0.03,-0.11
4.164,-0.06,-0.135
4.166,-0.08,-0.165
4.168,-0.12,-0.205
4.17,-0.165,-0.245
4.172,-0.19,-0.28
4.174,-0.22,-0.3
4.176,-0.205,-0.3
4.178,-0.19,-0.275
4.18,-0.13,-0.21
4.182,-0.03,-0.11
4.184,0.135,0.015
4.186,0.29,0.165
4.188,0.455,0.33
4.19,0.61,0.5
4.192,0.765,0.655
4.194,0.915,0.79
4.196,1.05,0.9
4.198,1.155,0.97
4.2,1.155,1.0
4.202,1.075,0.995
4.204,1.01,0.955
4.206,0.95,0.885
4.208,0.86,0.79
4.21,0.785,0.68
4.212,0.665,0.57
4.214,0.5,0.46
4.216,0.395,0.365
4.218,0.325,0.285
4.22,0.29,0.22
4.222,0.255,0.175
4.224,0.22,0.14
4.226,0.165,0.115
4.228,0.15,0.095
4.23,0.125,0.075
4.232,0.095,0.055
4.234,0.07,0.03
4.236,0.075,0.005
4.238,0.055,-0.02
4.24,0.05,-0.04
4.242,0.035,-0.055
4.244,0.025,-0.06
4.246,0.02,-0.065
4.248,0.025,-0.06
4.25,0.02,-0.055
4.252,0.01,-0.05
4.254,0.01,-0.05
4.256,0.015,-0.05
4.258,0.0,-0.055
4.26,-0.005,-0.06
4.262,-0.01,-0.065
4.264,0.01,-0.07
4.266,0.01,-0.07
4.268,0.005,-0.065
4.27,0.005,-0.065
4.272,0.01,-0.06
4.274,0.01,-0.055
4.276,0.015,-0.05
4.278,0.005,-0.05
4.28,0.005,-0.05
4.282,-0.005,-0.055
4.284,0.01,-0.055
4.286,0.005,-0.055
4.288,0.005,-0.055
4.29,0.005,-0.055
4.292,0.005,-0.055
4.294,0.005,-0.055
4.296,0.005,-0.06
4.298,0.01,-0.065
4.3,-0.005,-0.07
4.302,-0.005,-0.075
4.304,0.0,-0.075
4.306,0.01,-0.075
4.308,0.01,-0.075
4.31,0.005,-0.07
4.312,0.01,-0.065
4.314,0.02,-0.06
4.316,0.02,-0.06
4.318,0.005,-0.055
4.32,0.0,-0.055
4.322,0.005,-0.06
4.324,0.015,-0.06
4.326,0.005,-0.065
4.328,0.01,-0.065
4.33,0.02,-0.06
4.332,0.02,-0.06
4.334,0.02,-0.055
4.336,0.01,-0.045
4.338,0.025,-0.04
4.34,0.025,-0.035
4.342,0.04,-0.03
4.344,0.03,-0.025
4.346,0.02,-0.025
4.348,0.02,-0.02
4.35,0.02,-0.015
4.352,0.015,-0.015
4.354,0.015,-0.01
4.356,0.015,-0.01
4.358,0.02,-0.01
4.36,0.025,-0.01
4.362,0.025,-0.015
4.364,0.04,-0.02
4.366,0.04,-0.02
4.368,0.05,-0.025
4.37,0.035,-0.025
4.372,0.04,-0.02
4.374,0.05,-0.02
4.376,0.055,-0.015
4.378,0.065,-0.01
4.38,0.065,0.0
4.382,0.065,0.005
4.384,0.06,0.005
4.386,0.055,0.01
4.388,0.065,0.01
4.39,0.075,0.015
4.392,0.085,0.015
4.394,0.095,0.02
4.396,0.1,0.025
4.398,0.105,0.035
4.4,0.115,0.04
4.402,0.125,0.055
4.404,0.115,0.065
4.406,0.135,0.075
4.408,0.135,0.085
4.41,0.13,0.095
4.412,0.135,0.1
4.414,0.15,0.105
4.416,0.155,0.105
4.418,0.145,0.11
4.42,0.16,0.11
4.422,0.17,0.115
4.424,0.16,0.12
4.426,0.165,0.125
4.428,0.19,0.13
4.43,0.185,0.135
4.432,0.195,0.14
4.434,0.19,0.145
4.436,0.205,0.145
4.438,0.21,0.15
4.44,0.205,0.155
4.442,0.195,0.16
4.444,0.215,0.16
4.446,0.2,0.165
4.448,0.2,0.17
4.45,0.22,0.175
4.452,0.215,0.175
4.454,0.21,0.18
4.456,0.195,0.175
4.458,0.175,0.17
4.46,0.165,0.165
4.462,0.175,0.155
4.464,0.175,0.14
4.466,0.155,0.125
4.468,0.145,0.115
4.47,0.14,0.105
4.472,0.135,0.095
4.474,0.135,0.085
4.476,0.125,0.08
4.478,0.12,0.08
4.48,0.12,0.075
4.482,0.105,0.075
4.484,0.09,0.07
4.486,0.07,0.065
4.488,0.075,0.06
4.49,0.065,0.055
4.492,0.055,0.045
4.494,0.055,0.04
4.496,0.05,0.035
4.498,0.05,0.025
4.5,0.04,0.02
4.502,0.045,0.015
4.504,0.04,0.015
4.506,0.035,0.01
4.508,0.03,0.005
4.51,0.025,0.005
4.512,0.025,0.0
4.514,0.03,-0.005
4.516,0.02,-0.005
4.518,0.015,-0.005
4.52,0.02,-0.01
4.522,0.015,-0.01
4.524,0.025,-0.01
4.526,0.02,-0.01
4.528,0.035,-0.01
4.53,0.015,-0.01
4.532,0.02,-0.01
4.534,0.01,-0.01
4.536,0.0,-0.01
4.538,0.0,-0.015
4.54,0.005,-0.015
4.542,0.01,-0.015
4.544,0.01,-0.02
4.546,0.01,-0.02
4.548,0.01,-0.025
4.55,0.0,-0.025
4.552,0.0,-0.03
4.554,0.005,-0.03
4.556,0.005,-0.03
4.558,0.005,-0.03
4.56,0.025,-0.025
4.562,0.025,-0.025
4.564,0.02,-0.02
4.566,0.01,-0.02
4.568,0.015,-0.015
4.57,0.02,-0.015
4.572,0.01,-0.015
4.574,0.02,-0.015
4.576,0.01,-0.01
4.578,0.01,-0.01
4.58,0.005,-0.01
4.582,0.015,-0.01
4.584,0.015,-0.01
4.586,0.02,-0.01
4.588,0.01,-0.01
4.59,0.0,-0.015
4.592,0.01,-0.015
4.594,0.0,-0.015
4.596,0.01,-0.015
4.598,0.01,-0.015
4.6,0.015,-0.015
4.602,0.02,-0.015
4.604,0.02,-0.01
4.606,0.015,-0.01
4.608,0.015,-0.01
4.61,0.01,-0.01
4.612,0.01,-0.015
4.614,0.015,-0.015
4.616,0.015,-0.015
4.618,0.02,-0.015
4.62,0.01,-0.015
4.622,0.015,-0.015
4.624,0.015,-0.015
4.626,0.015,-0.01
4.628,0.025,-0.005
4.63,0.015,-0.005
4.632,0.02,-0.005
4.634,0.01,-0.005
4.636,0.005,-0.005
4.638,0.005,-0.005
4.64,0.01,-0.01
4.642,0.02,-0.01
4.644,0.015,-0.015
4.646,0.005,-0.015
4.648,0.015,-0.015
4.65,0.015,-0.015
4.652,0.015,-0.015
4.654,0.015,-0.015
4.656,0.015,-0.015
4.658,0.015,-0.015
4.66,0.01,-0.015
4.662,0.005,-0.015
4.664,0.0,-0.015
4.666,0.005,-0.015
4.668,0.005,-0.015
4.67,0.03,-0.01
4.672,0.025,-0.005
4.674,0.015,0.0
4.676,0.02,0.0
4.678,0.015,0.005
4.68,0.02,0.005
4.682,0.02,0.005
4.684,0.02,0.005
4.686,0.015,0.005
4.688,0.005,0.0
4.69,-0.01,-0.01
4.692,0.0,-0.015
4.694,-0.005,-0.02
4.696,0.02,-0.02
4.698,0.005,-0.025
4.7,0.005,-0.025
4.702,0.01,-0.025
4.704,0.01,-0.02
4.706,0.0,-0.02
4.708,0.01,-0.015
4.71,0.005,-0.015
4.712,0.01,-0.015
4.714,0.02,-0.015
4.716,0.005,-0.02
4.718,0.0,-0.025
4.72,-0.005,-0.03
4.722,0.0,-0.035
4.724,0.005,-0.035
4.726,0.005,-0.04
4.728,0.005,-0.035
4.73,0.0,-0.035
4.732,0.005,-0.03
4.734,0.0,-0.025
4.736,-0.015,-0.02
4.738,-0.01,-0.02
4.74,0.005,-0.015
4.742,0.0,-0.02
4.744,0.0,-0.02
4.746,-0.005,-0.025
4.748,-0.005,-0.03
4.75,0.005,-0.035
4.752,-0.005,-0.04
4.754,0.0,-0.04
4.756,0.0,-0.04
4.758,-0.005,-0.035
4.76,0.01,-0.03
4.762,0.0,-0.025
4.764,-0.005,-0.02
4.766,0.005,-0.015
4.768,0.005,-0.01
4.77,0.0,-0.01
4.772,0.005,-0.01
4.774,0.005,-0.015
4.776,0.005,-0.015
4.778,0.01,-0.02
4.78,0.02,-0.02
4.782,0.02,-0.025
4.784,0.01,-0.025
4.786,0.005,-0.02
4.788,0.01,-0.02
4.79,0.015,-0.02
4.792,0.01,-0.02
4.794,0.015,-0.02
4.796,0.02,-0.02
4.798,0.015,-0.02
4.8,0.015,-0.02
4.802,0.02,-0.015
4.804,0.045,-0.015
4.806,0.05,-0.005
4.808,0.05,0.0
4.81,0.06,0.01
4.812,0.065,0.015
4.814,0.075,0.02
4.816,0.075,0.03
4.818,0.085,0.03
4.82,0.065,0.035
4.822,0.06,0.035
4.824,0.065,0.035
4.826,0.055,0.04
4.828,0.06,0.04
4.83,0.065,0.04
4.832,0.065,0.035
4.834,0.06,0.035
4.836,0.055,0.03
4.838,0.055,0.025
4.84,0.025,0.02
4.842,0.015,0.01
4.844,0.01,0.005
4.846,0.005,0.0
4.848,0.005,-0.005
4.85,0.01,-0.005
4.852,0.005,-0.01
4.854,0.005,-0.01
4.856,0.0,-0.01
4.858,0.005,-0.015
4.86,0.005,-0.015
4.862,-0.005,-0.02
4.864,-0.01,-0.025
4.866,-0.025,-0.03
4.868,-0.005,-0.035
4.87,-0.01,-0.04
4.872,-0.01,-0.045
4.874,-0.005,-0.05
4.876,-0.01,-0.05
4.878,-0.025,-0.05
4.88,-0.025,-0.05
4.882,-0.03,-0.05
4.884,-0.04,-0.055
4.886,-0.035,-0.055
4.888,-0.03,-0.06
4.89,-0.045,-0.065
4.892,-0.04,-0.07
4.894,-0.035,-0.075
4.896,-0.025,-0.08
4.898,-0.03,-0.08
4.9,-0.025,-0.085
4.902,-0.025,-0.085
4.904,-0.03,-0.085
4.906,-0.03,-0.08
4.908,-0.02,-0.075
4.91,-0.01,-0.07
4.912,-0.02,-0.06
4.914,-0.015,-0.055
4.916,-0.025,-0.05
4.918,-0.045,-0.055
4.92,-0.06,-0.07
4.922,-0.09,-0.095
4.924,-0.12,-0.13
4.926,-0.155,-0.175
4.928,-0.19,-0.22
4.93,-0.225,-0.255
4.932,-0.25,-0.28
4.934,-0.24,-0.28
4.936,-0.215,-0.25
4.938,-0.17,-0.185
4.94,-0.065,-0.085
4.942,0.09,0.045
4.944,0.255,0.2
4.946,0.445,0.37
4.948,0.615,0.545
4.95,0.78,0.71
4.952,0.93,0.855
4.954,1.08,0.97
4.956,1.18,1.045
4.958,1.2,1.085
4.96,1.14,1.08
4.962,1.06,1.04
4.964,0.985,0.97
4.966,0.88,0.875
4.968,0.815,0.76
4.97,0.69,0.645
4.972,0.535,0.53
4.974,0.42,0.43
4.976,0.345,0.34
4.978,0.295,0.27
4.98,0.255,0.21
4.982,0.2,0.17
4.984,0.165,0.14
4.986,0.13,0.11
4.988,0.09,0.09
4.99,0.07,0.065
4.992,0.05,0.04
4.994,0.035,0.015
4.996,0.035,-0.005
4.998,0.03,-0.025
5.0,0.02,-0.04
5.002,0.01,-0.05
5.004,-0.005,-0.055
5.006,-0.005,-0.055
5.008,0.0,-0.055
5.01,-0.01,-0.05
5.012,-0.025,-0.055
5.014,-0.025,-0.055
5.016,-0.02,-0.06
5.018,-0.02,-0.07
5.02,-0.01,-0.075
5.022,-0.02,-0.08
5.024,-0.02,-0.085
5.026,-0.025,-0.085
5.028,-0.025,-0.085
5.03,-0.025,-0.08
5.032,-0.025,-0.08
5.034,-0.02,-0.08
5.036,-0.01,-0.075
5.038,-0.02,-0.075
5.04,-0.02,-0.075
5.042,-0.025,-0.08
5.044,-0.025,-0.08
5.046,-0.015,-0.08
5.048,0.0,-0.08
5.05,-0.01,-0.08
5.052,-0.02,-0.075
5.054,-0.025,-0.075
5.056,-0.02,-0.075
5.058,-0.01,-0.075
5.06,-0.01,-0.075
5.062,-0.01,-0.08
5.064,-0.02,-0.08
5.066,-0.025,-0.085
5.068,-0.02,-0.09
5.07,-0.01,-0.09
5.072,-0.005,-0.09
5.074,-0.015,-0.09
5.076,-0.015,-0.09
5.078,-0.025,-0.085
5.08,-0.02,-0.08
5.082,-0.025,-0.075
5.084,-0.035,-0.075
5.086,-0.01,-0.07
5.088,0.0,-0.065
5.09,-0.005,-0.065
5.092,-0.01,-0.065
5.094,-0.025,-0.07
5.096,-0.005,-0.07
5.098,0.005,-0.075
5.1,-0.01,-0.075
5.102,-0.015,-0.075
5.104,-0.02,-0.075
5.106,-0.005,-0.075
5.108,-0.005,-0.07
5.11,-0.01,-0.07
5.112,-0.01,-0.07
5.114,-0.005,-0.07
5.116,0.015,-0.07
5.118,0.01,-0.075
5.12,0.01,-0.075
5.122,0.015,-0.075
5.124,0.015,-0.075
5.126,0.015,-0.07
5.128,0.02,-0.065
5.13,0.02,-0.06
5.132,0.025,-0.055
5.134,0.035,-0.05
5.136,0.045,-0.04
5.138,0.04,-0.035
5.14,0.035,-0.03
5.142,0.04,-0.03
5.144,0.035,-0.025
5.146,0.04,-0.025
5.148,0.045,-0.02
5.15,0.05,-0.02
5.152,0.07,-0.015
5.154,0.07,-0.01
5.156,0.06,0.0
5.158,0.08,0.005
5.16,0.09,0.01
5.162,0.1,0.02
5.164,0.105,0.025
5.166,0.11,0.03
5.168,0.125,0.035
5.17,0.135,0.04
5.172,0.13,0.05
5.174,0.13,0.055
5.176,0.145,0.065
5.178,0.155,0.07
5.18,0.15,0.08
5.182,0.165,0.085
5.184,0.17,0.09
5.186,0.175,0.09
5.188,0.175,0.09
5.19,0.18,0.095
5.192,0.185,0.095
5.194,0.19,0.095
5.196,0.18,0.095
5.198,0.19,0.1
5.2,0.195,0.105
5.202,0.19,0.11
5.204,0.18,0.115
5.206,0.185,0.12
5.208,0.185,0.12
5.21,0.19,0.12
5.212,0.185,0.12
5.214,0.185,0.115
5.216,0.175,0.11
5.218,0.165,0.105
5.22,0.165,0.1
5.222,0.155,0.095
5.224,0.145,0.09
5.226,0.145,0.085
5.228,0.145,0.08
5.23,0.14,0.075
5.232,0.125,0.07
5.234,0.115,0.06
5.236,0.11,0.05
5.238,0.1,0.04
5.24,0.08,0.03
5.242,0.075,0.02
5.244,0.065,0.01
5.246,0.07,0.005
5.248,0.065,-0.005
5.25,0.05,-0.01
5.252,0.045,-0.015
5.254,0.04,-0.02
5.256,0.045,-0.025
5.258,0.05,-0.035
5.26,0.03,-0.04
5.262,0.02,-0.045
5.264,0.025,-0.05
5.266,0.02,-0.055
5.268,0.015,-0.06
5.27,0.015,-0.06
5.272,0.01,-0.06
5.274,0.01,-0.055
5.276,0.005,-0.055
5.278,0.01,-0.055
5.28,0.015,-0.055
5.282,0.015,-0.06
5.284,0.005,-0.06
5.286,0.0,-0.065
5.288,0.0,-0.07
5.29,0.005,-0.08
5.292,0.01,-0.085
5.294,0.0,-0.085
5.296,0.005,-0.09
5.298,-0.01,-0.09
5.3,-0.01,-0.09
5.302,-0.01,-0.09
5.304,-0.01,-0.09
5.306,0.005,-0.085
5.308,0.015,-0.08
5.31,0.015,-0.08
5.312,0.015,-0.075
5.314,0.02,-0.075
5.316,0.03,-0.07
5.318,0.01,-0.07
5.32,0.0,-0.07
5.322,0.01,-0.065
5.324,0.0,-0.07
5.326,0.005,-0.07
5.328,0.0,-0.075
5.33,0.01,-0.08
5.332,0.0,-0.08
5.334,-0.01,-0.085
5.336,-0.005,-0.09
5.338,0.005,-0.095
5.34,0.0,-0.095
5.342,0.005,-0.095
5.344,0.0,-0.095
5.346,0.0,-0.09
5.348,0.0,-0.09
5.35,-0.005,-0.085
5.352,0.005,-0.085
5.354,0.0,-0.085
5.356,0.0,-0.09
5.358,0.0,-0.09
5.36,-0.005,-0.095
5.362,-0.01,-0.1
5.364,-0.01,-0.1
5.366,0.0,-0.1
5.368,-0.01,-0.1
5.37,-0.005,-0.1
5.372,-0.005,-0.095
5.374,0.005,-0.09
5.376,0.0,-0.09
5.378,-0.005,-0.09
5.38,0.0,-0.09
5.382,-0.005,-0.09
5.384,-0.005,-0.095
5.386,-0.025,-0.095
5.388,-0.04,-0.095
5.39,-0.025,-0.095
5.392,-0.015,-0.095
5.394,-0.005,-0.095
5.396,-0.005,-0.095
5.398,0.0,-0.09
5.4,0.005,-0.09
5.402,0.0,-0.09
5.404,0.0,-0.085
5.406,0.005,-0.085
5.408,0.0,-0.085
5.41,0.005,-0.085
5.412,0.005,-0.08
5.414,0.0,-0.08
5.416,-0.01,-0.08
5.418,0.0,-0.08
5.42,0.015,-0.075
5.422,-0.005,-0.075
5.424,-0.005,-0.075
5.426,0.005,-0.075
5.428,0.005,-0.075
5.43,0.01,-0.075
5.432,0.005,-0.075
5.434,0.0,-0.075
5.436,-0.005,-0.075
5.438,-0.005,-0.075
5.44,0.0,-0.075
5.442,0.005,-0.07
5.444,0.005,-0.07
5.446,0.0,-0.07
5.448,0.01,-0.07
5.45,0.005,-0.07
5.452,-0.01,-0.07
5.454,-0.005,-0.07
5.456,0.005,-0.075
5.458,-0.005,-0.075
5.46,-0.01,-0.08
5.462,-0.005,-0.08
5.464,0.0,-0.08
5.466,-0.015,-0.08
5.468,-0.01,-0.08
5.47,0.0,-0.08
5.472,0.01,-0.08
5.474,0.005,-0.08
5.476,0.0,-0.085
5.478,0.005,-0.085
5.48,-0.01,-0.085
5.482,-0.01,-0.09
5.484,-0.005,-0.09
5.486,0.005,-0.09
5.488,0.005,-0.095
5.49,0.0,-0.09
5.492,0.0,-0.09
5.494,0.0,-0.09
5.496,-0.01,-0.085
5.498,-0.005,-0.085
5.5,-0.02,-0.085
5.502,-0.02,-0.085
5.504,-0.03,-0.09
5.506,-0.02,-0.095
5.508,-0.02,-0.095
5.51,-0.015,-0.1
5.512,-0.01,-0.105
5.514,-0.015,-0.105
5.516,-0.01,-0.105
5.518,-0.005,-0.105
5.52,0.0,-0.105
5.522,-0.005,-0.105
5.524,-0.01,-0.105
5.526,-0.01,-0.105
5.528,-0.015,-0.105
5.53,-0.01,-0.105
5.532,-0.015,-0.105
5.534,-0.005,-0.105
5.536,-0.01,-0.1
5.538,-0.01,-0.1
5.54,-0.005,-0.095
5.542,-0.015,-0.09
5.544,-0.005,-0.085
5.546,0.0,-0.08
5.548,-0.005,-0.075
5.55,-0.005,-0.07
5.552,-0.005,-0.065
5.554,0.015,-0.065
5.556,0.005,-0.06
5.558,0.005,-0.06
5.56,-0.005,-0.06
5.562,0.005,-0.06
5.564,0.0,-0.055
5.566,0.005,-0.055
5.568,0.01,-0.055
5.57,0.01,-0.055
5.572,0.015,-0.05
5.574,0.01,-0.05
5.576,0.02,-0.05
5.578,0.025,-0.05
5.58,0.02,-0.05
5.582,0.015,-0.05
5.584,0.02,-0.05
5.586,0.035,-0.045
5.588,0.055,-0.04
5.59,0.06,-0.04
5.592,0.045,-0.03
5.594,0.05,-0.025
5.596,0.06,-0.02
5.598,0.065,-0.015
5.6,0.075,-0.01
5.602,0.075,-0.01
5.604,0.065,-0.005
5.606,0.06,-0.005
5.608,0.07,-0.005
5.61,0.075,-0.01
5.612,0.07,-0.01
5.614,0.065,-0.01
5.616,0.05,-0.01
5.618,0.04,-0.015
5.62,0.025,-0.015
5.622,0.015,-0.02
5.624,0.01,-0.025
5.626,0.0,-0.035
5.628,0.0,-0.045
5.63,-0.005,-0.05
5.632,-0.005,-0.06
5.634,-0.025,-0.07
5.636,-0.015,-0.075
5.638,-0.015,-0.08
5.64,0.0,-0.08
5.642,-0.005,-0.08
5.644,0.005,-0.075
5.646,0.005,-0.07
5.648,-0.005,-0.07
5.65,-0.015,-0.065
5.652,-0.005,-0.065
5.654,-0.01,-0.065
5.656,-0.015,-0.065
5.658,-0.015,-0.07
5.66,-0.02,-0.07
5.662,-0.03,-0.075
5.664,-0.04,-0.08
5.666,-0.035,-0.08
5.668,-0.035,-0.085
5.67,-0.04,-0.085
5.672,-0.035,-0.085
5.674,-0.025,-0.085
5.676,-0.03,-0.08
5.678,-0.03,-0.08
5.68,-0.04,-0.075
5.682,-0.035,-0.075
5.684,-0.03,-0.075
5.686,-0.005,-0.075
5.688,-0.015,-0.075
5.69,-0.02,-0.075
5.692,-0.025,-0.07
5.694,-0.025,-0.07
5.696,-0.03,-0.07
5.698,-0.03,-0.07
5.7,-0.04,-0.075
5.702,-0.06,-0.09
5.704,-0.075,-0.11
5.706,-0.11,-0.145
5.708,-0.15,-0.185
5.71,-0.185,-0.225
5.712,-0.225,-0.27
5.714,-0.275,-0.3
5.716,-0.27,-0.31
5.718,-0.25,-0.29
5.72,-0.2,-0.24
5.722,-0.12,-0.155
5.724,0.025,-0.03
5.726,0.19,0.12
5.728,0.335,0.29
5.73,0.545,0.475
5.732,0.735,0.65
5.734,0.875,0.81
5.736,1.04,0.94
5.738,1.16,1.035
5.74,1.23,1.09
5.742,1.2,1.1
5.744,1.105,1.07
5.746,1.04,1.01
5.748,0.925,0.915
5.75,0.83,0.81
5.752,0.73,0.69
5.754,0.585,0.575
5.756,0.46,0.465
5.758,0.375,0.37
5.76,0.32,0.29
5.762,0.27,0.23
5.764,0.225,0.185
5.766,0.18,0.15
5.768,0.13,0.125
5.77,0.095,0.1
5.772,0.075,0.075
5.774,0.05,0.05
5.776,0.045,0.025
5.778,0.03,0.0
5.78,0.02,-0.025
5.782,0.015,-0.045
5.784,0.01,-0.06
5.786,0.0,-0.065
5.788,-0.01,-0.065
5.79,-0.005,-0.065
5.792,-0.025,-0.055
5.794,-0.025,-0.05
5.796,-0.025,-0.045
5.798,-0.025,-0.04
5.8,-0.03,-0.04
5.802,-0.03,-0.045
5.804,-0.035,-0.05
5.806,-0.03,-0.055
5.808,-0.04,-0.06
5.81,-0.04,-0.065
5.812,-0.035,-0.065
5.814,-0.035,-0.07
5.816,-0.03,-0.07
5.818,-0.035,-0.07
5.82,-0.04,-0.065
5.822,-0.03,-0.065
5.824,-0.03,-0.06
5.826,-0.015,-0.06
5.828,-0.025,-0.06
5.83,-0.03,-0.055
5.832,-0.04,-0.055
5.834,-0.035,-0.06
5.836,-0.04,-0.06
5.838,-0.05,-0.06
5.84,-0.025,-0.065
5.842,-0.025,-0.065
5.844,-0.03,-0.07
5.846,-0.025,-0.07
5.848,-0.025,-0.07
5.85,-0.02,-0.07
5.852,-0.025,-0.07
5.854,-0.025,-0.07
5.856,-0.02,-0.065
5.858,-0.03,-0.065
5.86,-0.04,-0.065
5.862,-0.03,-0.065
5.864,-0.03,-0.06
5.866,-0.025,-0.06
5.868,-0.01,-0.06
5.87,0.0,-0.06
5.872,-0.01,-0.06
5.874,-0.015,-0.06
5.876,-0.015,-0.055
5.878,-0.015,-0.055
5.88,-0.025,-0.05
5.882,-0.02,-0.05
5.884,-0.02,-0.05
5.886,-0.01,-0.05
5.888,-0.01,-0.045
5.89,-0.015,-0.045
5.892,-0.01,-0.045
5.894,-0.01,-0.04
5.896,-0.01,-0.04
5.898,-0.005,-0.04
5.9,0.0,-0.035
5.902,0.01,-0.035
5.904,0.015,-0.035
5.906,0.005,-0.03
5.908,0.01,-0.03
5.91,0.015,-0.03
5.912,0.02,-0.03
5.914,0.02,-0.03
5.916,0.025,-0.025
5.918,0.02,-0.02
5.92,0.03,-0.015
5.922,0.025,-0.01
5.924,0.035,-0.005
5.926,0.045,0.0
5.928,0.05,0.005
5.93,0.055,0.01
5.932,0.06,0.01
5.934,0.055,0.015
5.936,0.065,0.02
5.938,0.065,0.025
5.94,0.07,0.03
5.942,0.075,0.04
5.944,0.085,0.045
5.946,0.1,0.055
5.948,0.105,0.06
5.95,0.115,0.065
5.952,0.115,0.075
5.954,0.115,0.08
5.956,0.12,0.08
5.958,0.13,0.085
5.96,0.13,0.09
5.962,0.135,0.095
5.964,0.14,0.1
5.966,0.15,0.105
5.968,0.15,0.11
5.97,0.16,0.115
5.972,0.165,0.12
5.974,0.16,0.125
5.976,0.165,0.125
5.978,0.165,0.13
5.98,0.165,0.135
5.982,0.18,0.135
5.984,0.175,0.135
5.986,0.18,0.14
5.988,0.175,0.14
5.99,0.175,0.14
5.992,0.175,0.14
5.994,0.17,0.135
5.996,0.17,0.135
5.998,0.17,0.135
6.0,0.175,0.135
6.002,0.17,0.135
6.004,0.15,0.135
6.006,0.145,0.135
6.008,0.14,0.135
6.01,0.13,0.13
6.012,0.125,0.13
6.014,0.115,0.125
6.016,0.1,0.115
6.018,0.1,0.105
6.02,0.08,0.095
6.022,0.075,0.085
6.024,0.075,0.08
6.026,0.07,0.07
6.028,0.065,0.06
6.03,0.06,0.055
6.032,0.04,0.05
6.034,0.03,0.045
6.036,0.015,0.035
6.038,0.025,0.03
6.04,0.025,0.025
6.042,0.03,0.015
6.044,0.025,0.01
6.046,0.01,0.01
6.048,-0.005,0.005
6.05,-0.005,0.005
6.052,-0.005,0.005
6.054,-0.005,0.005
6.056,-0.01,0.005
6.058,-0.01,0.0
6.06,-0.015,0.0
6.062,-0.01,-0.005
6.064,-0.02,-0.01
6.066,-0.01,-0.015
6.068,-0.01,-0.02
6.07,-0.015,-0.02
6.072,-0.015,-0.025
6.074,-0.015,-0.025
6.076,-0.015,-0.025
6.078,-0.02,-0.025
6.08,-0.02,-0.025
6.082,-0.025,-0.025
6.084,-0.02,-0.025
6.086,-0.01,-0.025
6.088,-0.015,-0.03
6.09,-0.005,-0.03
6.092,-0.005,-0.03
6.094,-0.015,-0.03
6.096,-0.02,-0.025
6.098,-0.025,-0.025
6.1,-0.03,-0.025
6.102,-0.01,-0.02
6.104,-0.025,-0.02
6.106,-0.02,-0.02
6.108,-0.01,-0.025
6.11,-0.01,-0.025
6.112,-0.025,-0.03
6.114,-0.025,-0.03
6.116,-0.03,-0.035
6.118,-0.03,-0.035
6.12,-0.035,-0.035
6.122,-0.025,-0.03
6.124,-0.025,-0.03
6.126,-0.035,-0.03
6.128,-0.03,-0.025
6.13,-0.03,-0.025
6.132,-0.03,-0.025
6.134,-0.04,-0.03
6.136,-0.025,-0.03
6.138,-0.025,-0.03
6.14,-0.04,-0.03
6.142,-0.03,-0.03
6.144,-0.035,-0.03
6.146,-0.035,-0.03
6.148,-0.035,-0.03
6.15,-0.025,-0.03
6.152,-0.03,-0.03
6.154,-0.035,-0.03
6.156,-0.04,-0.03
6.158,-0.04,-0.03
6.16,-0.03,-0.03
6.162,-0.025,-0.03
6.164,-0.02,-0.03
6.166,-0.035,-0.03
6.168,-0.025,-0.03
6.17,-0.03,-0.03
6.172,-0.025,-0.03
6.174,-0.02,-0.025
6.176,-0.03,-0.025
6.178,-0.02,-0.025
6.18,-0.02,-0.025
6.182,-0.02,-0.025
6.184,-0.02,-0.025
6.186,-0.03,-0.025
6.188,-0.035,-0.025
6.19,-0.03,-0.025
6.192,-0.03,-0.025
6.194,-0.04,-0.025
6.196,-0.035,-0.03
6.198,-0.035,-0.03
6.2,-0.035,-0.03
6.202,-0.025,-0.03
6.204,-0.025,-0.03
6.206,-0.03,-0.03
6.208,-0.025,-0.025
6.21,-0.025,-0.025
6.212,-0.035,-0.025
6.214,-0.045,-0.02
6.216,-0.04,-0.025
6.218,-0.045,-0.025
6.22,-0.05,-0.03
6.222,-0.045,-0.035
6.224,-0.03,-0.035
6.226,-0.025,-0.04
6.228,-0.015,-0.04
6.23,-0.015,-0.04
6.232,-0.02,-0.035
6.234,-0.025,-0.03
6.236,-0.015,-0.025
6.238,-0.03,-0.02
6.24,-0.03,-0.015
6.242,-0.02,-0.01
6.244,-0.035,-0.01
6.246,-0.035,-0.01
6.248,-0.035,-0.01
6.25,-0.035,-0.015
6.252,-0.06,-0.02
6.254,-0.055,-0.025
6.256,-0.045,-0.025
6.258,-0.04,-0.03
6.26,-0.035,-0.03
6.262,-0.04,-0.035
6.264,-0.04,-0.035
6.266,-0.01,-0.035
6.268,-0.04,-0.035
6.27,-0.04,-0.035
6.272,-0.055,-0.035
6.274,-0.055,-0.035
6.276,-0.055,-0.04
6.278,-0.055,-0.04
6.28,-0.05,-0.04
6.282,-0.04,-0.04
6.284,-0.035,-0.04
6.286,-0.05,-0.04
6.288,-0.055,-0.04
6.29,-0.05,-0.04
6.292,-0.05,-0.04
6.294,-0.06,-0.04
6.296,-0.055,-0.04
6.298,-0.04,-0.04
6.3,-0.04,-0.04
6.302,-0.045,-0.04
6.304,-0.05,-0.04
6.306,-0.045,-0.035
6.308,-0.05,-0.035
6.31,-0.05,-0.035
6.312,-0.05,-0.035
6.314,-0.055,-0.035
6.316,-0.06,-0.035
6.318,-0.055,-0.035
6.32,-0.055,-0.035
6.322,-0.05,-0.035
6.324,-0.045,-0.035
6.326,-0.045,-0.035
6.328,-0.05,-0.035
6.33,-0.05,-0.04
6.332,-0.05,-0.04
6.334,-0.045,-0.04
6.336,-0.055,-0.04
6.338,-0.04,-0.035
6.34,-0.045,-0.035
6.342,-0.055,-0.035
6.344,-0.045,-0.03
6.346,-0.05,-0.025
6.348,-0.05,-0.02
6.35,-0.05,-0.02
6.352,-0.055,-0.015
6.354,-0.05,-0.015
6.356,-0.05,-0.015
6.358,-0.04,-0.015
6.36,-0.045,-0.02
6.362,-0.02,-0.025
6.364,-0.015,-0.025
6.366,-0.04,-0.03
6.368,-0.04,-0.03
6.37,-0.02,-0.03
6.372,-0.01,-0.025
6.374,-0.005,-0.015
6.376,0.005,-0.005
6.378,0.025,0.005
6.38,0.04,0.02
6.382,0.05,0.03
6.384,0.045,0.04
6.386,0.03,0.045
6.388,0.035,0.05
6.39,0.02,0.05
6.392,0.025,0.05
6.394,0.025,0.045
6.396,0.03,0.035
6.398,0.005,0.03
6.4,-0.005,0.02
6.402,0.0,0.01
6.404,-0.01,0.005
6.406,-0.01,0.0
6.408,-0.04,-0.01
6.41,-0.035,-0.015
6.412,-0.035,-0.02
6.414,-0.04,-0.025
6.416,-0.035,-0.03
6.418,-0.045,-0.035
6.42,-0.04,-0.04
6.422,-0.045,-0.045
6.424,-0.045,-0.05
6.426,-0.065,-0.05
6.428,-0.055,-0.05
6.43,-0.05,-0.05
6.432,-0.055,-0.055
6.434,-0.07,-0.055
6.436,-0.075,-0.055
6.438,-0.06,-0.06
6.44,-0.06,-0.065
6.442,-0.055,-0.065
6.444,-0.065,-0.065
6.446,-0.07,-0.065
6.448,-0.085,-0.065
6.45,-0.075,-0.065
6.452,-0.06,-0.065
6.454,-0.06,-0.06
6.456,-0.065,-0.06
6.458,-0.08,-0.06
6.46,-0.08,-0.06
6.462,-0.085,-0.06
6.464,-0.085,-0.06
6.466,-0.085,-0.065
6.468,-0.085,-0.07
6.47,-0.08,-0.075
6.472,-0.085,-0.08
6.474,-0.07,-0.085
6.476,-0.075,-0.085
6.478,-0.065,-0.085
6.48,-0.075,-0.08
6.482,-0.085,-0.08
6.484,-0.08,-0.075
6.486,-0.08,-0.075
6.488,-0.095,-0.085
6.49,-0.13,-0.1
6.492,-0.15,-0.13
6.494,-0.195,-0.165
6.496,-0.245,-0.205
6.498,-0.27,-0.245
6.5,-0.305,-0.275
6.502,-0.295,-0.28
6.504,-0.275,-0.26
6.506,-0.23,-0.2
6.508,-0.12,-0.105
6.51,0.05,0.025
6.512,0.215,0.185
6.514,0.375,0.36
6.516,0.55,0.54
6.518,0.725,0.71
6.52,0.895,0.86
6.522,1.05,0.98
6.524,1.165,1.06
6.526,1.18,1.095
6.528,1.115,1.09
6.53,1.045,1.05
6.532,0.955,0.975
6.534,0.835,0.88
6.536,0.765,0.765
6.538,0.645,0.645
6.54,0.475,0.53
6.542,0.37,0.42
6.544,0.295,0.325
6.546,0.24,0.245
6.548,0.195,0.185
6.55,0.145,0.145
6.552,0.12,0.115
6.554,0.065,0.09
6.556,0.045,0.075
6.558,0.03,0.055
6.56,0.0,0.035
6.562,0.0,0.015
6.564,-0.02,-0.005
6.566,-0.04,-0.03
6.568,-0.04,-0.045
6.57,-0.03,-0.06
6.572,-0.04,-0.07
6.574,-0.04,-0.07
6.576,-0.065,-0.07
6.578,-0.075,-0.065
6.58,-0.075,-0.06
6.582,-0.065,-0.06
6.584,-0.06,-0.065
6.586,-0.055,-0.07
6.588,-0.08,-0.075
6.59,-0.075,-0.08
6.592,-0.085,-0.085
6.594,-0.06,-0.09
6.596,-0.07,-0.09
6.598,-0.065,-0.085
6.6,-0.065,-0.08
6.602,-0.08,-0.08
6.604,-0.085,-0.075
6.606,-0.08,-0.075
6.608,-0.085,-0.075
6.61,-0.08,-0.075
6.612,-0.075,-0.08
6.614,-0.065,-0.08
6.616,-0.075,-0.085
6.618,-0.075,-0.085
6.62,-0.075,-0.085
6.622,-0.07,-0.085
6.624,-0.075,-0.085
6.626,-0.08,-0.08
6.628,-0.075,-0.08
6.63,-0.07,-0.075
6.632,-0.07,-0.075
6.634,-0.07,-0.075
6.636,-0.07,-0.07
6.638,-0.06,-0.07
6.64,-0.06,-0.075
6.642,-0.06,-0.075
6.644,-0.065,-0.075
6.646,-0.06,-0.08
6.648,-0.065,-0.085
6.65,-0.05,-0.085
6.652,-0.07,-0.09
6.654,-0.065,-0.09
6.656,-0.055,-0.09
6.658,-0.045,-0.09
6.66,-0.03,-0.09
6.662,-0.04,-0.085
6.664,-0.055,-0.08
6.666,-0.05,-0.075
6.668,-0.04,-0.07
6.67,-0.05,-0.07
6.672,-0.045,-0.065
6.674,-0.05,-0.065
6.676,-0.045,-0.065
6.678,-0.04,-0.07
6.68,-0.035,-0.07
6.682,-0.035,-0.07
6.684,-0.035,-0.075
6.686,-0.03,-0.075
6.688,-0.04,-0.07
6.69,-0.04,-0.07
6.692,-0.03,-0.065
6.694,-0.035,-0.06
6.696,-0.01,-0.055
6.698,-0.005,-0.05
6.7,-0.01,-0.045
6.702,-0.01,-0.04
6.704,-0.01,-0.035
6.706,0.0,-0.035
6.708,0.005,-0.035
6.71,0.0,-0.04
6.712,0.005,-0.04
6.714,0.01,-0.04
6.716,0.02,-0.035
6.718,0.025,-0.035
6.72,0.035,-0.025
6.722,0.035,-0.015
6.724,0.045,-0.005
6.726,0.07,0.005
6.728,0.065,0.01
6.73,0.06,0.02
6.732,0.075,0.025
6.734,0.085,0.03
6.736,0.09,0.03
6.738,0.095,0.035
6.74,0.095,0.035
6.742,0.105,0.04
6.744,0.11,0.045
6.746,0.115,0.055
6.748,0.12,0.06
6.75,0.115,0.075
6.752,0.12,0.085
6.754,0.12,0.095
6.756,0.155,0.105
6.758,0.155,0.115
6.76,0.16,0.12
6.762,0.185,0.125
6.764,0.175,0.125
6.766,0.19,0.125
6.768,0.155,0.125
6.77,0.145,0.12
6.772,0.145,0.12
6.774,0.145,0.12
6.776,0.15,0.115
6.778,0.16,0.115
6.78,0.155,0.115
6.782,0.17,0.11
6.784,0.15,0.11
6.786,0.145,0.11
6.788,0.13,0.105
6.79,0.14,0.105
6.792,0.13,0.1
6.794,0.125,0.095
6.796,0.115,0.09
6.798,0.115,0.08
6.8,0.1,0.075
6.802,0.09,0.065
6.804,0.09,0.055
6.806,0.075,0.045
6.808,0.065,0.035
6.81,0.055,0.025
6.812,0.045,0.015
6.814,0.035,0.0
6.816,0.02,-0.01
6.818,0.03,-0.02
6.82,0.015,-0.03
6.822,0.01,-0.04
6.824,0.015,-0.045
6.826,0.005,-0.05
6.828,0.0,-0.055
6.83,0.015,-0.055
6.832,0.015,-0.055
6.834,0.01,-0.055
6.836,-0.015,-0.055
6.838,-0.01,-0.055
6.84,-0.01,-0.055
6.842,-0.005,-0.05
6.844,-0.01,-0.05
6.846,-0.01,-0.045
6.848,-0.02,-0.05
6.85,-0.02,-0.05
6.852,-0.015,-0.055
6.854,-0.025,-0.06
6.856,-0.01,-0.07
6.858,-0.015,-0.075
6.86,0.005,-0.085
6.862,-0.015,-0.09
6.864,-0.015,-0.09
6.866,-0.03,-0.09
6.868,-0.045,-0.09
6.87,-0.035,-0.085
6.872,-0.015,-0.085
6.874,-0.015,-0.08
6.876,-0.01,-0.075
6.878,0.01,-0.075
6.88,-0.005,-0.075
6.882,-0.02,-0.075
6.884,-0.01,-0.075
6.886,-0.01,-0.075
6.888,-0.025,-0.075
6.89,-0.02,-0.075
6.892,-0.015,-0.07
6.894,-0.015,-0.065
6.896,-0.015,-0.065
6.898,-0.005,-0.065
6.9,-0.005,-0.065
6.902,-0.015,-0.065
6.904,-0.005,-0.065
6.906,0.0,-0.07
6.908,-0.02,-0.07
6.91,0.01,-0.07
6.912,-0.01,-0.07
6.914,-0.005,-0.07
6.916,-0.005,-0.065
6.918,-0.015,-0.065
6.92,0.0,-0.06
6.922,0.0,-0.06
6.924,-0.005,-0.065
6.926,-0.02,-0.07
6.928,-0.01,-0.075
6.93,-0.015,-0.08
6.932,-0.005,-0.085
6.934,-0.02,-0.09
6.936,-0.01,-0.09
6.938,-0.01,-0.09
6.94,0.0,-0.085
6.942,0.005,-0.08
6.944,0.005,-0.075
6.946,0.0,-0.07
6.948,0.015,-0.07
6.95,0.005,-0.07
6.952,0.0,-0.07
6.954,-0.025,-0.075
6.956,-0.005,-0.08
6.958,0.005,-0.08
6.96,0.02,-0.08
6.962,0.025,-0.08
6.964,0.01,-0.075
6.966,0.005,-0.065
6.968,0.01,-0.06
6.97,0.0,-0.055
6.972,0.0,-0.055
6.974,0.005,-0.055
6.976,0.01,-0.06
6.978,0.04,-0.065
6.98,0.01,-0.07
6.982,0.015,-0.075
6.984,0.005,-0.08
6.986,0.0,-0.08
6.988,-0.005,-0.08
6.99,0.02,-0.075
6.992,0.015,-0.07
6.994,0.035,-0.06
6.996,0.025,-0.055
6.998,0.01,-0.045
7.0,0.02,-0.045
7.002,0.01,-0.04
7.004,0.02,-0.045
7.006,0.02,-0.045
7.008,0.015,-0.05
7.01,0.005,-0.055
7.012,0.01,-0.06
7.014,0.03,-0.065
7.016,0.02,-0.065
7.018,0.03,-0.065
7.02,0.025,-0.065
7.022,0.02,-0.06
7.024,0.025,-0.06
7.026,0.02,-0.055
7.028,0.015,-0.055
7.03,0.015,-0.055
7.032,0.015,-0.055
7.034,0.03,-0.055
7.036,0.04,-0.06
7.038,0.025,-0.06
7.04,0.025,-0.065
7.042,0.03,-0.065
7.044,0.03,-0.07
7.046,0.02,-0.065
7.048,0.015,-0.065
7.05,0.005,-0.065
7.052,0.01,-0.06
7.054,0.015,-0.06
7.056,0.02,-0.065
7.058,0.015,-0.065
7.06,0.02,-0.07
7.062,0.035,-0.07
7.064,0.035,-0.075
7.066,0.025,-0.075
7.068,0.025,-0.075
7.07,0.025,-0.07
7.072,0.03,-0.065
7.074,0.03,-0.06
7.076,0.045,-0.055
7.078,0.035,-0.055
7.08,0.025,-0.05
7.082,0.035,-0.05
7.084,0.03,-0.05
7.086,0.035,-0.05
7.088,0.02,-0.05
7.09,0.025,-0.05
7.092,0.025,-0.05
7.094,0.02,-0.05
7.096,0.025,-0.05
7.098,0.03,-0.05
7.1,0.03,-0.05
7.102,0.03,-0.055
7.104,0.02,-0.055
7.106,0.025,-0.06
7.108,0.02,-0.065
7.11,0.035,-0.065
7.112,0.025,-0.065
7.114,0.02,-0.065
7.116,0.04,-0.065
7.118,0.04,-0.065
7.12,0.03,-0.065
7.122,0.035,-0.065
7.124,0.05,-0.07
7.126,0.02,-0.075
7.128,0.025,-0.08
7.13,0.02,-0.08
7.132,0.03,-0.085
7.134,0.03,-0.08
7.136,0.025,-0.075
7.138,0.045,-0.07
7.14,0.055,-0.06
7.142,0.055,-0.05
7.144,0.065,-0.04
7.146,0.065,-0.035
7.148,0.075,-0.03
7.15,0.065,-0.03
7.152,0.06,-0.025
7.154,0.07,-0.025
7.156,0.095,-0.025
7.158,0.09,-0.025
7.16,0.1,-0.025
7.162,0.1,-0.02
7.164,0.1,-0.015
7.166,0.11,-0.015
7.168,0.115,-0.01
7.17,0.1,-0.01
7.172,0.095,-0.005
7.174,0.09,-0.005
7.176,0.105,-0.005
7.178,0.115,-0.005
7.18,0.105,-0.005
7.182,0.11,-0.01
7.184,0.1,-0.015
7.186,0.09,-0.02
7.188,0.08,-0.025
7.19,0.095,-0.03
7.192,0.06,-0.035
7.194,0.045,-0.04
7.196,0.04,-0.045
7.198,0.03,-0.045
7.2,0.06,-0.05
7.202,0.065,-0.05
7.204,0.055,-0.055
7.206,0.045,-0.06
7.208,0.05,-0.065
7.21,0.04,-0.07
7.212,0.045,-0.075
7.214,0.04,-0.08
7.216,0.04,-0.08
7.218,0.055,-0.08
7.22,0.035,-0.08
7.222,0.05,-0.075
7.224,0.04,-0.075
7.226,0.035,-0.07
7.228,0.02,-0.07
7.23,0.04,-0.07
7.232,0.045,-0.075
7.234,0.055,-0.085
7.236,0.03,-0.09
7.238,0.03,-0.1
7.24,0.035,-0.1
7.242,0.04,-0.105
7.244,0.03,-0.105
7.246,0.025,-0.1
7.248,0.015,-0.1
7.25,0.025,-0.095
7.252,0.04,-0.095
7.254,0.03,-0.095
7.256,0.015,-0.095
7.258,0.015,-0.1
7.26,0.03,-0.1
7.262,0.045,-0.1
7.264,0.03,-0.1
7.266,0.025,-0.1
7.268,0.02,-0.1
7.27,0.005,-0.105
7.272,-0.03,-0.12
7.274,-0.05,-0.15
7.276,-0.105,-0.18
7.278,-0.11,-0.22
7.28,-0.16,-0.26
7.282,-0.18,-0.29
7.284,-0.22,-0.305
7.286,-0.19,-0.29
7.288,-0.115,-0.24
7.29,-0.045,-0.16
7.292,0.095,-0.045
7.294,0.24,0.1
7.296,0.4,0.26
7.298,0.58,0.43
7.3,0.74,0.595
7.302,0.875,0.745
7.304,1.065,0.87
7.306,1.18,0.965
7.308,1.23,1.02
7.31,1.185,1.04
7.312,1.125,1.02
7.314,1.075,0.965
7.316,0.975,0.88
7.318,0.915,0.78
7.32,0.815,0.665
7.322,0.64,0.545
7.324,0.49,0.435
7.326,0.4,0.335
7.328,0.345,0.255
7.33,0.325,0.19
7.332,0.28,0.145
7.334,0.235,0.115
7.336,0.215,0.095
7.338,0.185,0.075
7.34,0.155,0.055
7.342,0.125,0.03
7.344,0.09,0.005
7.346,0.09,-0.02
7.348,0.075,-0.045
7.35,0.095,-0.065
7.352,0.095,-0.075
7.354,0.075,-0.08
7.356,0.075,-0.08
7.358,0.07,-0.07
7.36,0.065,-0.065
7.362,0.065,-0.055
7.364,0.055,-0.05
7.366,0.05,-0.05
7.368,0.065,-0.05
7.37,0.065,-0.055
7.372,0.07,-0.065
7.374,0.065,-0.07
7.376,0.08,-0.075
7.378,0.055,-0.08
7.38,0.055,-0.08
7.382,0.085,-0.08
7.384,0.065,-0.08
7.386,0.06,-0.08
7.388,0.07,-0.08
7.39,0.07,-0.08
7.392,0.075,-0.085
7.394,0.075,-0.085
7.396,0.06,-0.08
7.398,0.07,-0.08
7.4,0.075,-0.075
7.402,0.055,-0.075
7.404,0.055,-0.07
7.406,0.07,-0.07
7.408,0.07,-0.07
7.41,0.07,-0.07
7.412,0.075,-0.07
7.414,0.08,-0.075
7.416,0.07,-0.075
7.418,0.08,-0.07
7.42,0.085,-0.07
7.422,0.08,-0.065
7.424,0.085,-0.06
7.426,0.075,-0.055
7.428,0.09,-0.05
7.43,0.09,-0.045
7.432,0.1,-0.045
7.434,0.085,-0.045
7.436,0.1,-0.045
7.438,0.105,-0.045
7.44,0.09,-0.045
7.442,0.115,-0.045
7.444,0.09,-0.045
7.446,0.09,-0.045
7.448,0.1,-0.045
7.45,0.1,-0.045
7.452,0.1,-0.045
7.454,0.11,-0.045
7.456,0.1,-0.045
7.458,0.095,-0.045
7.46,0.105,-0.045
7.462,0.115,-0.05
7.464,0.105,-0.05
7.466,0.115,-0.05
7.468,0.115,-0.05
7.47,0.125,-0.045
7.472,0.12,-0.045
7.474,0.12,-0.045
7.476,0.13,-0.04
7.478,0.13,-0.035
7.48,0.135,-0.03
7.482,0.14,-0.025
7.484,0.14,-0.015
7.486,0.125,-0.01
7.488,0.155,-0.005
7.49,0.155,0.005
7.492,0.155,0.005
7.494,0.155,0.01
7.496,0.17,0.015
7.498,0.185,0.015
7.5,0.185,0.02
7.502,0.195,0.025
7.504,0.19,0.025
7.506,0.195,0.03
7.508,0.205,0.035
7.51,0.205,0.04
7.512,0.215,0.045
7.514,0.22,0.055
7.516,0.225,0.06
7.518,0.23,0.065
7.52,0.25,0.07
7.522,0.255,0.08
7.524,0.265,0.085
7.526,0.265,0.095
7.528,0.255,0.1
7.53,0.245,0.11
7.532,0.265,0.115
7.534,0.27,0.125
7.536,0.295,0.13
7.538,0.295,0.135
7.54,0.285,0.14
7.542,0.295,0.14
7.544,0.3,0.145
7.546,0.3,0.145
7.548,0.305,0.145
7.55,0.29,0.145
7.552,0.295,0.145
7.554,0.3,0.145
7.556,0.3,0.145
7.558,0.31,0.145
7.56,0.305,0.145
7.562,0.3,0.145
7.564,0.29,0.145
7.566,0.285,0.145
7.568,0.29,0.14
7.57,0.295,0.14
7.572,0.28,0.135
7.574,0.275,0.13
7.576,0.275,0.12
7.578,0.235,0.11
7.58,0.235,0.105
7.582,0.25,0.095
7.584,0.23,0.085
7.586,0.225,0.08
7.588,0.215,0.075
7.59,0.2,0.07
7.592,0.19,0.06
7.594,0.195,0.055
7.596,0.185,0.05
7.598,0.19,0.04
7.6,0.17,0.03
7.602,0.17,0.025
7.604,0.17,0.015
7.606,0.155,0.01
7.608,0.145,0.005
7.61,0.155,0.005
7.612,0.15,0.0
7.614,0.145,-0.005
7.616,0.145,-0.005
7.618,0.13,-0.01
7.62,0.14,-0.015
7.622,0.135,-0.02
7.624,0.13,-0.025
7.626,0.13,-0.03
7.628,0.135,-0.03
7.63,0.125,-0.035
7.632,0.125,-0.035
7.634,0.13,-0.035
7.636,0.12,-0.035
7.638,0.12,-0.035
7.64,0.13,-0.035
7.642,0.15,-0.035
7.644,0.125,-0.04
7.646,0.12,-0.04
7.648,0.12,-0.04
7.65,0.125,-0.04
7.652,0.13,-0.04
7.654,0.125,-0.04
7.656,0.125,-0.04
7.658,0.125,-0.04
7.66,0.115,-0.035
7.662,0.115,-0.035
7.664,0.13,-0.03
7.666,0.155,-0.03
7.668,0.135,-0.03
7.67,0.135,-0.03
7.672,0.12,-0.03
7.674,0.135,-0.03
7.676,0.13,-0.03
7.678,0.135,-0.03
7.68,0.14,-0.03
7.682,0.14,-0.03
7.684,0.155,-0.03
7.686,0.11,-0.035
7.688,0.115,-0.04
7.69,0.115,-0.04
7.692,0.11,-0.045
7.694,0.125,-0.045
7.696,0.13,-0.045
7.698,0.115,-0.04
7.7,0.12,-0.04
7.702,0.11,-0.035
7.704,0.13,-0.03
7.706,0.115,-0.03
7.708,0.11,-0.03
7.71,0.115,-0.025
7.712,0.11,-0.03
7.714,0.115,-0.03
7.716,0.115,-0.03
7.718,0.125,-0.03
7.72,0.125,-0.03
7.722,0.12,-0.03
7.724,0.135,-0.025
7.726,0.13,-0.02
7.728,0.125,-0.02
7.73,0.135,-0.015
7.732,0.125,-0.02
7.734,0.125,-0.02
7.736,0.13,-0.025
7.738,0.155,-0.03
7.74,0.125,-0.035
7.742,0.105,-0.04
7.744,0.115,-0.04
7.746,0.13,-0.035
7.748,0.15,-0.03
7.75,0.145,-0.025
7.752,0.125,-0.02
7.754,0.12,-0.015
7.756,0.12,-0.015
7.758,0.13,-0.015
7.76,0.13,-0.02
7.762,0.135,-0.025
7.764,0.115,-0.025
7.766,0.11,-0.03
7.768,0.12,-0.03
7.77,0.135,-0.03
7.772,0.135,-0.03
7.774,0.135,-0.025
7.776,0.145,-0.025
7.778,0.125,-0.02
7.78,0.135,-0.02
7.782,0.125,-0.02
7.784,0.13,-0.025
7.786,0.12,-0.025
7.788,0.14,-0.025
7.79,0.16,-0.025
7.792,0.155,-0.025
7.794,0.125,-0.02
7.796,0.13,-0.02
7.798,0.135,-0.015
7.8,0.135,-0.015
7.802,0.125,-0.02
7.804,0.115,-0.02
7.806,0.1,-0.03
7.808,0.11,-0.035
7.81,0.105,-0.04
7.812,0.125,-0.045
7.814,0.125,-0.045
7.816,0.12,-0.05
7.818,0.125,-0.045
7.82,0.125,-0.045
7.822,0.13,-0.04
7.824,0.13,-0.04
7.826,0.14,-0.04
7.828,0.13,-0.04
7.83,0.12,-0.045
7.832,0.115,-0.05
7.834,0.115,-0.05
7.836,0.12,-0.055
7.838,0.115,-0.055
7.84,0.115,-0.055
7.842,0.115,-0.055
7.844,0.115,-0.05
7.846,0.125,-0.05
7.848,0.12,-0.05
7.85,0.12,-0.05
7.852,0.115,-0.05
7.854,0.11,-0.05
7.856,0.105,-0.05
7.858,0.105,-0.05
7.86,0.115,-0.05
7.862,0.12,-0.05
7.864,0.105,-0.05
7.866,0.11,-0.05
7.868,0.115,-0.05
7.87,0.12,-0.05
7.872,0.14,-0.05
7.874,0.12,-0.055
7.876,0.115,-0.055
7.878,0.11,-0.06
7.88,0.11,-0.065
7.882,0.105,-0.065
7.884,0.11,-0.065
7.886,0.125,-0.065
7.888,0.105,-0.06
7.89,0.1,-0.055
7.892,0.105,-0.055
7.894,0.12,-0.05
7.896,0.125,-0.045
7.898,0.125,-0.045
7.9,0.14,-0.045
7.902,0.105,-0.045
7.904,0.115,-0.045
7.906,0.115,-0.045
7.908,0.12,-0.045
7.91,0.125,-0.045
7.912,0.13,-0.04
7.914,0.125,-0.035
7.916,0.125,-0.03
7.918,0.12,-0.025
7.92,0.135,-0.02
7.922,0.125,-0.02
7.924,0.125,-0.015
7.926,0.135,-0.015
7.928,0.14,-0.015
7.93,0.15,-0.02
7.932,0.145,-0.02
7.934,0.155,-0.02
7.936,0.17,-0.015
7.938,0.175,-0.01
7.94,0.185,-0.005
7.942,0.185,0.0
7.944,0.18,0.005
7.946,0.19,0.015
7.948,0.195,0.02
7.95,0.19,0.025
7.952,0.185,0.03
7.954,0.17,0.03
7.956,0.18,0.03
7.958,0.16,0.02
7.96,0.17,0.015
7.962,0.155,0.0
7.964,0.145,-0.01
7.966,0.155,-0.025
7.968,0.12,-0.035
7.97,0.125,-0.045
7.972,0.125,-0.05
7.974,0.11,-0.055
7.976,0.11,-0.05
7.978,0.11,-0.045
7.98,0.11,-0.04
7.982,0.13,-0.035
7.984,0.125,-0.03
7.986,0.115,-0.03
7.988,0.125,-0.03
7.99,0.105,-0.04
7.992,0.1,-0.045
7.994,0.105,-0.055
7.996,0.09,-0.065
7.998,0.1,-0.07
8.0,0.095,-0.075
8.002,0.09,-0.075
8.004,0.08,-0.075
8.006,0.085,-0.075
8.008,0.085,-0.075
8.01,0.085,-0.07
8.012,0.095,-0.075
8.014,0.1,-0.075
8.016,0.085,-0.075
8.018,0.1,-0.08
8.02,0.1,-0.08
8.022,0.085,-0.08
8.024,0.08,-0.075
8.026,0.065,-0.075
8.028,0.075,-0.07
8.03,0.09,-0.07
8.032,0.085,-0.07
8.034,0.1,-0.07
8.036,0.095,-0.07
8.038,0.085,-0.07
8.04,0.105,-0.07
8.042,0.105,-0.065
8.044,0.08,-0.065
8.046,0.065,-0.07
8.048,0.05,-0.085
8.05,0.025,-0.11
8.052,-0.02,-0.14
8.054,-0.045,-0.18
8.056,-0.08,-0.225
8.058,-0.125,-0.265
8.06,-0.15,-0.29
8.062,-0.135,-0.29
8.064,-0.115,-0.26
8.066,-0.05,-0.19
8.068,0.065,-0.09
8.07,0.215,0.045
8.072,0.35,0.2
8.074,0.545,0.37
8.076,0.73,0.54
8.078,0.89,0.7
8.08,1.03,0.84
8.082,1.165,0.95
8.084,1.27,1.025
8.086,1.29,1.06
8.088,1.23,1.055
8.09,1.15,1.02
8.092,1.095,0.95
8.094,1.0,0.855
8.096,0.89,0.745
8.098,0.765,0.625
8.1,0.61,0.51
8.102,0.495,0.4
8.104,0.43,0.31
8.106,0.385,0.235
8.108,0.345,0.18
8.11,0.295,0.145
8.112,0.27,0.12
8.114,0.245,0.1
8.116,0.22,0.085
8.118,0.175,0.07
8.12,0.15,0.05
8.122,0.15,0.025
8.124,0.14,-0.005
8.126,0.125,-0.03
8.128,0.13,-0.05
8.13,0.11,-0.065
8.132,0.115,-0.07
8.134,0.11,-0.07
8.136,0.1,-0.065
8.138,0.105,-0.055
8.14,0.105,-0.05
8.142,0.105,-0.045
8.144,0.1,-0.045
8.146,0.08,-0.05
8.148,0.07,-0.06
8.15,0.065,-0.07
8.152,0.07,-0.075
8.154,0.06,-0.085
8.156,0.07,-0.085
8.158,0.085,-0.085
8.16,0.085,-0.085
8.162,0.095,-0.08
8.164,0.075,-0.08
8.166,0.08,-0.075
8.168,0.08,-0.075
8.17,0.09,-0.075
8.172,0.08,-0.075
8.174,0.075,-0.08
8.176,0.07,-0.08
8.178,0.08,-0.08
8.18,0.095,-0.075
8.182,0.09,-0.075
8.184,0.085,-0.07
8.186,0.095,-0.07
8.188,0.095,-0.07
8.19,0.095,-0.065
8.192,0.09,-0.065
8.194,0.105,-0.065
8.196,0.085,-0.06
8.198,0.09,-0.06
8.2,0.09,-0.055
8.202,0.085,-0.05
8.204,0.08,-0.05
8.206,0.1,-0.045
8.208,0.095,-0.045
8.21,0.095,-0.045
8.212,0.1,-0.05
8.214,0.095,-0.05
8.216,0.1,-0.06
8.218,0.085,-0.065
8.22,0.09,-0.07
8.222,0.08,-0.075
8.224,0.1,-0.075
8.226,0.1,-0.075
8.228,0.11,-0.07
8.23,0.11,-0.065
8.232,0.095,-0.06
8.234,0.1,-0.055
8.236,0.12,-0.05
8.238,0.095,-0.045
8.24,0.085,-0.045
8.242,0.09,-0.045
8.244,0.105,-0.045
8.246,0.105,-0.045
8.248,0.11,-0.045
8.25,0.105,-0.045
8.252,0.12,-0.045
8.254,0.125,-0.04
8.256,0.11,-0.04
8.258,0.115,-0.035
8.26,0.11,-0.035
8.262,0.12,-0.03
8.264,0.115,-0.03
8.266,0.135,-0.025
8.268,0.15,-0.025
8.27,0.14,-0.02
8.272,0.13,-0.015
8.274,0.145,-0.01
8.276,0.145,-0.005
8.278,0.165,0.005
8.28,0.165,0.01
8.282,0.16,0.015
8.284,0.18,0.02
8.286,0.18,0.025
8.288,0.17,0.025
8.29,0.19,0.03
8.292,0.2,0.035
8.294,0.215,0.04
8.296,0.21,0.05
8.298,0.23,0.055
8.3,0.23,0.065
8.302,0.21,0.07
8.304,0.215,0.08
8.306,0.23,0.085
8.308,0.235,0.09
8.31,0.26,0.095
8.312,0.26,0.1
8.314,0.26,0.105
8.316,0.26,0.105
8.318,0.26,0.11
8.32,0.255,0.115
8.322,0.265,0.115
8.324,0.25,0.12
8.326,0.275,0.12
8.328,0.28,0.12
8.33,0.29,0.12
8.332,0.255,0.12
8.334,0.25,0.12
8.336,0.25,0.12
8.338,0.28,0.115
8.34,0.28,0.115
8.342,0.265,0.12
8.344,0.265,0.12
8.346,0.26,0.12
8.348,0.235,0.12
8.35,0.23,0.115
8.352,0.23,0.11
8.354,0.225,0.105
8.356,0.21,0.095
8.358,0.22,0.085
8.36,0.22,0.075
8.362,0.215,0.06
8.364,0.17,0.05
8.366,0.18,0.045
8.368,0.185,0.04
8.37,0.17,0.035
8.372,0.16,0.03
8.374,0.15,0.025
8.376,0.15,0.02
8.378,0.145,0.015
8.38,0.135,0.01
8.382,0.135,0.0
8.384,0.125,-0.005
8.386,0.115,-0.015
8.388,0.1,-0.025
8.39,0.095,-0.03
8.392,0.1,-0.035
8.394,0.09,-0.04
8.396,0.09,-0.04
8.398,0.095,-0.045
8.4,0.095,-0.045
8.402,0.065,-0.045
8.404,0.075,-0.05
8.406,0.08,-0.05
8.408,0.1,-0.055
8.41,0.105,-0.06
8.412,0.08,-0.065
8.414,0.075,-0.07
8.416,0.08,-0.07
8.418,0.07,-0.07
8.42,0.08,-0.065
8.422,0.07,-0.06
8.424,0.08,-0.06
8.426,0.08,-0.055
8.428,0.07,-0.05
8.43,0.08,-0.05
8.432,0.085,-0.05
8.434,0.075,-0.055
8.436,0.09,-0.055
8.438,0.085,-0.06
8.44,0.09,-0.065
8.442,0.095,-0.065
8.444,0.085,-0.065
8.446,0.08,-0.065
8.448,0.065,-0.065
8.45,0.08,-0.06
8.452,0.08,-0.06
8.454,0.08,-0.055
8.456,0.085,-0.055
8.458,0.08,-0.055
8.46,0.08,-0.055
8.462,0.075,-0.055
8.464,0.075,-0.055
8.466,0.085,-0.055
8.468,0.085,-0.055
8.47,0.085,-0.055
8.472,0.085,-0.055
8.474,0.1,-0.05
8.476,0.08,-0.05
8.478,0.07,-0.05
8.48,0.07,-0.05
8.482,0.065,-0.055
8.484,0.065,-0.055
8.486,0.085,-0.055
8.488,0.07,-0.06
8.49,0.06,-0.06
8.492,0.06,-0.06
8.494,0.075,-0.06
8.496,0.07,-0.06
8.498,0.07,-0.055
8.5,0.08,-0.05
8.502,0.08,-0.045
8.504,0.08,-0.04
8.506,0.075,-0.04
8.508,0.085,-0.04
8.51,0.085,-0.04
8.512,0.08,-0.045
8.514,0.07,-0.05
8.516,0.075,-0.06
8.518,0.065,-0.065
8.52,0.045,-0.075
8.522,0.055,-0.08
8.524,0.06,-0.08
8.526,0.075,-0.08
8.528,0.075,-0.075
8.53,0.075,-0.07
8.532,0.09,-0.06
8.534,0.095,-0.055
8.536,0.085,-0.05
8.538,0.075,-0.045
8.54,0.065,-0.045
8.542,0.075,-0.045
8.544,0.085,-0.045
8.546,0.06,-0.05
8.548,0.07,-0.055
8.55,0.07,-0.06
8.552,0.08,-0.06
8.554,0.08,-0.065
8.556,0.08,-0.065
8.558,0.08,-0.065
8.56,0.08,-0.06
8.562,0.085,-0.06
8.564,0.08,-0.055
8.566,0.085,-0.05
8.568,0.09,-0.045
8.57,0.08,-0.04
8.572,0.085,-0.035
8.574,0.085,-0.035
8.576,0.07,-0.035
8.578,0.07,-0.035
8.58,0.08,-0.04
8.582,0.07,-0.045
8.584,0.07,-0.05
8.586,0.07,-0.055
8.588,0.07,-0.055
8.59,0.07,-0.055
8.592,0.07,-0.055
8.594,0.065,-0.055
8.596,0.06,-0.05
8.598,0.07,-0.045
8.6,0.07,-0.045
8.602,0.07,-0.045
8.604,0.075,-0.045
8.606,0.065,-0.045
8.608,0.07,-0.05
8.61,0.075,-0.055
8.612,0.065,-0.055
8.614,0.07,-0.06
8.616,0.065,-0.06
8.618,0.08,-0.06
8.62,0.055,-0.06
8.622,0.06,-0.06
8.624,0.07,-0.06
8.626,0.065,-0.06
8.628,0.075,-0.065
8.63,0.05,-0.07
8.632,0.05,-0.075
8.634,0.05,-0.08
8.636,0.04,-0.08
8.638,0.035,-0.085
8.64,0.045,-0.085
8.642,0.055,-0.085
8.644,0.05,-0.085
8.646,0.05,-0.08
8.648,0.05,-0.08
8.65,0.05,-0.075
8.652,0.045,-0.07
8.654,0.055,-0.065
8.656,0.05,-0.065
8.658,0.045,-0.065
8.66,0.045,-0.06
8.662,0.035,-0.06
8.664,0.04,-0.06
8.666,0.05,-0.065
8.668,0.045,-0.065
8.67,0.045,-0.065
8.672,0.055,-0.065
8.674,0.045,-0.06
8.676,0.03,-0.06
8.678,0.05,-0.06
8.68,0.055,-0.055
8.682,0.055,-0.055
8.684,0.075,-0.055
8.686,0.05,-0.055
8.688,0.06,-0.06
8.69,0.05,-0.06
8.692,0.03,-0.065
8.694,0.045,-0.065
8.696,0.05,-0.065
8.698,0.055,-0.065
8.7,0.07,-0.06
8.702,0.06,-0.06
8.704,0.07,-0.055
8.706,0.07,-0.05
8.708,0.075,-0.045
8.71,0.07,-0.045
8.712,0.075,-0.045
8.714,0.08,-0.045
8.716,0.085,-0.045
8.718,0.09,-0.05
8.72,0.09,-0.045
8.722,0.085,-0.045
8.724,0.09,-0.04
8.726,0.09,-0.03
8.728,0.12,-0.02
8.73,0.12,-0.01
8.732,0.105,0.005
8.734,0.11,0.01
8.736,0.1,0.02
8.738,0.095,0.02
8.74,0.095,0.02
8.742,0.1,0.015
8.744,0.1,0.01
8.746,0.095,0.005
8.748,0.095,0.0
8.75,0.1,-0.005
8.752,0.08,-0.01
8.754,0.075,-0.02
8.756,0.05,-0.025
8.758,0.045,-0.03
8.76,0.035,-0.035
8.762,0.04,-0.04
8.764,0.065,-0.05
8.766,0.07,-0.055
8.768,0.025,-0.06
8.77,0.025,-0.065
8.772,0.05,-0.065
8.774,0.04,-0.07
8.776,0.03,-0.07
8.778,0.02,-0.075
8.78,0.02,-0.075
8.782,0.01,-0.075
8.784,0.03,-0.075
8.786,0.025,-0.08
8.788,0.015,-0.08
8.79,0.03,-0.075
8.792,0.035,-0.075
8.794,0.035,-0.075
8.796,0.015,-0.075
8.798,0.01,-0.075
8.8,0.01,-0.075
8.802,0.01,-0.075
8.804,0.0,-0.075
8.806,0.01,-0.075
8.808,0.015,-0.08
8.81,0.015,-0.08
8.812,0.01,-0.085
8.814,-0.005,-0.085
8.816,-0.015,-0.09
8.818,-0.01,-0.095
8.82,0.0,-0.095
8.822,0.01,-0.1
8.824,0.02,-0.1
8.826,0.02,-0.1
8.828,0.02,-0.1
8.83,0.01,-0.1
8.832,-0.005,-0.1
8.834,-0.02,-0.11
8.836,-0.05,-0.125
8.838,-0.08,-0.145
8.84,-0.11,-0.18
8.842,-0.15,-0.215
8.844,-0.185,-0.255
8.846,-0.24,-0.29
8.848,-0.24,-0.305
8.85,-0.235,-0.295
8.852,-0.175,-0.255
8.854,-0.105,-0.175
8.856,0.02,-0.065
8.858,0.185,0.08
8.86,0.355,0.25
8.862,0.56,0.43
8.864,0.735,0.61
8.866,0.885,0.775
8.868,1.045,0.915
8.87,1.165,1.02
8.872,1.255,1.08
8.874,1.235,1.1
8.876,1.165,1.08
8.878,1.1,1.025
8.88,0.99,0.94
8.882,0.89,0.83
8.884,0.81,0.715
8.886,0.675,0.6
8.888,0.535,0.49
8.89,0.43,0.39
8.892,0.345,0.305
8.894,0.305,0.235
8.896,0.255,0.18
8.898,0.21,0.14
8.9,0.16,0.11
8.902,0.125,0.085
8.904,0.115,0.06
8.906,0.085,0.04
8.908,0.065,0.02
8.91,0.06,0.0
8.912,0.065,-0.02
8.914,0.065,-0.035
8.916,0.03,-0.05
8.918,0.025,-0.055
8.92,0.02,-0.06
8.922,0.02,-0.06
8.924,0.02,-0.06
8.926,0.025,-0.06
8.928,0.005,-0.06
8.93,0.01,-0.065
8.932,0.005,-0.065
8.934,-0.01,-0.07
8.936,-0.01,-0.075
8.938,-0.015,-0.08
8.94,-0.015,-0.085
8.942,0.005,-0.09
8.944,0.015,-0.09
8.946,-0.005,-0.09
8.948,-0.02,-0.09
8.95,-0.02,-0.09
8.952,-0.01,-0.085
8.954,0.01,-0.085
8.956,0.01,-0.08
8.958,0.005,-0.08
8.96,0.01,-0.08
8.962,0.025,-0.08
8.964,-0.005,-0.08
8.966,0.005,-0.08
8.968,0.0,-0.08
8.97,-0.005,-0.08
8.972,-0.01,-0.08
8.974,-0.01,-0.08
8.976,-0.01,-0.08
8.978,-0.015,-0.08
8.98,0.0,-0.08
8.982,0.01,-0.08
8.984,0.02,-0.08
8.986,0.005,-0.08
8.988,0.02,-0.08
8.99,0.01,-0.08
8.992,0.0,-0.075
8.994,0.02,-0.075
8.996,-0.015,-0.07
8.998,0.01,-0.065
9.0,0.015,-0.06
9.002,0.025,-0.06
9.004,0.015,-0.06
9.006,0.005,-0.06
9.008,0.005,-0.06
9.01,-0.005,-0.06
9.012,-0.005,-0.065
9.014,0.0,-0.065
9.016,-0.01,-0.065
9.018,-0.01,-0.07
9.02,-0.015,-0.065
9.022,0.01,-0.065
9.024,0.015,-0.06
9.026,0.01,-0.055
9.028,0.01,-0.055
9.03,0.005,-0.05
9.032,0.025,-0.045
9.034,0.005,-0.045
9.036,0.015,-0.045
9.038,0.015,-0.045
9.04,0.045,-0.045
9.042,0.03,-0.045
9.044,0.025,-0.045
9.046,0.025,-0.045
9.048,0.035,-0.045
9.05,0.045,-0.04
9.052,0.05,-0.035
9.054,0.07,-0.03
9.056,0.065,-0.02
9.058,0.06,-0.01
9.06,0.08,0.0
9.062,0.07,0.005
9.064,0.085,0.01
9.066,0.075,0.015
9.068,0.08,0.02
9.07,0.085,0.02
9.072,0.09,0.02
9.074,0.095,0.025
9.076,0.095,0.025
9.078,0.1,0.03
9.08,0.115,0.035
9.082,0.13,0.04
9.084,0.13,0.045
9.086,0.135,0.055
9.088,0.13,0.06
9.09,0.13,0.065
9.092,0.15,0.07
9.094,0.15,0.075
9.096,0.15,0.08
9.098,0.155,0.085
9.1,0.175,0.095
9.102,0.175,0.1
9.104,0.18,0.105
9.106,0.185,0.11
9.108,0.19,0.115
9.11,0.19,0.115
9.112,0.19,0.12
9.114,0.19,0.12
9.116,0.19,0.12
9.118,0.185,0.12
9.12,0.195,0.12
9.122,0.19,0.12
9.124,0.19,0.115
9.126,0.19,0.115
9.128,0.19,0.115
9.13,0.19,0.115
9.132,0.185,0.12
9.134,0.18,0.12
9.136,0.17,0.12
9.138,0.16,0.115
9.14,0.16,0.115
9.142,0.145,0.11
9.144,0.135,0.1
9.146,0.145,0.09
9.148,0.115,0.08
9.15,0.105,0.07
9.152,0.125,0.06
9.154,0.085,0.055
9.156,0.08,0.05
9.158,0.075,0.045
9.16,0.07,0.04
9.162,0.07,0.035
9.164,0.065,0.03
9.166,0.055,0.025
9.168,0.045,0.02
9.17,0.055,0.01
9.172,0.045,0.0
9.174,0.025,-0.005
9.176,0.02,-0.015
9.178,0.02,-0.02
9.18,0.015,-0.025
9.182,0.0,-0.025
9.184,0.01,-0.025
9.186,0.005,-0.03
9.188,0.015,-0.03
9.19,0.015,-0.035
9.192,0.0,-0.04
9.194,-0.005,-0.045
9.196,0.0,-0.05
9.198,-0.02,-0.055
9.2,0.0,-0.055
9.202,0.0,-0.055
9.204,-0.005,-0.055
9.206,-0.005,-0.05
9.208,-0.02,-0.05
9.21,-0.02,-0.045
9.212,-0.005,-0.045
9.214,0.0,-0.04
9.216,-0.005,-0.04
9.218,-0.005,-0.04
9.22,0.0,-0.04
9.222,0.005,-0.04
9.224,0.005,-0.04
9.226,0.0,-0.04
9.228,0.0,-0.035
9.23,-0.005,-0.035
9.232,0.0,-0.035
9.234,-0.015,-0.035
9.236,0.0,-0.035
9.238,-0.01,-0.04
9.24,-0.025,-0.04
9.242,-0.01,-0.045
9.244,0.01,-0.045
9.246,0.005,-0.05
9.248,-0.03,-0.05
9.25,-0.015,-0.05
9.252,-0.01,-0.05
9.254,-0.005,-0.05
9.256,-0.015,-0.05
9.258,-0.01,-0.05
9.26,-0.015,-0.055
9.262,-0.02,-0.055
9.264,-0.02,-0.055
9.266,-0.025,-0.055
9.268,-0.02,-0.055
9.27,-0.04,-0.055
9.272,-0.025,-0.055
9.274,-0.01,-0.05
9.276,-0.005,-0.05
9.278,-0.015,-0.045
9.28,-0.015,-0.04
9.282,-0.025,-0.04
9.284,-0.025,-0.04
9.286,-0.02,-0.035
9.288,0.005,-0.04
9.29,-0.015,-0.04
9.292,-0.02,-0.045
9.294,-0.02,-0.05
9.296,-0.01,-0.055
9.298,-0.015,-0.055
9.3,-0.02,-0.06
9.302,-0.02,-0.06
9.304,-0.02,-0.06
9.306,-0.01,-0.055
9.308,-0.02,-0.05
9.31,-0.005,-0.045
9.312,-0.005,-0.04
9.314,-0.02,-0.035
9.316,-0.02,-0.035
9.318,-0.02,-0.035
9.32,-0.025,-0.035
9.322,-0.02,-0.035
9.324,-0.02,-0.04
9.326,-0.03,-0.04
9.328,-0.03,-0.04
9.33,-0.02,-0.04
9.332,-0.02,-0.04
9.334,-0.025,-0.035
9.336,-0.03,-0.035
9.338,-0.02,-0.035
9.34,-0.025,-0.04
9.342,-0.015,-0.045
9.344,-0.025,-0.045
9.346,-0.035,-0.05
9.348,-0.02,-0.055
9.35,-0.015,-0.055
9.352,-0.01,-0.055
9.354,-0.02,-0.05
9.356,-0.04,-0.045
9.358,-0.035,-0.04
9.36,-0.025,-0.035
9.362,-0.02,-0.035
9.364,-0.025,-0.035
9.366,-0.03,-0.035
9.368,-0.035,-0.035
9.37,-0.025,-0.035
9.372,-0.025,-0.035
9.374,-0.025,-0.035
9.376,-0.025,-0.035
9.378,-0.02,-0.035
9.38,-0.025,-0.035
9.382,-0.025,-0.035
9.384,-0.035,-0.035
9.386,-0.015,-0.035
9.388,-0.02,-0.035
9.39,-0.045,-0.04
9.392,-0.045,-0.045
9.394,-0.035,-0.05
9.396,-0.04,-0.05
9.398,-0.03,-0.055
9.4,-0.025,-0.055
9.402,-0.04,-0.06
9.404,-0.035,-0.06
9.406,-0.035,-0.06
9.408,-0.055,-0.065
9.41,-0.055,-0.065
9.412,-0.045,-0.07
9.414,-0.05,-0.07
9.416,-0.04,-0.075
9.418,-0.035,-0.075
9.42,-0.035,-0.08
9.422,-0.04,-0.08
9.424,-0.035,-0.075
9.426,-0.04,-0.075
9.428,-0.035,-0.07
9.43,-0.05,-0.065
9.432,-0.06,-0.065
9.434,-0.06,-0.06
9.436,-0.06,-0.06
9.438,-0.06,-0.055
9.44,-0.045,-0.055
9.442,-0.04,-0.06
9.444,-0.05,-0.06
9.446,-0.045,-0.06
9.448,-0.03,-0.065
9.45,-0.03,-0.065
9.452,-0.06,-0.065
9.454,-0.065,-0.065
9.456,-0.05,-0.065
9.458,-0.04,-0.065
9.46,-0.04,-0.065
9.462,-0.035,-0.065
9.464,-0.06,-0.06
9.466,-0.045,-0.06
9.468,-0.035,-0.06
9.47,-0.04,-0.06
9.472,-0.035,-0.06
9.474,-0.055,-0.06
9.476,-0.055,-0.06
9.478,-0.055,-0.06
9.48,-0.055,-0.06
9.482,-0.05,-0.06
9.484,-0.045,-0.06
9.486,-0.04,-0.06
9.488,-0.04,-0.06
9.49,-0.03,-0.06
9.492,-0.02,-0.055
9.494,-0.015,-0.05
9.496,-0.025,-0.045
9.498,-0.015,-0.04
9.5,-0.015,-0.03
9.502,-0.015,-0.025
9.504,-0.015,-0.02
9.506,-0.01,-0.015
9.508,-0.01,-0.01
9.51,-0.01,-0.01
9.512,0.005,-0.005
9.514,0.015,-0.005
9.516,0.025,0.0
9.518,0.03,0.005
9.52,0.04,0.005
9.522,0.035,0.01
9.524,0.035,0.01
9.526,0.025,0.015
9.528,0.03,0.015
9.53,0.03,0.015
9.532,0.03,0.015
9.534,0.005,0.015
9.536,-0.01,0.01
9.538,0.015,0.005
9.54,0.01,0.0
9.542,-0.005,-0.005
9.544,-0.025,-0.01
9.546,-0.03,-0.015
9.548,-0.04,-0.02
9.55,-0.045,-0.025
9.552,-0.04,-0.03
9.554,-0.04,-0.03
9.556,-0.045,-0.035
9.558,-0.04,-0.035
9.56,-0.045,-0.04
9.562,-0.05,-0.045
9.564,-0.055,-0.05
9.566,-0.05,-0.05
9.568,-0.05,-0.055
9.57,-0.06,-0.06
9.572,-0.05,-0.065
9.574,-0.06,-0.065
9.576,-0.065,-0.07
9.578,-0.06,-0.07
9.58,-0.055,-0.07
9.582,-0.065,-0.07
9.584,-0.075,-0.07
9.586,-0.07,-0.075
9.588,-0.065,-0.075
9.59,-0.065,-0.08
9.592,-0.07,-0.08
9.594,-0.07,-0.08
9.596,-0.08,-0.08
9.598,-0.075,-0.08
9.6,-0.08,-0.08
9.602,-0.085,-0.075
9.604,-0.08,-0.075
9.606,-0.08,-0.08
9.608,-0.08,-0.08
9.61,-0.075,-0.085
9.612,-0.08,-0.09
9.614,-0.08,-0.095
9.616,-0.07,-0.1
9.618,-0.08,-0.1
9.62,-0.095,-0.105
9.622,-0.1,-0.11
9.624,-0.1,-0.115
9.626,-0.135,-0.135
9.628,-0.18,-0.155
9.63,-0.205,-0.19
9.632,-0.24,-0.225
9.634,-0.285,-0.26
9.636,-0.32,-0.285
9.638,-0.305,-0.285
9.64,-0.275,-0.265
9.642,-0.215,-0.205
9.644,-0.11,-0.105
9.646,0.055,0.025
9.648,0.22,0.19
9.65,0.395,0.37
9.652,0.595,0.55
9.654,0.76,0.725
9.656,0.9,0.875
9.658,1.05,0.99
9.66,1.165,1.07
9.662,1.19,1.1
9.664,1.125,1.095
9.666,1.05,1.055
9.668,0.97,0.98
9.67,0.875,0.885
9.672,0.795,0.78
9.674,0.65,0.665
9.676,0.505,0.55
9.678,0.39,0.445
9.68,0.305,0.35
9.682,0.265,0.265
9.684,0.21,0.2
9.686,0.15,0.15
9.688,0.11,0.11
9.69,0.085,0.085
9.692,0.05,0.065
9.694,0.02,0.05
9.696,0.005,0.04
9.698,-0.005,0.025
9.7,-0.02,0.005
9.702,-0.02,-0.01
9.704,-0.02,-0.025
9.706,-0.02,-0.04
9.708,-0.025,-0.055
9.71,-0.05,-0.06
9.712,-0.05,-0.065
9.714,-0.065,-0.065
9.716,-0.065,-0.06
9.718,-0.07,-0.055
9.72,-0.07,-0.05
9.722,-0.065,-0.05
9.724,-0.065,-0.055
9.726,-0.065,-0.055
9.728,-0.07,-0.06
9.73,-0.08,-0.065
9.732,-0.085,-0.07
9.734,-0.08,-0.075
9.736,-0.065,-0.08
9.738,-0.075,-0.08
9.74,-0.07,-0.08
9.742,-0.065,-0.08
9.744,-0.075,-0.08
9.746,-0.065,-0.085
9.748,-0.075,-0.085
9.75,-0.08,-0.085
9.752,-0.075,-0.085
9.754,-0.075,-0.09
9.756,-0.07,-0.09
9.758,-0.065,-0.09
9.76,-0.07,-0.09
9.762,-0.07,-0.09
9.764,-0.06,-0.085
9.766,-0.055,-0.08
9.768,-0.04,-0.075
9.77,-0.055,-0.07
9.772,-0.08,-0.065
9.774,-0.065,-0.06
9.776,-0.065,-0.055
9.778,-0.07,-0.055
9.78,-0.07,-0.055
9.782,-0.075,-0.055
9.784,-0.065,-0.06
9.786,-0.06,-0.06
9.788,-0.06,-0.065
9.79,-0.075,-0.065
9.792,-0.075,-0.065
9.794,-0.055,-0.065
9.796,-0.05,-0.06
9.798,-0.035,-0.06
9.8,-0.03,-0.055
9.802,-0.04,-0.05
9.804,-0.045,-0.05
9.806,-0.05,-0.045
9.808,-0.055,-0.045
9.81,-0.065,-0.045
9.812,-0.06,-0.05
9.814,-0.03,-0.055
9.816,-0.02,-0.055
9.818,-0.03,-0.06
9.82,-0.03,-0.06
9.822,-0.02,-0.055
9.824,-0.025,-0.055
9.826,-0.015,-0.05
9.828,-0.015,-0.045
9.83,-0.025,-0.04
9.832,-0.03,-0.03
9.834,-0.015,-0.025
9.836,-0.02,-0.02
9.838,-0.02,-0.02
9.84,-0.01,-0.015
9.842,-0.005,-0.015
9.844,0.01,-0.015
9.846,0.025,-0.015
9.848,0.015,-0.015
9.85,0.02,-0.015
9.852,0.02,-0.01
9.854,0.025,-0.005
9.856,0.025,0.0
9.858,0.035,0.005
9.86,0.055,0.01
9.862,0.05,0.02
9.864,0.06,0.025
9.866,0.065,0.03
9.868,0.08,0.04
9.87,0.08,0.045
9.872,0.08,0.055
9.874,0.105,0.06
9.876,0.1,0.065
9.878,0.1,0.07
9.88,0.105,0.075
9.882,0.115,0.08
9.884,0.125,0.085
9.886,0.12,0.09
9.888,0.13,0.095
9.89,0.135,0.1
9.892,0.145,0.11
9.894,0.155,0.115
9.896,0.145,0.12
9.898,0.14,0.13
9.9,0.14,0.135
9.902,0.14,0.135
9.904,0.16,0.14
9.906,0.155,0.14
9.908,0.155,0.14
9.91,0.155,0.14
9.912,0.145,0.135
9.914,0.15,0.135
9.916,0.155,0.13
9.918,0.14,0.13
9.92,0.155,0.125
9.922,0.115,0.12
9.924,0.14,0.115
9.926,0.12,0.11
9.928,0.105,0.1
9.93,0.11,0.09
9.932,0.095,0.08
9.934,0.095,0.075
9.936,0.095,0.065
9.938,0.095,0.06
9.94,0.07,0.06
9.942,0.07,0.06
9.944,0.07,0.055
9.946,0.055,0.055
9.948,0.045,0.05
9.95,0.035,0.045
9.952,0.025,0.035
9.954,0.01,0.025
9.956,0.02,0.015
9.958,0.01,0.01
9.96,0.02,0.0
9.962,0.0,-0.01
9.964,0.0,-0.015
9.966,0.0,-0.02
9.968,-0.005,-0.025
9.97,-0.015,-0.025
9.972,-0.01,-0.025
9.974,-0.02,-0.025
9.976,-0.015,-0.025
9.978,-0.005,-0.025
9.98,0.0,-0.025
9.982,-0.01,-0.025
9.984,-0.015,-0.025
9.986,-0.03,-0.025
9.988,-0.015,-0.03
9.99,-0.015,-0.03
9.992,-0.03,-0.035
9.994,-0.025,-0.04
9.996,-0.01,-0.04
9.998,-0.025,-0.045
10.0,-0.025,-0.045
10.002,-0.02,-0.045
10.004,-0.025,-0.04
10.006,-0.015,-0.04
10.008,-0.015,-0.04
10.01,-0.025,-0.04
10.012,-0.02,-0.04
10.014,-0.035,-0.045
10.016,-0.01,-0.05
10.018,-0.04,-0.055
10.02,-0.015,-0.06
10.022,-0.01,-0.06
10.024,-0.005,-0.06
10.026,-0.02,-0.055
10.028,-0.005,-0.055
10.03,-0.015,-0.05
10.032,-0.04,-0.05
10.034,-0.04,-0.05
10.036,-0.03,-0.05
10.038,-0.03,-0.055
10.04,-0.02,-0.06
10.042,-0.02,-0.065
10.044,-0.035,-0.07
10.046,-0.045,-0.07
10.048,-0.04,-0.07
10.05,-0.03,-0.07
10.052,-0.005,-0.065
10.054,-0.035,-0.06
10.056,-0.01,-0.055
10.058,-0.02,-0.055
10.06,-0.02,-0.05
10.062,-0.025,-0.05
10.064,-0.01,-0.05
10.066,-0.02,-0.05
10.068,-0.01,-0.05
10.07,-0.02,-0.05
10.072,-0.015,-0.05
10.074,-0.005,-0.045
10.076,0.005,-0.045
10.078,0.005,-0.04
10.08,0.0,-0.04
10.082,-0.015,-0.04
10.084,-0.02,-0.045
10.086,-0.015,-0.045
10.088,-0.025,-0.05
10.09,-0.015,-0.055
10.092,-0.02,-0.055
10.094,-0.02,-0.055
10.096,0.0,-0.05
10.098,0.0,-0.05
10.1,0.005,-0.045
10.102,0.0,-0.045
10.104,0.0,-0.045
10.106,-0.02,-0.045
10.108,-0.015,-0.05
10.11,-0.005,-0.055
10.112,-0.015,-0.055
10.114,-0.02,-0.055
10.116,-0.015,-0.06
10.118,-0.01,-0.055
10.12,0.005,-0.055
10.122,0.0,-0.05
10.124,0.015,-0.045
10.126,0.005,-0.045
10.128,0.005,-0.045
10.13,0.005,-0.045
10.132,-0.015,-0.045
10.134,-0.015,-0.045
10.136,-0.005,-0.05
10.138,-0.015,-0.05
10.14,-0.005,-0.05
10.142,-0.02,-0.05
10.144,-0.01,-0.05
10.146,-0.01,-0.045
10.148,-0.01,-0.04
10.15,-0.005,-0.035
10.152,-0.005,-0.035
10.154,0.0,-0.03
10.156,-0.005,-0.03
10.158,-0.005,-0.03
10.16,-0.01,-0.03
10.162,-0.015,-0.035
10.164,-0.005,-0.035
10.166,0.0,-0.035
10.168,0.0,-0.03
10.17,0.005,-0.03
10.172,-0.005,-0.03
10.174,0.005,-0.025
10.176,0.005,-0.025
10.178,0.005,-0.025
10.18,0.005,-0.025
10.182,0.0,-0.025
10.184,0.005,-0.03
10.186,-0.005,-0.035
10.188,0.0,-0.035
10.19,0.01,-0.04
10.192,0.0,-0.045
10.194,0.015,-0.045
10.196,-0.005,-0.05
10.198,0.0,-0.05
10.2,0.01,-0.045
10.202,-0.01,-0.045
10.204,0.005,-0.045
10.206,-0.005,-0.045
10.208,-0.005,-0.045
10.21,-0.005,-0.045
10.212,0.0,-0.045
10.214,-0.01,-0.05
10.216,-0.02,-0.05
10.218,-0.015,-0.055
10.22,0.005,-0.06
10.222,-0.015,-0.07
10.224,-0.015,-0.075
10.226,-0.01,-0.075
10.228,-0.005,-0.08
10.23,-0.005,-0.08
10.232,-0.005,-0.075
10.234,0.0,-0.075
10.236,-0.005,-0.07
10.238,-0.01,-0.065
10.24,0.0,-0.06
10.242,-0.01,-0.055
10.244,-0.005,-0.05
10.246,0.0,-0.05
10.248,-0.005,-0.05
10.25,0.0,-0.055
10.252,-0.01,-0.055
10.254,0.0,-0.055
10.256,0.01,-0.055
10.258,0.01,-0.055
10.26,0.005,-0.055
10.262,-0.005,-0.05
10.264,-0.005,-0.05
10.266,0.0,-0.045
10.268,-0.005,-0.045
10.27,-0.005,-0.045
10.272,0.005,-0.04
10.274,0.01,-0.04
10.276,0.025,-0.035
10.278,0.02,-0.035
10.28,0.02,-0.035
10.282,0.015,-0.035
10.284,0.025,-0.035
10.286,0.02,-0.03
10.288,0.02,-0.03
10.29,0.03,-0.03
10.292,0.035,-0.025
10.294,0.04,-0.02
10.296,0.05,-0.015
10.298,0.07,-0.01
10.3,0.065,0.0
10.302,0.065,0.005
10.304,0.08,0.015
10.306,0.09,0.02
10.308,0.08,0.025
10.31,0.08,0.03
10.312,0.08,0.035
10.314,0.075,0.035
10.316,0.075,0.035
10.318,0.075,0.03
10.32,0.075,0.03
10.322,0.055,0.025
10.324,0.055,0.02
10.326,0.045,0.015
10.328,0.065,0.005
10.33,0.07,0.0
10.332,0.025,-0.01
10.334,0.025,-0.025
10.336,0.025,-0.035
10.338,0.04,-0.045
10.34,0.005,-0.05
10.342,0.005,-0.055
10.344,0.015,-0.06
10.346,0.005,-0.065
10.348,-0.005,-0.065
10.35,0.005,-0.06
10.352,0.015,-0.06
10.354,0.005,-0.055
10.356,0.01,-0.055
10.358,0.02,-0.05
10.36,0.015,-0.05
10.362,0.0,-0.045
10.364,0.005,-0.045
10.366,-0.01,-0.05
10.368,-0.005,-0.05
10.37,0.005,-0.055
10.372,0.005,-0.055
10.374,-0.005,-0.06
10.376,-0.005,-0.06
10.378,-0.015,-0.06
10.38,-0.015,-0.06
10.382,0.0,-0.06
10.384,0.005,-0.055
10.386,0.005,-0.055
10.388,0.005,-0.05
10.39,0.005,-0.05
10.392,-0.005,-0.05
10.394,0.005,-0.055
10.396,0.0,-0.055
10.398,0.0,-0.055
10.4,0.0,-0.06
10.402,0.005,-0.06
10.404,-0.005,-0.055
10.406,0.005,-0.055
10.408,0.0,-0.055
10.41,0.0,-0.06
10.412,-0.02,-0.075
10.414,-0.06,-0.1
10.416,-0.095,-0.13
10.418,-0.145,-0.17
10.42,-0.17,-0.21
10.422,-0.215,-0.25
10.424,-0.225,-0.275
10.426,-0.21,-0.275
10.428,-0.215,-0.25
10.43,-0.16,-0.19
10.432,-0.06,-0.1
10.434,0.105,0.025
10.436,0.265,0.175
10.438,0.44,0.345
10.44,0.605,0.52
10.442,0.765,0.685
10.444,0.925,0.835
10.446,1.095,0.955
10.448,1.19,1.04
10.45,1.23,1.085
10.452,1.175,1.09
10.454,1.105,1.055
10.456,1.035,0.98
10.458,0.915,0.885
10.46,0.83,0.77
10.462,0.715,0.65
10.464,0.56,0.535
10.466,0.44,0.43
10.468,0.365,0.34
10.47,0.315,0.265
10.472,0.275,0.215
10.474,0.23,0.175
10.476,0.18,0.145
10.478,0.155,0.12
10.48,0.13,0.1
10.482,0.105,0.075
10.484,0.09,0.05
10.486,0.075,0.025
10.488,0.06,0.005
10.49,0.05,-0.015
10.492,0.035,-0.03
10.494,0.055,-0.035
10.496,0.04,-0.035
10.498,0.02,-0.03
10.5,0.01,-0.03
10.502,0.02,-0.025
10.504,0.025,-0.025
10.506,0.02,-0.03
10.508,0.015,-0.04
10.51,0.01,-0.045
10.512,0.0,-0.055
10.514,0.005,-0.065
10.516,0.005,-0.065
10.518,0.0,-0.07
10.52,0.005,-0.065
10.522,0.005,-0.065
10.524,0.02,-0.06
10.526,0.005,-0.055
10.528,0.0,-0.055
10.53,0.015,-0.05
10.532,0.01,-0.05
10.534,0.005,-0.05
10.536,0.02,-0.055
10.538,0.015,-0.055
10.54,0.005,-0.05
10.542,0.0,-0.05
10.544,-0.005,-0.055
10.546,-0.005,-0.055
10.548,0.01,-0.055
10.55,0.0,-0.06
10.552,0.005,-0.06
10.554,0.005,-0.065
10.556,-0.005,-0.07
10.558,0.005,-0.07
10.56,0.01,-0.07
10.562,0.005,-0.07
10.564,0.02,-0.07
10.566,0.01,-0.065
10.568,0.015,-0.06
10.57,0.01,-0.06
10.572,0.025,-0.055
10.574,0.03,-0.055
10.576,0.015,-0.055
10.578,0.005,-0.055
10.58,0.005,-0.055
10.582,0.01,-0.055
10.584,0.01,-0.055
10.586,0.0,-0.055
10.588,0.02,-0.055
10.59,0.035,-0.055
10.592,0.03,-0.05
10.594,0.03,-0.05
10.596,0.02,-0.045
10.598,0.02,-0.045
10.6,0.035,-0.04
10.602,0.04,-0.04
10.604,0.02,-0.04
10.606,0.025,-0.04
10.608,0.025,-0.04
10.61,0.015,-0.045
10.612,0.03,-0.045
10.614,0.03,-0.05
10.616,0.04,-0.05
10.618,0.045,-0.05
10.62,0.055,-0.045
10.622,0.045,-0.045
10.624,0.045,-0.04
10.626,0.06,-0.035
10.628,0.055,-0.03
10.63,0.06,-0.025
10.632,0.05,-0.025
10.634,0.065,-0.02
10.636,0.065,-0.02
10.638,0.07,-0.02
10.64,0.06,-0.015
10.642,0.075,-0.015
10.644,0.09,-0.01
10.646,0.09,-0.01
10.648,0.09,-0.005
10.65,0.1,0.0
10.652,0.11,0.005
10.654,0.105,0.01
10.656,0.11,0.015
10.658,0.115,0.02
10.66,0.12,0.025
10.662,0.135,0.035
10.664,0.135,0.04
10.666,0.14,0.045
10.668,0.145,0.05
10.67,0.155,0.06
10.672,0.165,0.065
10.674,0.175,0.07
10.676,0.18,0.075
10.678,0.18,0.08
10.68,0.17,0.085
10.682,0.185,0.09
10.684,0.195,0.095
10.686,0.19,0.095
10.688,0.175,0.1
10.69,0.175,0.1
10.692,0.18,0.1
10.694,0.175,0.1
10.696,0.18,0.095
10.698,0.185,0.095
10.7,0.195,0.09
10.702,0.19,0.09
10.704,0.185,0.085
10.706,0.175,0.085
10.708,0.17,0.085
10.71,0.175,0.085
10.712,0.185,0.085
10.714,0.17,0.085
10.716,0.15,0.085
10.718,0.155,0.085
10.72,0.13,0.085
10.722,0.135,0.08
10.724,0.115,0.075
10.726,0.12,0.065
10.728,0.13,0.055
10.73,0.115,0.05
10.732,0.1,0.04
10.734,0.095,0.03
10.736,0.08,0.02
10.738,0.075,0.01
10.74,0.08,0.0
10.742,0.06,-0.005
10.744,0.06,-0.01
10.746,0.045,-0.015
10.748,0.05,-0.02
10.75,0.055,-0.025
10.752,0.05,-0.025
10.754,0.035,-0.025
10.756,0.045,-0.03
10.758,0.055,-0.03
10.76,0.055,-0.035
10.762,0.04,-0.04
10.764,0.04,-0.04
10.766,0.03,-0.045
10.768,0.035,-0.05
10.77,0.035,-0.055
10.772,0.025,-0.055
10.774,0.025,-0.06
10.776,0.035,-0.06
10.778,0.045,-0.06
10.78,0.03,-0.055
10.782,0.04,-0.055
10.784,0.035,-0.05
10.786,0.025,-0.05
10.788,0.035,-0.05
10.79,0.035,-0.045
10.792,0.03,-0.045
10.794,0.035,-0.045
10.796,0.03,-0.045
10.798,0.025,-0.045
10.8,0.025,-0.045
10.802,0.025,-0.045
10.804,0.015,-0.045
10.806,0.03,-0.045
10.808,0.03,-0.045
10.81,0.04,-0.045
10.812,0.03,-0.045
10.814,0.03,-0.045
10.816,0.04,-0.05
10.818,0.035,-0.05
10.82,0.03,-0.055
10.822,0.035,-0.055
10.824,0.015,-0.055
10.826,0.03,-0.06
10.828,0.025,-0.06
10.83,0.025,-0.06
10.832,0.03,-0.06
10.834,0.035,-0.06
10.836,0.03,-0.06
10.838,0.03,-0.06
10.84,0.03,-0.06
10.842,0.045,-0.06
10.844,0.025,-0.06
10.846,0.015,-0.06
10.848,0.02,-0.06
10.85,0.02,-0.06
10.852,0.03,-0.055
10.854,0.03,-0.055
10.856,0.03,-0.055
10.858,0.015,-0.055
10.86,0.005,-0.055
10.862,0.015,-0.055
10.864,0.015,-0.055
10.866,0.01,-0.06
10.868,0.025,-0.06
10.87,0.02,-0.06
10.872,0.03,-0.06
10.874,0.02,-0.06
10.876,0.035,-0.06
10.878,0.035,-0.06
10.88,0.03,-0.06
10.882,0.03,-0.06
10.884,0.03,-0.055
10.886,0.025,-0.055
10.888,0.03,-0.05
10.89,0.025,-0.045
10.892,0.03,-0.045
10.894,0.035,-0.04
10.896,0.03,-0.04
10.898,0.025,-0.035
10.9,0.02,-0.035
10.902,0.02,-0.035
10.904,0.015,-0.035
10.906,0.02,-0.035
10.908,0.025,-0.04
10.91,0.025,-0.045
10.912,0.025,-0.045
10.914,0.02,-0.05
10.916,0.015,-0.055
10.918,0.015,-0.06
10.92,0.015,-0.065
10.922,0.02,-0.07
10.924,0.02,-0.07
10.926,0.02,-0.07
10.928,0.025,-0.07
10.93,0.02,-0.07
10.932,0.015,-0.07
10.934,0.02,-0.07
10.936,0.015,-0.07
10.938,0.015,-0.07
10.94,0.015,-0.07
10.942,0.03,-0.07
10.944,0.025,-0.07
10.946,0.025,-0.075
10.948,0.025,-0.075
10.95,0.025,-0.07
10.952,0.035,-0.07
10.954,0.035,-0.065
10.956,0.025,-0.06
10.958,0.035,-0.055
10.96,0.03,-0.05
10.962,0.03,-0.045
10.964,0.035,-0.04
10.966,0.025,-0.04
10.968,0.03,-0.035
10.97,0.025,-0.035
10.972,0.025,-0.035
10.974,0.025,-0.035
10.976,0.025,-0.035
10.978,0.02,-0.04
10.98,0.02,-0.045
10.982,0.02,-0.045
10.984,0.02,-0.05
10.986,0.015,-0.055
10.988,0.025,-0.055
10.99,0.03,-0.06
10.992,0.035,-0.06
10.994,0.025,-0.065
10.996,0.015,-0.065
10.998,0.005,-0.065
11.0,0.015,-0.07
11.002,0.005,-0.07
11.004,0.01,-0.075
11.006,0.01,-0.075
11.008,0.015,-0.08
11.01,0.02,-0.08
11.012,0.02,-0.075
11.014,0.015,-0.075
11.016,0.025,-0.07
11.018,0.03,-0.07
11.02,0.025,-0.065
11.022,0.025,-0.06
11.024,0.02,-0.055
11.026,0.015,-0.055
11.028,0.015,-0.05
11.03,0.015,-0.05
11.032,0.01,-0.05
11.034,0.005,-0.05
11.036,0.01,-0.05
11.038,0.01,-0.055
11.04,0.01,-0.055
11.042,0.005,-0.06
11.044,0.02,-0.065
11.046,0.02,-0.07
11.048,0.015,-0.075
11.05,0.02,-0.08
11.052,0.015,-0.085
11.054,0.02,-0.09
11.056,0.02,-0.09
11.058,0.02,-0.09
11.06,0.02,-0.09
11.062,0.02,-0.085
11.064,0.02,-0.075
11.066,0.025,-0.07
11.068,0.015,-0.06
11.07,0.02,-0.05
11.072,0.04,-0.045
11.074,0.04,-0.04
11.076,0.04,-0.035
11.078,0.045,-0.035
11.08,0.035,-0.035
11.082,0.05,-0.035
11.084,0.05,-0.035
11.086,0.065,-0.035
11.088,0.075,-0.03
11.09,0.07,-0.02
11.092,0.075,-0.015
11.094,0.09,-0.005
11.096,0.085,0.0
11.098,0.085,0.005
11.1,0.09,0.005
11.102,0.08,0.0
11.104,0.09,0.0
11.106,0.095,-0.005
11.108,0.095,-0.01
11.11,0.09,-0.01
11.112,0.09,-0.01
11.114,0.085,-0.005
11.116,0.075,-0.005
11.118,0.06,-0.005
11.12,0.045,-0.005
11.122,0.03,-0.01
11.124,0.02,-0.02
11.126,0.015,-0.03
11.128,0.025,-0.04
11.13,0.025,-0.055
11.132,0.025,-0.065
11.134,0.015,-0.075
11.136,0.015,-0.08
11.138,0.02,-0.08
11.14,0.01,-0.08
11.142,0.01,-0.08
11.144,0.01,-0.075
11.146,0.005,-0.07
11.148,0.01,-0.07
11.15,0.005,-0.065
11.152,0.01,-0.065
11.154,0.015,-0.065
11.156,0.015,-0.065
11.158,0.005,-0.065
11.16,0.005,-0.065
11.162,-0.005,-0.065
11.164,0.0,-0.07
11.166,0.0,-0.07
11.168,0.005,-0.075
11.17,0.015,-0.075
11.172,0.005,-0.08
11.174,-0.01,-0.08
11.176,-0.01,-0.085
11.178,0.0,-0.085
11.18,0.005,-0.085
11.182,-0.005,-0.085
11.184,-0.005,-0.085
11.186,-0.01,-0.09
11.188,-0.005,-0.09
11.19,0.0,-0.09
11.192,-0.01,-0.095
11.194,-0.015,-0.095
11.196,-0.025,-0.095
11.198,-0.03,-0.1
11.2,-0.035,-0.11
11.202,-0.055,-0.125
11.204,-0.1,-0.15
11.206,-0.135,-0.185
11.208,-0.15,-0.22
11.21,-0.19,-0.26
11.212,-0.235,-0.29
11.214,-0.25,-0.31
11.216,-0.23,-0.305
11.218,-0.19,-0.27
11.22,-0.135,-0.2
11.222,-0.03,-0.095
11.224,0.135,0.04
11.226,0.3,0.2
11.228,0.48,0.375
11.23,0.66,0.55
11.232,0.82,0.715
11.234,0.98,0.86
11.236,1.115,0.97
11.238,1.205,1.04
11.24,1.2,1.07
11.242,1.135,1.06
11.244,1.07,1.01
11.246,0.995,0.935
11.248,0.895,0.835
11.25,0.815,0.725
11.252,0.69,0.61
11.254,0.54,0.5
11.256,0.425,0.405
11.258,0.365,0.32
11.26,0.31,0.25
11.262,0.27,0.195
11.264,0.225,0.155
11.266,0.185,0.125
11.268,0.15,0.105
11.27,0.125,0.08
11.272,0.095,0.055
11.274,0.08,0.03
11.276,0.07,0.005
11.278,0.05,-0.02
11.28,0.04,-0.045
11.282,0.02,-0.06
11.284,0.025,-0.075
11.286,0.02,-0.08
11.288,0.015,-0.08
11.29,0.02,-0.08
11.292,0.01,-0.075
11.294,-0.015,-0.07
11.296,0.0,-0.07
11.298,0.015,-0.07
11.3,0.005,-0.07
11.302,0.0,-0.075
11.304,0.0,-0.08
11.306,0.0,-0.08
11.308,0.0,-0.08
11.31,0.005,-0.08
11.312,-0.005,-0.075
11.314,0.005,-0.07
11.316,0.005,-0.07
11.318,-0.005,-0.07
11.32,-0.005,-0.07
11.322,-0.005,-0.075
11.324,0.0,-0.075
11.326,0.005,-0.08
11.328,0.0,-0.085
11.33,0.01,-0.085
11.332,0.015,-0.085
11.334,0.025,-0.085
11.336,0.035,-0.08
11.338,0.015,-0.08
11.34,0.01,-0.075
11.342,-0.005,-0.075
11.344,0.005,-0.075
11.346,0.02,-0.075
11.348,0.01,-0.075
11.35,0.015,-0.075
11.352,0.02,-0.075
11.354,0.02,-0.075
11.356,0.02,-0.07
11.358,0.02,-0.065
11.36,0.01,-0.065
11.362,0.02,-0.055
11.364,0.015,-0.055
11.366,0.01,-0.05
11.368,0.015,-0.045
11.37,0.025,-0.045
11.372,0.025,-0.045
11.374,0.02,-0.045
11.376,0.02,-0.045
11.378,0.02,-0.045
11.38,0.03,-0.045
11.382,0.03,-0.045
11.384,0.03,-0.045
11.386,0.035,-0.045
11.388,0.035,-0.045
11.39,0.035,-0.045
11.392,0.035,-0.045
11.394,0.035,-0.045
11.396,0.035,-0.045
11.398,0.03,-0.045
11.4,0.03,-0.045
11.402,0.03,-0.045
11.404,0.025,-0.04
11.406,0.035,-0.04
11.408,0.06,-0.04
11.41,0.07,-0.035
11.412,0.06,-0.035
11.414,0.06,-0.035
11.416,0.065,-0.035
11.418,0.065,-0.03
11.42,0.06,-0.03
11.422,0.07,-0.025
11.424,0.085,-0.02
11.426,0.085,-0.015
11.428,0.085,-0.01
11.43,0.09,-0.01
11.432,0.095,-0.005
11.434,0.095,0.0
11.436,0.1,0.0
11.438,0.105,0.005
11.44,0.105,0.01
11.442,0.11,0.02
11.444,0.125,0.025
11.446,0.13,0.035
11.448,0.14,0.045
11.45,0.15,0.05
11.452,0.16,0.06
11.454,0.17,0.065
11.456,0.165,0.07
11.458,0.175,0.075
11.46,0.17,0.08
11.462,0.18,0.08
11.464,0.185,0.085
11.466,0.18,0.09
11.468,0.19,0.095
11.47,0.195,0.1
11.472,0.205,0.105
11.474,0.21,0.11
11.476,0.22,0.115
11.478,0.215,0.115
11.48,0.21,0.12
11.482,0.21,0.12
11.484,0.205,0.12
11.486,0.215,0.115
11.488,0.215,0.115
11.49,0.22,0.115
11.492,0.22,0.115
11.494,0.215,0.12
11.496,0.21,0.12
11.498,0.2,0.125
11.5,0.195,0.125
11.502,0.195,0.125
11.504,0.19,0.125
11.506,0.18,0.115
11.508,0.165,0.11
11.51,0.145,0.1
11.512,0.16,0.09
11.514,0.15,0.08
11.516,0.135,0.075
11.518,0.135,0.07
11.52,0.13,0.065
11.522,0.12,0.06
11.524,0.12,0.055
11.526,0.12,0.055
11.528,0.11,0.045
11.53,0.095,0.04
11.532,0.08,0.03
11.534,0.075,0.02
11.536,0.065,0.015
11.538,0.055,0.005
11.54,0.055,0.0
11.542,0.05,0.0
11.544,0.05,-0.005
11.546,0.05,-0.01
11.548,0.055,-0.01
11.55,0.04,-0.015
11.552,0.035,-0.02
11.554,0.045,-0.025
11.556,0.04,-0.035
11.558,0.05,-0.04
11.56,0.035,-0.045
11.562,0.045,-0.055
11.564,0.04,-0.055
11.566,0.035,-0.06
11.568,0.035,-0.06
11.57,0.035,-0.06
11.572,0.03,-0.06
11.574,0.03,-0.055
11.576,0.02,-0.055
11.578,0.02,-0.055
11.58,0.02,-0.05
11.582,0.025,-0.05
11.584,0.03,-0.05
11.586,0.025,-0.045
11.588,0.025,-0.045
11.59,0.03,-0.04
11.592,0.035,-0.04
11.594,0.025,-0.035
11.596,0.035,-0.035
11.598,0.03,-0.035
11.6,0.025,-0.035
11.602,0.03,-0.035
11.604,0.045,-0.035
11.606,0.035,-0.04
11.608,0.035,-0.04
11.61,0.035,-0.04
11.612,0.03,-0.04
11.614,0.035,-0.04
11.616,0.04,-0.04
11.618,0.035,-0.04
11.62,0.04,-0.04
11.622,0.025,-0.045
11.624,0.025,-0.045
11.626,0.01,-0.05
11.628,0.02,-0.055
11.63,0.025,-0.055
11.632,0.035,-0.06
11.634,0.03,-0.06
11.636,0.03,-0.065
11.638,0.02,-0.065
11.64,0.025,-0.06
11.642,0.025,-0.06
11.644,0.025,-0.06
11.646,0.03,-0.055
11.648,0.025,-0.055
11.65,0.02,-0.05
11.652,0.01,-0.045
11.654,0.025,-0.045
11.656,0.01,-0.04
11.658,0.02,-0.04
11.66,0.03,-0.035
11.662,0.03,-0.035
11.664,0.025,-0.035
11.666,0.03,-0.04
11.668,0.025,-0.04
11.67,0.03,-0.04
11.672,0.03,-0.045
11.674,0.03,-0.045
11.676,0.03,-0.045
11.678,0.025,-0.045
11.68,0.02,-0.045
11.682,0.025,-0.045
11.684,0.02,-0.045
11.686,0.02,-0.045
11.688,0.02,-0.045
11.69,0.025,-0.045
11.692,0.04,-0.045
11.694,0.04,-0.05
11.696,0.035,-0.05
11.698,0.04,-0.045
11.7,0.03,-0.045
11.702,0.025,-0.04
11.704,0.025,-0.035
11.706,0.04,-0.035
11.708,0.04,-0.035
11.71,0.035,-0.03
11.712,0.03,-0.035
11.714,0.04,-0.035
11.716,0.025,-0.04
11.718,0.03,-0.045
11.72,0.03,-0.045
11.722,0.025,-0.05
11.724,0.025,-0.05
11.726,0.02,-0.05
11.728,0.025,-0.045
11.73,0.02,-0.045
11.732,0.02,-0.045
11.734,0.025,-0.045
11.736,0.025,-0.045
11.738,0.02,-0.045
11.74,0.02,-0.045
11.742,0.025,-0.045
11.744,0.025,-0.05
11.746,0.025,-0.05
11.748,0.02,-0.05
11.75,0.025,-0.05
11.752,0.025,-0.05
11.754,0.02,-0.05
11.756,0.02,-0.05
11.758,0.015,-0.05
11.76,0.01,-0.055
11.762,0.015,-0.055
11.764,0.03,-0.055
11.766,0.04,-0.055
11.768,0.035,-0.05
11.77,0.035,-0.05
11.772,0.035,-0.045
11.774,0.03,-0.04
11.776,0.02,-0.035
11.778,0.02,-0.03
11.78,0.02,-0.03
11.782,0.035,-0.03
11.784,0.03,-0.03
11.786,0.025,-0.035
11.788,0.025,-0.035
11.79,0.025,-0.04
11.792,0.02,-0.04
11.794,0.015,-0.04
11.796,0.015,-0.045
11.798,0.02,-0.045
11.8,0.015,-0.045
11.802,0.02,-0.05
11.804,0.015,-0.05
11.806,0.02,-0.05
11.808,0.015,-0.055
11.81,0.01,-0.055
11.812,0.015,-0.055
11.814,0.015,-0.055
11.816,0.02,-0.055
11.818,0.005,-0.05
11.82,0.01,-0.05
11.822,0.02,-0.05
11.824,0.025,-0.05
11.826,0.025,-0.05
11.828,0.01,-0.05
11.83,0.02,-0.05
11.832,0.01,-0.05
11.834,0.01,-0.05
11.836,0.015,-0.05
11.838,0.015,-0.05
11.84,0.015,-0.05
11.842,0.015,-0.05
11.844,0.025,-0.045
11.846,0.02,-0.045
11.848,0.02,-0.04
11.85,0.025,-0.04
11.852,0.025,-0.035
11.854,0.02,-0.035
11.856,0.02,-0.035
11.858,0.02,-0.035
11.86,0.025,-0.03
11.862,0.025,-0.03
11.864,0.035,-0.03
11.866,0.04,-0.03
11.868,0.03,-0.03
11.87,0.025,-0.025
11.872,0.04,-0.025
11.874,0.055,-0.02
11.876,0.06,-0.015
11.878,0.07,-0.01
11.88,0.075,-0.005
11.882,0.08,0.0
11.884,0.09,0.005
11.886,0.095,0.01
11.888,0.095,0.02
11.89,0.085,0.025
11.892,0.08,0.03
11.894,0.09,0.035
11.896,0.09,0.04
11.898,0.1,0.045
11.9,0.095,0.045
11.902,0.095,0.045
11.904,0.085,0.04
11.906,0.08,0.035
11.908,0.055,0.03
11.91,0.04,0.02
11.912,0.035,0.005
11.914,0.025,-0.005
11.916,0.025,-0.015
11.918,0.025,-0.025
11.92,0.02,-0.03
11.922,0.02,-0.03
11.924,0.03,-0.03
11.926,0.02,-0.03
11.928,0.015,-0.03
11.93,0.01,-0.03
11.932,0.01,-0.03
11.934,0.005,-0.035
11.936,0.0,-0.04
11.938,0.005,-0.045
11.94,0.01,-0.055
11.942,-0.005,-0.06
11.944,0.005,-0.065
11.946,0.0,-0.065
11.948,0.0,-0.065
11.95,-0.015,-0.065
11.952,-0.01,-0.06
11.954,-0.015,-0.06
11.956,-0.01,-0.055
11.958,-0.01,-0.055
11.96,0.0,-0.06
11.962,0.005,-0.06
11.964,0.01,-0.06
11.966,0.0,-0.065
11.968,-0.005,-0.065
11.97,-0.005,-0.07
11.972,-0.005,-0.07
11.974,-0.01,-0.07
11.976,-0.005,-0.07
11.978,-0.01,-0.07
11.98,-0.02,-0.07
11.982,-0.015,-0.07
11.984,-0.01,-0.07
11.986,-0.01,-0.07
11.988,-0.025,-0.075
11.99,-0.025,-0.085
11.992,-0.05,-0.1
11.994,-0.1,-0.125
11.996,-0.14,-0.16
11.998,-0.17,-0.2
12.0,-0.225,-0.235
12.002,-0.26,-0.265
12.004,-0.25,-0.28
12.006,-0.225,-0.27
12.008,-0.18,-0.225
12.01,-0.105,-0.145
12.012,0.04,-0.025
12.014,0.195,0.125
12.016,0.36,0.3
12.018,0.55,0.485
12.02,0.73,0.665
12.022,0.88,0.825
12.024,1.06,0.955
12.026,1.19,1.05
12.028,1.245,1.1
12.03,1.205,1.105
12.032,1.115,1.075
12.034,1.035,1.01
12.036,0.93,0.92
12.038,0.835,0.81
12.04,0.74,0.695
12.042,0.595,0.58
12.044,0.465,0.47
12.046,0.38,0.375
12.048,0.32,0.29
12.05,0.265,0.225
12.052,0.215,0.17
12.054,0.17,0.135
12.056,0.14,0.105
12.058,0.115,0.085
12.06,0.075,0.065
12.062,0.05,0.05
12.064,0.04,0.03
12.066,0.04,0.01
12.068,0.015,-0.01
12.07,0.01,-0.03
12.072,0.01,-0.045
12.074,-0.005,-0.055
12.076,-0.01,-0.06
12.078,-0.025,-0.06
12.08,-0.025,-0.055
12.082,-0.025,-0.055
12.084,-0.015,-0.05
12.086,-0.02,-0.05
12.088,-0.025,-0.05
12.09,-0.03,-0.05
12.092,-0.03,-0.055
12.094,-0.035,-0.055
12.096,-0.04,-0.06
12.098,-0.04,-0.065
12.1,-0.035,-0.065
12.102,-0.04,-0.065
12.104,-0.04,-0.07
12.106,-0.04,-0.07
12.108,-0.04,-0.07
12.11,-0.045,-0.07
12.112,-0.035,-0.07
12.114,-0.035,-0.075
12.116,-0.035,-0.08
12.118,-0.045,-0.08
12.12,-0.045,-0.08
12.122,-0.045,-0.085
12.124,-0.04,-0.085
12.126,-0.045,-0.085
12.128,-0.035,-0.085
12.13,-0.035,-0.085
12.132,-0.035,-0.085
12.134,-0.03,-0.085
12.136,-0.035,-0.085
12.138,-0.035,-0.08
12.14,-0.045,-0.08
12.142,-0.045,-0.08
12.144,-0.025,-0.08
12.146,-0.03,-0.075
12.148,-0.03,-0.075
12.15,-0.03,-0.075
12.152,-0.04,-0.075
12.154,-0.045,-0.075
12.156,-0.04,-0.075
12.158,-0.035,-0.075
12.16,-0.025,-0.08
12.162,-0.015,-0.08
12.164,-0.03,-0.085
12.166,-0.03,-0.085
12.168,-0.025,-0.085
12.17,-0.03,-0.09
12.172,-0.035,-0.09
12.174,-0.035,-0.09
12.176,-0.03,-0.09
12.178,-0.03,-0.09
12.18,-0.02,-0.085
12.182,-0.025,-0.085
12.184,-0.02,-0.08
12.186,-0.025,-0.08
12.188,-0.02,-0.075
12.19,-0.015,-0.07
12.192,-0.015,-0.07
12.194,-0.01,-0.065
12.196,0.0,-0.06
12.198,0.01,-0.06
12.2,0.005,-0.055
12.202,0.0,-0.055
12.204,0.0,-0.05
12.206,0.01,-0.045
12.208,0.015,-0.045
12.21,0.02,-0.04
12.212,0.02,-0.04
12.214,0.015,-0.035
12.216,0.02,-0.035
12.218,0.025,-0.03
12.22,0.03,-0.025
12.222,0.035,-0.02
12.224,0.04,-0.015
12.226,0.045,-0.01
12.228,0.05,0.0
12.23,0.065,0.005
12.232,0.075,0.015
12.234,0.075,0.02
12.236,0.085,0.03
12.238,0.095,0.035
12.24,0.09,0.04
12.242,0.105,0.05
12.244,0.115,0.055
12.246,0.115,0.06
12.248,0.115,0.07
12.25,0.135,0.075
12.252,0.135,0.08
12.254,0.135,0.08
12.256,0.14,0.085
12.258,0.145,0.09
12.26,0.145,0.09
12.262,0.14,0.09
12.264,0.145,0.09
12.266,0.145,0.095
12.268,0.155,0.095
12.27,0.155,0.1
12.272,0.155,0.105
12.274,0.16,0.11
12.276,0.15,0.115
12.278,0.15,0.12
12.28,0.155,0.125
12.282,0.155,0.125
12.284,0.14,0.125
12.286,0.13,0.125
12.288,0.125,0.12
12.29,0.115,0.115
12.292,0.115,0.11
12.294,0.115,0.105
12.296,0.12,0.095
12.298,0.11,0.09
12.3,0.105,0.08
12.302,0.095,0.075
12.304,0.09,0.07
12.306,0.1,0.065
12.308,0.075,0.055
12.31,0.07,0.05
12.312,0.055,0.045
12.314,0.035,0.035
12.316,0.03,0.025
12.318,0.02,0.02
12.32,0.025,0.01
12.322,0.02,0.005
12.324,0.01,0.0
12.326,0.01,-0.005
12.328,0.005,-0.01
12.33,-0.005,-0.015
12.332,-0.01,-0.02
12.334,-0.015,-0.02
12.336,-0.015,-0.025
12.338,-0.015,-0.03
12.34,-0.03,-0.035
12.342,-0.04,-0.04
12.344,-0.03,-0.045
12.346,-0.035,-0.045
12.348,-0.035,-0.045
12.35,-0.03,-0.045
12.352,-0.03,-0.045
12.354,-0.03,-0.04
12.356,-0.03,-0.04
12.358,-0.03,-0.035
12.36,-0.03,-0.035
12.362,-0.03,-0.04
12.364,-0.03,-0.045
12.366,-0.035,-0.045
12.368,-0.045,-0.055
12.37,-0.04,-0.06
12.372,-0.03,-0.065
12.374,-0.04,-0.065
12.376,-0.04,-0.07
12.378,-0.035,-0.07
12.38,-0.03,-0.07
12.382,-0.025,-0.065
12.384,-0.045,-0.065
12.386,-0.035,-0.06
12.388,-0.03,-0.055
12.39,-0.03,-0.05
12.392,-0.035,-0.05
12.394,-0.025,-0.05
12.396,-0.02,-0.05
12.398,-0.025,-0.05
12.4,-0.025,-0.05
12.402,-0.04,-0.055
12.404,-0.04,-0.055
12.406,-0.035,-0.055
12.408,-0.03,-0.055
12.41,-0.03,-0.055
12.412,-0.04,-0.05
12.414,-0.04,-0.05
12.416,-0.035,-0.045
12.418,-0.03,-0.045
12.42,-0.025,-0.045
12.422,-0.035,-0.04
12.424,-0.035,-0.04
12.426,-0.04,-0.04
12.428,-0.035,-0.04
12.43,-0.045,-0.045
12.432,-0.045,-0.045
12.434,-0.035,-0.05
12.436,-0.03,-0.05
12.438,-0.02,-0.055
12.44,-0.025,-0.055
12.442,-0.025,-0.06
12.444,-0.025,-0.06
12.446,-0.025,-0.06
12.448,-0.03,-0.06
12.45,-0.02,-0.06
12.452,-0.04,-0.06
12.454,-0.045,-0.06
12.456,-0.05,-0.065
12.458,-0.035,-0.065
12.46,-0.04,-0.065
12.462,-0.035,-0.065
12.464,-0.035,-0.065
12.466,-0.025,-0.065
12.468,-0.025,-0.065
12.47,-0.03,-0.065
12.472,-0.03,-0.06
12.474,-0.015,-0.06
12.476,-0.02,-0.06
12.478,-0.025,-0.06
12.48,-0.01,-0.055
12.482,-0.01,-0.05
12.484,0.0,-0.045
12.486,-0.005,-0.04
12.488,-0.025,-0.035
12.49,-0.015,-0.025
12.492,-0.02,-0.02
12.494,-0.025,-0.02
12.496,-0.02,-0.015
12.498,-0.01,-0.015
12.5,-0.01,-0.02
12.502,-0.015,-0.025
12.504,-0.01,-0.03
12.506,-0.015,-0.035
12.508,-0.025,-0.04
12.51,-0.02,-0.045
12.512,-0.025,-0.05
12.514,-0.035,-0.05
12.516,-0.03,-0.055
12.518,-0.02,-0.055
12.52,-0.02,-0.05
12.522,-0.02,-0.05
12.524,-0.015,-0.05
12.526,-0.015,-0.05
12.528,-0.02,-0.05
12.53,-0.015,-0.045
12.532,-0.025,-0.045
12.534,-0.02,-0.045
12.536,-0.025,-0.04
12.538,-0.015,-0.04
12.54,-0.01,-0.04
12.542,-0.015,-0.035
12.544,-0.03,-0.035
12.546,-0.025,-0.035
12.548,-0.025,-0.035
12.55,-0.02,-0.035
12.552,-0.02,-0.035
12.554,-0.025,-0.04
12.556,-0.02,-0.04
12.558,-0.02,-0.04
12.56,-0.015,-0.045
12.562,-0.005,-0.045
12.564,-0.025,-0.045
12.566,-0.03,-0.05
12.568,-0.025,-0.05
12.57,-0.005,-0.05
12.572,-0.02,-0.05
12.574,-0.035,-0.05
12.576,-0.035,-0.05
12.578,-0.035,-0.05
12.58,-0.015,-0.05
12.582,-0.015,-0.05
12.584,-0.01,-0.05
12.586,-0.025,-0.05
12.588,-0.025,-0.05
12.59,-0.025,-0.05
12.592,-0.015,-0.05
12.594,-0.03,-0.055
12.596,-0.03,-0.055
12.598,-0.01,-0.06
12.6,-0.025,-0.065
12.602,-0.025,-0.065
12.604,-0.025,-0.065
12.606,-0.02,-0.065
12.608,-0.025,-0.065
12.61,-0.025,-0.06
12.612,-0.02,-0.055
12.614,-0.005,-0.05
12.616,-0.025,-0.045
12.618,-0.02,-0.045
12.62,-0.02,-0.04
12.622,-0.01,-0.04
12.624,-0.005,-0.04
12.626,-0.02,-0.04
12.628,-0.02,-0.04
12.63,-0.015,-0.04
12.632,-0.005,-0.04
12.634,-0.015,-0.04
12.636,0.0,-0.04
12.638,0.0,-0.04
12.64,0.0,-0.04
12.642,0.01,-0.04
12.644,0.0,-0.04
12.646,-0.005,-0.04
12.648,-0.005,-0.04
12.65,0.01,-0.04
12.652,0.015,-0.035
12.654,0.015,-0.03
12.656,0.015,-0.025
12.658,0.02,-0.015
12.66,0.035,-0.005
12.662,0.06,0.005
12.664,0.05,0.01
12.666,0.06,0.015
12.668,0.06,0.02
12.67,0.065,0.025
12.672,0.075,0.025
12.674,0.07,0.025
12.676,0.07,0.025
12.678,0.07,0.025
12.68,0.075,0.025
12.682,0.06,0.025
12.684,0.065,0.025
12.686,0.065,0.02
12.688,0.035,0.02
12.69,0.05,0.015
12.692,0.035,0.01
12.694,0.02,0.005
12.696,0.0,0.0
12.698,0.02,-0.005
12.7,0.015,-0.01
12.702,-0.005,-0.015
12.704,0.0,-0.015
12.706,-0.005,-0.015
12.708,0.0,-0.015
12.71,-0.005,-0.02
12.712,-0.005,-0.02
12.714,-0.005,-0.02
12.716,-0.015,-0.025
12.718,-0.015,-0.025
12.72,-0.015,-0.025
12.722,-0.005,-0.025
12.724,-0.01,-0.03
12.726,-0.01,-0.03
12.728,-0.01,-0.03
12.73,-0.015,-0.03
12.732,-0.015,-0.035
12.734,-0.025,-0.04
12.736,-0.035,-0.045
12.738,-0.02,-0.05
12.74,-0.02,-0.055
12.742,-0.025,-0.06
12.744,-0.01,-0.065
12.746,-0.015,-0.065
12.748,-0.015,-0.065
12.75,-0.01,-0.06
12.752,-0.025,-0.055
12.754,-0.02,-0.055
12.756,-0.015,-0.05
12.758,-0.015,-0.05
12.76,0.0,-0.045
12.762,-0.01,-0.05
12.764,-0.01,-0.05
12.766,-0.015,-0.055
12.768,-0.025,-0.055
12.77,-0.05,-0.065
12.772,-0.05,-0.075
12.774,-0.06,-0.085
12.776,-0.09,-0.11
12.778,-0.105,-0.135
12.78,-0.145,-0.17
12.782,-0.19,-0.205
12.784,-0.22,-0.24
12.786,-0.265,-0.265
12.788,-0.24,-0.27
12.79,-0.215,-0.25
12.792,-0.18,-0.2
12.794,-0.09,-0.115
12.796,0.065,0.005
12.798,0.22,0.15
12.8,0.375,0.32
12.802,0.545,0.495
12.804,0.715,0.665
12.806,0.875,0.82
12.808,1.035,0.95
12.81,1.17,1.035
12.812,1.19,1.085
12.814,1.15,1.09
12.816,1.06,1.055
12.818,1.02,0.985
12.82,0.9,0.89
12.822,0.815,0.775
12.824,0.705,0.66
12.826,0.545,0.545
12.828,0.425,0.44
12.83,0.335,0.345
12.832,0.3,0.275
12.834,0.24,0.215
12.836,0.21,0.175
12.838,0.175,0.14
12.84,0.12,0.115
12.842,0.09,0.09
12.844,0.05,0.065
12.846,0.045,0.04
12.848,0.045,0.01
12.85,0.01,-0.01
12.852,0.015,-0.03
12.854,0.01,-0.045
12.856,0.01,-0.05
12.858,-0.01,-0.05
12.86,0.0,-0.045
12.862,-0.01,-0.04
12.864,-0.015,-0.035
12.866,-0.005,-0.035
12.868,-0.005,-0.04
12.87,-0.005,-0.045
12.872,-0.025,-0.055
12.874,-0.03,-0.065
12.876,-0.025,-0.075
12.878,-0.015,-0.08
12.88,-0.025,-0.08
12.882,-0.025,-0.08
12.884,-0.03,-0.08
12.886,-0.025,-0.075
12.888,-0.045,-0.075
12.89,-0.035,-0.075
12.892,-0.045,-0.075
12.894,-0.03,-0.08
12.896,-0.015,-0.08
12.898,-0.025,-0.08
12.9,-0.03,-0.08
12.902,-0.02,-0.08
12.904,-0.025,-0.08
12.906,-0.03,-0.075
12.908,-0.035,-0.075
12.91,-0.035,-0.075
12.912,-0.03,-0.075
12.914,-0.03,-0.075
12.916,-0.025,-0.08
12.918,-0.025,-0.08
12.92,-0.025,-0.085
12.922,-0.035,-0.085
12.924,-0.035,-0.09
12.926,-0.025,-0.09
12.928,-0.04,-0.085
12.93,-0.035,-0.085
12.932,-0.015,-0.08
12.934,-0.015,-0.075
12.936,-0.035,-0.07
12.938,-0.03,-0.065
12.94,-0.01,-0.06
12.942,-0.005,-0.055
12.944,-0.005,-0.05
12.946,-0.01,-0.05
12.948,-0.02,-0.05
12.95,-0.015,-0.05
12.952,-0.015,-0.055
12.954,-0.015,-0.06
12.956,0.0,-0.065
12.958,-0.015,-0.07
12.96,-0.005,-0.075
12.962,0.0,-0.075
12.964,-0.01,-0.07
12.966,0.005,-0.065
12.968,0.0,-0.06
12.97,0.01,-0.05
12.972,0.005,-0.045
12.974,0.015,-0.04
12.976,0.015,-0.035
12.978,0.005,-0.03
12.98,0.015,-0.03
12.982,0.04,-0.03
12.984,0.03,-0.035
12.986,0.025,-0.035
12.988,0.03,-0.035
12.99,0.03,-0.035
12.992,0.025,-0.035
12.994,0.03,-0.03
12.996,0.04,-0.025
12.998,0.06,-0.02
13.0,0.055,-0.015
13.002,0.055,-0.01
13.004,0.06,-0.005
13.006,0.07,0.0
13.008,0.065,0.0
13.01,0.06,0.005
13.012,0.07,0.005
13.014,0.095,0.01
13.016,0.1,0.015
13.018,0.105,0.02
13.02,0.12,0.025
13.022,0.12,0.04
13.024,0.12,0.05
13.026,0.145,0.06
13.028,0.15,0.075
13.03,0.15,0.085
13.032,0.145,0.09
13.034,0.155,0.1
13.036,0.17,0.1
13.038,0.165,0.105
13.04,0.165,0.105
13.042,0.17,0.11
13.044,0.18,0.11
13.046,0.19,0.11
13.048,0.195,0.115
13.05,0.18,0.12
13.052,0.185,0.12
13.054,0.19,0.125
13.056,0.2,0.13
13.058,0.195,0.13
13.06,0.2,0.13
13.062,0.2,0.13
13.064,0.185,0.13
13.066,0.17,0.13
13.068,0.155,0.13
13.07,0.17,0.125
13.072,0.16,0.115
13.074,0.17,0.11
13.076,0.16,0.1
13.078,0.15,0.09
13.08,0.14,0.08
13.082,0.145,0.075
13.084,0.155,0.07
13.086,0.13,0.065
13.088,0.12,0.06
13.09,0.12,0.06
13.092,0.11,0.06
13.094,0.095,0.055
13.096,0.09,0.05
13.098,0.075,0.045
13.1,0.075,0.035
13.102,0.085,0.02
13.104,0.075,0.01
13.106,0.035,-0.005
13.108,0.035,-0.015
13.11,0.04,-0.025
13.112,0.04,-0.03
13.114,0.035,-0.035
13.116,0.05,-0.035
13.118,0.03,-0.035
13.12,0.03,-0.035
13.122,0.025,-0.03
13.124,0.025,-0.03
13.126,0.01,-0.03
13.128,0.01,-0.03
13.13,0.01,-0.035
13.132,0.005,-0.04
13.134,0.01,-0.05
13.136,0.025,-0.055
13.138,0.025,-0.06
13.14,0.005,-0.065
13.142,0.015,-0.07
13.144,0.025,-0.07
13.146,0.03,-0.07
13.148,0.03,-0.07
13.15,0.01,-0.065
13.152,-0.01,-0.065
13.154,0.02,-0.06
13.156,0.01,-0.06
13.158,0.01,-0.06
13.16,0.005,-0.06
13.162,0.015,-0.06
13.164,0.02,-0.06
13.166,0.0,-0.065
13.168,0.025,-0.065
13.17,0.01,-0.065
13.172,0.005,-0.065
13.174,0.015,-0.065
13.176,0.015,-0.065
13.178,0.03,-0.065
13.18,0.015,-0.065
13.182,0.02,-0.06
13.184,0.035,-0.06
13.186,0.015,-0.06
13.188,0.005,-0.06
13.19,0.005,-0.055
13.192,0.005,-0.055
13.194,0.025,-0.055
13.196,0.02,-0.055
13.198,0.015,-0.055
13.2,0.01,-0.06
13.202,0.005,-0.06
13.204,0.005,-0.065
13.206,0.0,-0.065
13.208,0.01,-0.07
13.21,0.02,-0.075
13.212,0.005,-0.075
13.214,0.01,-0.08
13.216,0.01,-0.08
13.218,0.025,-0.08
13.22,0.02,-0.075
13.222,0.02,-0.075
13.224,0.015,-0.07
13.226,0.01,-0.07
13.228,0.015,-0.065
13.23,0.01,-0.065
13.232,0.01,-0.065
13.234,0.0,-0.065
13.236,0.025,-0.07
13.238,0.015,-0.07
13.24,0.015,-0.075
13.242,0.01,-0.075
13.244,0.015,-0.075
13.246,0.015,-0.08
13.248,0.015,-0.08
13.25,0.02,-0.075
13.252,0.035,-0.075
13.254,0.025,-0.075
13.256,0.02,-0.075
13.258,0.02,-0.075
13.26,0.025,-0.075
13.262,0.01,-0.075
13.264,0.02,-0.075
13.266,0.01,-0.075
13.268,0.005,-0.075
13.27,0.02,-0.075
13.272,0.02,-0.075
13.274,0.02,-0.07
13.276,0.015,-0.07
13.278,0.03,-0.07
13.28,0.02,-0.07
13.282,0.015,-0.075
13.284,0.02,-0.075
13.286,0.01,-0.075
13.288,0.02,-0.075
13.29,0.03,-0.075
13.292,0.04,-0.075
13.294,0.035,-0.075
13.296,0.035,-0.075
13.298,0.025,-0.075
13.3,0.02,-0.075
13.302,0.025,-0.075
13.304,0.01,-0.08
13.306,0.02,-0.08
13.308,0.03,-0.08
13.31,0.015,-0.075
13.312,0.015,-0.075
13.314,0.01,-0.07
13.316,-0.005,-0.07
13.318,0.025,-0.065
13.32,0.01,-0.065
13.322,0.015,-0.07
13.324,0.005,-0.07
13.326,0.015,-0.075
13.328,0.01,-0.08
13.33,0.0,-0.085
13.332,0.01,-0.09
13.334,0.02,-0.09
13.336,0.005,-0.09
13.338,0.03,-0.09
13.34,0.02,-0.09
13.342,0.03,-0.085
13.344,0.03,-0.085
13.346,0.01,-0.085
13.348,0.01,-0.085
13.35,0.01,-0.085
13.352,0.01,-0.085
13.354,0.005,-0.085
13.356,0.02,-0.085
13.358,0.02,-0.08
13.36,0.01,-0.08
13.362,0.015,-0.08
13.364,0.01,-0.08
13.366,0.02,-0.08
13.368,0.01,-0.085
13.37,0.015,-0.085
13.372,0.005,-0.09
13.374,0.015,-0.09
13.376,0.015,-0.085
13.378,0.025,-0.08
13.38,0.015,-0.075
13.382,0.035,-0.065
13.384,0.03,-0.06
13.386,0.025,-0.055
13.388,0.02,-0.055
13.39,0.02,-0.055
13.392,0.03,-0.06
13.394,0.02,-0.065
13.396,0.03,-0.07
13.398,0.025,-0.075
13.4,0.035,-0.08
13.402,0.04,-0.08
13.404,0.035,-0.075
13.406,0.035,-0.07
13.408,0.04,-0.065
13.41,0.035,-0.06
13.412,0.045,-0.06
13.414,0.04,-0.055
13.416,0.045,-0.055
13.418,0.035,-0.06
13.42,0.04,-0.06
13.422,0.06,-0.06
13.424,0.045,-0.06
13.426,0.055,-0.06
13.428,0.08,-0.055
13.43,0.085,-0.045
13.432,0.085,-0.035
13.434,0.105,-0.025
13.436,0.115,-0.015
13.438,0.11,-0.005
13.44,0.12,0.005
13.442,0.11,0.01
13.444,0.105,0.015
13.446,0.125,0.015
13.448,0.125,0.015
13.45,0.1,0.01
13.452,0.08,0.0
13.454,0.085,-0.01
13.456,0.075,-0.02
13.458,0.065,-0.03
13.46,0.04,-0.04
13.462,0.04,-0.05
13.464,0.03,-0.055
13.466,0.045,-0.06
13.468,0.025,-0.065
13.47,0.03,-0.07
13.472,0.04,-0.07
13.474,0.035,-0.07
13.476,0.04,-0.075
13.478,0.04,-0.075
13.48,0.035,-0.075
13.482,0.025,-0.08
13.484,0.02,-0.08
13.486,0.015,-0.085
13.488,0.015,-0.085
13.49,0.025,-0.09
13.492,0.025,-0.09
13.494,0.015,-0.09
13.496,0.02,-0.095
13.498,0.025,-0.095
13.5,0.03,-0.095
13.502,0.02,-0.095
13.504,0.02,-0.095
13.506,0.035,-0.09
13.508,0.04,-0.085
13.51,0.035,-0.085
13.512,0.005,-0.08
13.514,0.02,-0.08
13.516,0.025,-0.075
13.518,0.025,-0.075
13.52,0.015,-0.08
13.522,0.03,-0.08
13.524,0.03,-0.085
13.526,0.02,-0.09
13.528,0.02,-0.09
13.53,0.005,-0.09
13.532,0.025,-0.085
13.534,0.02,-0.085
13.536,0.015,-0.085
13.538,0.0,-0.09
13.54,-0.01,-0.105
13.542,-0.04,-0.125
13.544,-0.06,-0.155
13.546,-0.11,-0.19
13.548,-0.14,-0.225
13.55,-0.17,-0.26
13.552,-0.2,-0.28
13.554,-0.2,-0.285
13.556,-0.17,-0.26
13.558,-0.115,-0.205
13.56,-0.02,-0.12
13.562,0.13,0.0
13.564,0.28,0.14
13.566,0.43,0.3
13.568,0.595,0.465
13.57,0.75,0.63
13.572,0.91,0.775
13.574,1.075,0.895
13.576,1.185,0.98
13.578,1.2,1.025
13.58,1.15,1.025
13.582,1.08,0.99
13.584,1.03,0.92
13.586,0.905,0.825
13.588,0.825,0.715
13.59,0.705,0.6
13.592,0.565,0.485
13.594,0.43,0.385
13.596,0.355,0.3
13.598,0.32,0.23
13.6,0.29,0.18
13.602,0.245,0.145
13.604,0.215,0.12
13.606,0.18,0.095
13.608,0.155,0.08
13.61,0.125,0.06
13.612,0.12,0.035
13.614,0.1,0.015
13.616,0.09,-0.005
13.618,0.08,-0.025
13.62,0.08,-0.035
13.622,0.08,-0.045
13.624,0.07,-0.05
13.626,0.07,-0.05
13.628,0.06,-0.045
13.63,0.05,-0.045
13.632,0.05,-0.04
13.634,0.055,-0.04
13.636,0.045,-0.045
13.638,0.045,-0.05
13.64,0.045,-0.05
13.642,0.045,-0.055
13.644,0.035,-0.06
13.646,0.05,-0.065
13.648,0.045,-0.065
13.65,0.035,-0.07
13.652,0.05,-0.07
13.654,0.045,-0.075
13.656,0.045,-0.075
13.658,0.05,-0.08
13.66,0.065,-0.085
13.662,0.045,-0.085
13.664,0.03,-0.085
13.666,0.03,-0.085
13.668,0.035,-0.085
13.67,0.05,-0.08
13.672,0.045,-0.075
13.674,0.05,-0.07
13.676,0.045,-0.07
13.678,0.045,-0.065
13.68,0.05,-0.065
13.682,0.045,-0.065
13.684,0.055,-0.065
13.686,0.055,-0.065
13.688,0.055,-0.07
13.69,0.06,-0.07
13.692,0.07,-0.07
13.694,0.075,-0.07
13.696,0.05,-0.07
13.698,0.05,-0.065
13.7,0.06,-0.065
13.702,0.05,-0.06
13.704,0.045,-0.06
13.706,0.05,-0.055
13.708,0.055,-0.055
13.71,0.045,-0.055
13.712,0.04,-0.05
13.714,0.07,-0.05
13.716,0.08,-0.05
13.718,0.07,-0.05
13.72,0.07,-0.05
13.722,0.07,-0.045
13.724,0.075,-0.045
13.726,0.075,-0.045
13.728,0.07,-0.04
13.73,0.085,-0.04
13.732,0.085,-0.04
13.734,0.07,-0.04
13.736,0.07,-0.04
13.738,0.075,-0.04
13.74,0.075,-0.035
13.742,0.08,-0.035
13.744,0.085,-0.035
13.746,0.09,-0.03
13.748,0.085,-0.03
13.75,0.1,-0.025
13.752,0.1,-0.025
13.754,0.11,-0.02
13.756,0.105,-0.02
13.758,0.105,-0.02
13.76,0.115,-0.015
13.762,0.12,-0.015
13.764,0.12,-0.01
13.766,0.115,0.0
13.768,0.125,0.005
13.77,0.135,0.015
13.772,0.145,0.025
13.774,0.145,0.03
13.776,0.15,0.035
13.778,0.15,0.035
13.78,0.15,0.035
13.782,0.16,0.035
13.784,0.17,0.04
13.786,0.195,0.045
13.788,0.205,0.05
13.79,0.21,0.06
13.792,0.2,0.07
13.794,0.205,0.08
13.796,0.215,0.09
13.798,0.22,0.1
13.8,0.225,0.105
13.802,0.225,0.11
13.804,0.225,0.11
13.806,0.23,0.11
13.808,0.24,0.105
13.81,0.255,0.11
13.812,0.25,0.11
13.814,0.24,0.115
13.816,0.235,0.125
13.818,0.255,0.135
13.82,0.26,0.14
13.822,0.255,0.15
13.824,0.25,0.155
13.826,0.245,0.155
13.828,0.26,0.16
13.83,0.255,0.155
13.832,0.26,0.155
13.834,0.25,0.15
13.836,0.235,0.145
13.838,0.23,0.14
13.84,0.225,0.135
13.842,0.225,0.13
13.844,0.215,0.125
13.846,0.205,0.115
13.848,0.195,0.11
13.85,0.205,0.105
13.852,0.2,0.1
13.854,0.195,0.095
13.856,0.18,0.09
13.858,0.18,0.085
13.86,0.18,0.08
13.862,0.175,0.075
13.864,0.15,0.07
13.866,0.155,0.06
13.868,0.135,0.05
13.87,0.13,0.04
13.872,0.12,0.03
13.874,0.115,0.02
13.876,0.11,0.015
13.878,0.11,0.01
13.88,0.115,0.005
13.882,0.105,0.0
13.884,0.105,0.0
13.886,0.105,0.0
13.888,0.09,0.0
13.89,0.09,0.0
13.892,0.095,-0.005
13.894,0.095,-0.005
13.896,0.09,-0.005
13.898,0.085,-0.005
13.9,0.085,-0.005
13.902,0.085,-0.005
13.904,0.075,-0.005
13.906,0.085,-0.005
13.908,0.08,-0.005
13.91,0.09,-0.005
13.912,0.09,-0.005
13.914,0.09,-0.005
13.916,0.09,-0.01
13.918,0.085,-0.01
13.92,0.075,-0.015
13.922,0.09,-0.015
13.924,0.09,-0.015
13.926,0.09,-0.02
13.928,0.08,-0.02
13.93,0.09,-0.02
13.932,0.09,-0.02
13.934,0.08,-0.015
13.936,0.075,-0.015
13.938,0.085,-0.015
13.94,0.08,-0.015
13.942,0.08,-0.015
13.944,0.085,-0.015
13.946,0.07,-0.02
13.948,0.07,-0.02
13.95,0.075,-0.025
13.952,0.08,-0.025
13.954,0.08,-0.03
13.956,0.09,-0.03
13.958,0.1,-0.035
13.96,0.09,-0.035
13.962,0.065,-0.035
13.964,0.07,-0.035
13.966,0.07,-0.035
13.968,0.075,-0.035
13.97,0.075,-0.035
13.972,0.09,-0.035
13.974,0.085,-0.035
13.976,0.09,-0.03
13.978,0.09,-0.03
13.98,0.085,-0.03
13.982,0.08,-0.03
13.984,0.07,-0.03
13.986,0.065,-0.035
13.988,0.085,-0.035
13.99,0.08,-0.035
13.992,0.075,-0.035
13.994,0.07,-0.03
13.996,0.07,-0.03
13.998,0.085,-0.025
14.0,0.085,-0.02
14.002,0.08,-0.02
14.004,0.075,-0.015
14.006,0.075,-0.015
14.008,0.08,-0.015
14.01,0.085,-0.015
14.012,0.08,-0.02
14.014,0.07,-0.025
14.016,0.075,-0.03
14.018,0.075,-0.035
14.02,0.08,-0.04
14.022,0.07,-0.04
14.024,0.075,-0.045
14.026,0.07,-0.045
14.028,0.07,-0.05
14.03,0.07,-0.05
14.032,0.075,-0.045
14.034,0.08,-0.045
14.036,0.075,-0.04
14.038,0.09,-0.035
14.04,0.09,-0.03
14.042,0.08,-0.025
14.044,0.095,-0.02
14.046,0.095,-0.015
14.048,0.09,-0.01
14.05,0.09,-0.01
14.052,0.09,-0.01
14.054,0.095,-0.01
14.056,0.085,-0.015
14.058,0.085,-0.015
14.06,0.085,-0.02
14.062,0.08,-0.025
14.064,0.08,-0.03
14.066,0.09,-0.03
14.068,0.085,-0.035
14.07,0.085,-0.035
14.072,0.075,-0.035
14.074,0.075,-0.035
14.076,0.09,-0.035
14.078,0.08,-0.035
14.08,0.075,-0.035
14.082,0.08,-0.035
14.084,0.075,-0.035
14.086,0.065,-0.035
14.088,0.065,-0.035
14.09,0.075,-0.035
14.092,0.075,-0.04
14.094,0.06,-0.04
14.096,0.065,-0.04
14.098,0.08,-0.045
14.1,0.065,-0.045
14.102,0.065,-0.05
14.104,0.075,-0.055
14.106,0.06,-0.055
14.108,0.06,-0.055
14.11,0.06,-0.055
14.112,0.07,-0.055
14.114,0.075,-0.05
14.116,0.07,-0.045
14.118,0.07,-0.04
14.12,0.08,-0.04
14.122,0.075,-0.035
14.124,0.07,-0.035
14.126,0.06,-0.035
14.128,0.06,-0.035
14.13,0.06,-0.035
14.132,0.06,-0.035
14.134,0.07,-0.035
14.136,0.065,-0.035
14.138,0.06,-0.035
14.14,0.055,-0.035
14.142,0.06,-0.04
14.144,0.05,-0.04
14.146,0.055,-0.045
14.148,0.065,-0.045
14.15,0.085,-0.045
14.152,0.08,-0.05
14.154,0.08,-0.045
14.156,0.085,-0.045
14.158,0.075,-0.04
14.16,0.06,-0.035
14.162,0.08,-0.03
14.164,0.065,-0.025
14.166,0.05,-0.025
14.168,0.075,-0.025
14.17,0.08,-0.025
14.172,0.075,-0.03
14.174,0.08,-0.03
14.176,0.075,-0.03
14.178,0.07,-0.03
14.18,0.085,-0.03
14.182,0.085,-0.025
14.184,0.085,-0.02
14.186,0.11,-0.015
14.188,0.1,-0.015
14.19,0.095,-0.01
14.192,0.085,-0.01
14.194,0.095,-0.01
14.196,0.095,-0.01
14.198,0.1,-0.005
14.2,0.115,-0.005
14.202,0.125,0.0
14.204,0.125,0.0
14.206,0.145,0.005
14.208,0.145,0.015
14.21,0.145,0.02
14.212,0.14,0.025
14.214,0.14,0.03
14.216,0.15,0.035
14.218,0.145,0.035
14.22,0.15,0.035
14.222,0.135,0.03
14.224,0.105,0.025
14.226,0.105,0.015
14.228,0.115,0.005
14.23,0.105,0.0
14.232,0.09,-0.01
14.234,0.08,-0.015
14.236,0.085,-0.02
14.238,0.08,-0.025
14.24,0.07,-0.025
14.242,0.07,-0.025
14.244,0.065,-0.025
14.246,0.06,-0.025
14.248,0.06,-0.03
14.25,0.045,-0.03
14.252,0.05,-0.035
14.254,0.04,-0.04
14.256,0.055,-0.05
14.258,0.06,-0.05
14.26,0.055,-0.055
14.262,0.06,-0.055
14.264,0.055,-0.055
14.266,0.06,-0.055
14.268,0.05,-0.055
14.27,0.05,-0.05
14.272,0.055,-0.05
14.274,0.05,-0.055
14.276,0.045,-0.055
14.278,0.035,-0.055
14.28,0.03,-0.06
14.282,0.03,-0.06
14.284,0.03,-0.055
14.286,0.035,-0.055
14.288,0.035,-0.05
14.29,0.04,-0.045
14.292,0.04,-0.045
14.294,0.04,-0.045
14.296,0.045,-0.045
14.298,0.03,-0.05
14.3,0.03,-0.055
14.302,0.035,-0.065
14.304,0.05,-0.07
14.306,0.04,-0.07
14.308,0.025,-0.075
14.31,0.03,-0.08
14.312,0.025,-0.085
14.314,0.005,-0.095
14.316,-0.035,-0.12
14.318,-0.075,-0.15
14.32,-0.12,-0.185
14.322,-0.15,-0.22
14.324,-0.185,-0.25
14.326,-0.185,-0.265
14.328,-0.17,-0.26
14.33,-0.135,-0.22
14.332,-0.05,-0.145
14.334,0.08,-0.04
14.336,0.215,0.1
14.338,0.37,0.26
14.34,0.565,0.43
14.342,0.75,0.6
14.344,0.88,0.76
14.346,1.04,0.89
14.348,1.16,0.99
14.35,1.24,1.05
14.352,1.22,1.07
14.354,1.145,1.05
14.356,1.085,1.0
14.358,0.995,0.915
14.36,0.905,0.815
14.362,0.815,0.7
14.364,0.67,0.585
14.366,0.53,0.475
14.368,0.435,0.38
14.37,0.38,0.295
14.372,0.325,0.23
14.374,0.275,0.185
14.376,0.23,0.15
14.378,0.2,0.12
14.38,0.17,0.1
14.382,0.145,0.08
14.384,0.13,0.06
14.386,0.115,0.035
14.388,0.105,0.015
14.39,0.095,-0.01
14.392,0.085,-0.025
14.394,0.08,-0.04
14.396,0.065,-0.045
14.398,0.065,-0.05
14.4,0.075,-0.05
14.402,0.055,-0.045
14.404,0.055,-0.045
14.406,0.055,-0.04
14.408,0.065,-0.045
14.41,0.05,-0.045
14.412,0.05,-0.05
14.414,0.05,-0.055
14.416,0.04,-0.06
14.418,0.05,-0.065
14.42,0.045,-0.065
14.422,0.05,-0.06
14.424,0.045,-0.055
14.426,0.045,-0.05
14.428,0.035,-0.05
14.43,0.05,-0.045
14.432,0.05,-0.045
14.434,0.05,-0.045
14.436,0.05,-0.045
14.438,0.045,-0.045
14.44,0.04,-0.05
14.442,0.05,-0.055
14.444,0.05,-0.055
14.446,0.04,-0.06
14.448,0.055,-0.06
14.45,0.06,-0.06
14.452,0.055,-0.06
14.454,0.05,-0.06
14.456,0.05,-0.055
14.458,0.045,-0.05
14.46,0.05,-0.05
14.462,0.055,-0.045
14.464,0.055,-0.04
14.466,0.055,-0.04
14.468,0.065,-0.04
14.47,0.065,-0.04
14.472,0.06,-0.04
14.474,0.06,-0.045
14.476,0.06,-0.045
14.478,0.055,-0.045
14.48,0.05,-0.045
14.482,0.06,-0.045
14.484,0.065,-0.045
14.486,0.06,-0.04
14.488,0.065,-0.035
14.49,0.07,-0.035
14.492,0.07,-0.03
14.494,0.065,-0.03
14.496,0.07,-0.03
14.498,0.07,-0.035
14.5,0.065,-0.04
14.502,0.07,-0.04
14.504,0.08,-0.045
14.506,0.08,-0.05
14.508,0.08,-0.055
14.51,0.08,-0.055
14.512,0.075,-0.06
14.514,0.075,-0.055
14.516,0.07,-0.055
14.518,0.075,-0.05
14.52,0.085,-0.045
14.522,0.1,-0.035
14.524,0.1,-0.03
14.526,0.11,-0.025
14.528,0.115,-0.02
14.53,0.125,-0.015
14.532,0.12,-0.01
14.534,0.13,-0.005
14.536,0.13,-0.005
14.538,0.135,0.0
14.54,0.13,0.005
14.542,0.14,0.01
14.544,0.135,0.01
14.546,0.155,0.015
14.548,0.155,0.02
14.55,0.165,0.025
14.552,0.155,0.03
14.554,0.15,0.035
14.556,0.15,0.045
14.558,0.165,0.05
14.56,0.17,0.06
14.562,0.19,0.065
14.564,0.19,0.075
14.566,0.205,0.08
14.568,0.22,0.09
14.57,0.22,0.095
14.572,0.22,0.1
14.574,0.23,0.105
14.576,0.25,0.11
14.578,0.25,0.115
14.58,0.245,0.115
14.582,0.25,0.12
14.584,0.25,0.125
14.586,0.26,0.135
14.588,0.265,0.14
14.59,0.26,0.145
14.592,0.275,0.15
14.594,0.27,0.15
14.596,0.255,0.155
14.598,0.255,0.15
14.6,0.245,0.15
14.602,0.26,0.145
14.604,0.255,0.135
14.606,0.245,0.13
14.608,0.255,0.12
14.61,0.235,0.115
14.612,0.24,0.11
14.614,0.24,0.105
14.616,0.23,0.105
14.618,0.2,0.1
14.62,0.2,0.1
14.622,0.195,0.095
14.624,0.2,0.09
14.626,0.205,0.09
14.628,0.21,0.085
14.63,0.18,0.08
14.632,0.175,0.075
14.634,0.165,0.07
14.636,0.155,0.065
14.638,0.145,0.055
14.64,0.145,0.05
14.642,0.145,0.04
14.644,0.125,0.03
14.646,0.14,0.02
14.648,0.12,0.005
14.65,0.125,-0.005
14.652,0.12,-0.015
14.654,0.12,-0.02
14.656,0.095,-0.025
14.658,0.095,-0.03
14.66,0.08,-0.03
14.662,0.08,-0.03
14.664,0.08,-0.025
14.666,0.095,-0.025
14.668,0.105,-0.025
14.67,0.105,-0.025
14.672,0.08,-0.025
14.674,0.085,-0.03
14.676,0.085,-0.035
14.678,0.06,-0.04
14.68,0.06,-0.045
14.682,0.07,-0.045
14.684,0.07,-0.05
14.686,0.07,-0.05
14.688,0.085,-0.05
14.69,0.085,-0.05
14.692,0.085,-0.05
14.694,0.1,-0.05
14.696,0.085,-0.055
14.698,0.08,-0.055
14.7,0.08,-0.06
14.702,0.08,-0.06
14.704,0.075,-0.055
14.706,0.08,-0.055
14.708,0.08,-0.05
14.71,0.08,-0.045
14.712,0.09,-0.04
14.714,0.09,-0.035
14.716,0.085,-0.03
14.718,0.09,-0.03
14.72,0.085,-0.035
14.722,0.08,-0.04
14.724,0.085,-0.045
14.726,0.08,-0.05
14.728,0.085,-0.055
14.73,0.075,-0.065
14.732,0.075,-0.065
14.734,0.075,-0.07
14.736,0.07,-0.07
14.738,0.07,-0.075
14.74,0.065,-0.075
14.742,0.08,-0.075
14.744,0.06,-0.075
14.746,0.055,-0.075
14.748,0.05,-0.07
14.75,0.04,-0.07
14.752,0.06,-0.065
14.754,0.06,-0.065
14.756,0.055,-0.06
14.758,0.05,-0.06
14.76,0.055,-0.06
14.762,0.055,-0.06
14.764,0.05,-0.065
14.766,0.05,-0.065
14.768,0.05,-0.07
14.77,0.05,-0.075
14.772,0.06,-0.075
14.774,0.055,-0.08
14.776,0.055,-0.08
14.778,0.045,-0.08
14.78,0.035,-0.08
14.782,0.045,-0.08
14.784,0.04,-0.085
14.786,0.035,-0.085
14.788,0.035,-0.09
14.79,0.045,-0.09
14.792,0.045,-0.095
14.794,0.04,-0.095
14.796,0.035,-0.095
14.798,0.045,-0.1
14.8,0.05,-0.1
14.802,0.04,-0.1
14.804,0.035,-0.1
14.806,0.035,-0.105
14.808,0.03,-0.105
14.81,0.03,-0.11
14.812,0.04,-0.115
14.814,0.035,-0.115
14.816,0.035,-0.12
14.818,0.04,-0.12
14.82,0.035,-0.12
14.822,0.04,-0.115
14.824,0.045,-0.11
14.826,0.045,-0.11
14.828,0.05,-0.105
14.83,0.05,-0.1
14.832,0.04,-0.095
14.834,0.04,-0.095
14.836,0.035,-0.095
14.838,0.03,-0.095
14.84,0.035,-0.095
14.842,0.045,-0.095
14.844,0.04,-0.095
14.846,0.045,-0.095
14.848,0.04,-0.095
14.85,0.035,-0.095
14.852,0.03,-0.09
14.854,0.045,-0.09
14.856,0.055,-0.09
14.858,0.045,-0.095
14.86,0.045,-0.095
14.862,0.04,-0.1
14.864,0.05,-0.1
14.866,0.045,-0.1
14.868,0.055,-0.1
14.87,0.055,-0.1
14.872,0.045,-0.1
14.874,0.035,-0.095
14.876,0.045,-0.095
14.878,0.035,-0.095
14.88,0.035,-0.1
14.882,0.035,-0.105
14.884,0.045,-0.11
14.886,0.04,-0.115
14.888,0.05,-0.12
14.89,0.06,-0.12
14.892,0.075,-0.12
14.894,0.06,-0.115
14.896,0.065,-0.105
14.898,0.06,-0.1
14.9,0.06,-0.09
14.902,0.065,-0.085
14.904,0.07,-0.08
14.906,0.07,-0.08
14.908,0.07,-0.08
14.91,0.07,-0.085
14.912,0.08,-0.09
14.914,0.075,-0.09
14.916,0.075,-0.095
14.918,0.085,-0.095
14.92,0.075,-0.09
14.922,0.08,-0.085
14.924,0.085,-0.085
14.926,0.08,-0.08
14.928,0.085,-0.075
14.93,0.08,-0.07
14.932,0.09,-0.07
14.934,0.09,-0.065
14.936,0.08,-0.065
14.938,0.08,-0.065
14.94,0.09,-0.06
14.942,0.095,-0.06
14.944,0.09,-0.06
14.946,0.09,-0.055
14.948,0.115,-0.055
14.95,0.115,-0.055
14.952,0.105,-0.055
14.954,0.105,-0.055
14.956,0.12,-0.055
14.958,0.125,-0.055
14.96,0.125,-0.055
14.962,0.13,-0.055
14.964,0.13,-0.055
14.966,0.14,-0.055
14.968,0.14,-0.05
14.97,0.145,-0.05
14.972,0.145,-0.045
14.974,0.14,-0.045
14.976,0.135,-0.045
14.978,0.135,-0.04
14.98,0.145,-0.04
14.982,0.155,-0.035
14.984,0.16,-0.03
14.986,0.17,-0.02
14.988,0.185,-0.01
14.99,0.195,0.0
14.992,0.2,0.01
14.994,0.21,0.015
14.996,0.2,0.025
14.998,0.19,0.03
15.0,0.19,0.035
15.002,0.195,0.035
15.004,0.195,0.035
15.006,0.195,0.035
15.008,0.18,0.035
15.01,0.18,0.03
15.012,0.18,0.025
15.014,0.18,0.02
15.016,0.16,0.01
15.018,0.15,0.0
15.02,0.145,-0.01
15.022,0.15,-0.02
15.024,0.155,-0.03
15.026,0.145,-0.035
15.028,0.14,-0.035
15.03,0.14,-0.035
15.032,0.14,-0.035
15.034,0.14,-0.035
15.036,0.135,-0.03
15.038,0.135,-0.03
15.04,0.135,-0.035
15.042,0.14,-0.04
15.044,0.145,-0.045
15.046,0.135,-0.05
15.048,0.135,-0.055
15.05,0.12,-0.06
15.052,0.115,-0.065
15.054,0.125,-0.07
15.056,0.13,-0.07
15.058,0.135,-0.075
15.06,0.135,-0.075
15.062,0.14,-0.075
15.064,0.14,-0.075
15.066,0.13,-0.075
15.068,0.125,-0.07
15.07,0.13,-0.065
15.072,0.125,-0.065
15.074,0.12,-0.06
15.076,0.125,-0.055
15.078,0.125,-0.05
15.08,0.125,-0.045
15.082,0.13,-0.045
15.084,0.13,-0.045
15.086,0.13,-0.045
15.088,0.125,-0.045
15.09,0.135,-0.045
15.092,0.145,-0.045
15.094,0.13,-0.05
15.096,0.115,-0.06
15.098,0.1,-0.075
15.1,0.065,-0.1
15.102,0.025,-0.135
15.104,0.0,-0.17
15.106,-0.05,-0.21
15.108,-0.085,-0.245
15.11,-0.105,-0.265
15.112,-0.085,-0.265
15.114,-0.065,-0.235
15.116,0.0,-0.165
15.118,0.105,-0.065
15.12,0.265,0.07
15.122,0.44,0.23
15.124,0.625,0.41
15.126,0.81,0.59
15.128,0.98,0.76
15.13,1.15,0.905
15.132,1.285,1.025
15.134,1.38,1.105
15.136,1.405,1.14
15.138,1.34,1.135
15.14,1.27,1.095
15.142,1.19,1.02
15.144,1.09,0.92
15.146,1.0,0.8
15.148,0.875,0.68
15.15,0.715,0.56
15.152,0.59,0.455
15.154,0.515,0.36
15.156,0.465,0.285
15.158,0.405,0.23
15.16,0.37,0.185
15.162,0.345,0.155
15.164,0.305,0.135
15.166,0.27,0.11
15.168,0.245,0.09
15.17,0.225,0.065
15.172,0.215,0.04
15.174,0.205,0.015
15.176,0.19,-0.01
15.178,0.19,-0.025
15.18,0.18,-0.035
15.182,0.185,-0.035
15.184,0.185,-0.035
15.186,0.175,-0.03
15.188,0.16,-0.025
15.19,0.165,-0.02
15.192,0.16,-0.02
15.194,0.15,-0.025
15.196,0.15,-0.03
15.198,0.145,-0.04
15.2,0.155,-0.05
15.202,0.16,-0.055
15.204,0.155,-0.055
15.206,0.145,-0.055
15.208,0.155,-0.05
15.21,0.15,-0.045
15.212,0.14,-0.045
15.214,0.145,-0.045
15.216,0.15,-0.05
15.218,0.15,-0.055
15.22,0.14,-0.06
15.222,0.14,-0.065
15.224,0.15,-0.075
15.226,0.145,-0.075
15.228,0.15,-0.075
15.23,0.145,-0.075
15.232,0.15,-0.07
15.234,0.15,-0.065
15.236,0.16,-0.055
15.238,0.155,-0.05
15.24,0.15,-0.045
15.242,0.175,-0.04
15.244,0.17,-0.035
15.246,0.175,-0.035
15.248,0.17,-0.04
15.25,0.16,-0.04
15.252,0.155,-0.045
15.254,0.165,-0.045
15.256,0.16,-0.05
15.258,0.165,-0.05
15.26,0.165,-0.05
15.262,0.16,-0.05
15.264,0.175,-0.045
15.266,0.17,-0.04
15.268,0.16,-0.04
15.27,0.165,-0.035
15.272,0.17,-0.035
15.274,0.17,-0.035
15.276,0.17,-0.035
15.278,0.175,-0.035
15.28,0.18,-0.04
15.282,0.195,-0.04
15.284,0.185,-0.045
15.286,0.195,-0.045
15.288,0.195,-0.045
15.29,0.195,-0.04
15.292,0.2,-0.04
15.294,0.19,-0.04
15.296,0.185,-0.035
15.298,0.19,-0.035
15.3,0.195,-0.035
15.302,0.19,-0.03
15.304,0.195,-0.03
15.306,0.205,-0.03
15.308,0.21,-0.025
15.31,0.21,-0.025
15.312,0.21,-0.02
15.314,0.205,-0.02
15.316,0.21,-0.02
15.318,0.22,-0.02
15.32,0.225,-0.015
15.322,0.235,-0.015
15.324,0.24,-0.015
15.326,0.245,-0.01
15.328,0.245,-0.005
15.33,0.255,0.0
15.332,0.26,0.01
15.334,0.255,0.015
15.336,0.25,0.025
15.338,0.265,0.03
15.34,0.275,0.04
15.342,0.3,0.045
15.344,0.3,0.05
15.346,0.29,0.055
15.348,0.295,0.06
15.35,0.315,0.065
15.352,0.32,0.07
15.354,0.315,0.075
15.356,0.315,0.085
15.358,0.32,0.09
15.36,0.33,0.09
15.362,0.335,0.095
15.364,0.35,0.1
15.366,0.355,0.1
15.368,0.355,0.105
15.37,0.35,0.105
15.372,0.345,0.11
15.374,0.345,0.115
15.376,0.36,0.115
15.378,0.36,0.12
15.38,0.365,0.12
15.382,0.37,0.125
15.384,0.37,0.125
15.386,0.37,0.13
15.388,0.37,0.13
15.39,0.365,0.125
15.392,0.355,0.125
15.394,0.345,0.12
15.396,0.34,0.115
15.398,0.35,0.11
15.4,0.33,0.105
15.402,0.32,0.1
15.404,0.32,0.09
15.406,0.31,0.085
15.408,0.31,0.08
15.41,0.31,0.075
15.412,0.295,0.07
15.414,0.28,0.065
15.416,0.275,0.06
15.418,0.275,0.055
15.42,0.265,0.05
15.422,0.26,0.04
15.424,0.25,0.035
15.426,0.245,0.025
15.428,0.24,0.015
15.43,0.225,0.005
15.432,0.225,-0.005
15.434,0.22,-0.015
15.436,0.21,-0.02
15.438,0.195,-0.025
15.44,0.2,-0.03
15.442,0.195,-0.035
15.444,0.195,-0.035
15.446,0.2,-0.035
15.448,0.21,-0.04
15.45,0.215,-0.04
15.452,0.215,-0.04
15.454,0.21,-0.04
15.456,0.205,-0.04
15.458,0.195,-0.04
15.46,0.2,-0.04
15.462,0.2,-0.04
15.464,0.19,-0.04
15.466,0.195,-0.04
15.468,0.19,-0.04
15.47,0.19,-0.045
15.472,0.19,-0.045
15.474,0.18,-0.05
15.476,0.185,-0.055
15.478,0.185,-0.06
15.48,0.2,-0.065
15.482,0.195,-0.065
15.484,0.195,-0.07
15.486,0.19,-0.07
15.488,0.195,-0.07
15.49,0.19,-0.07
15.492,0.19,-0.065
15.494,0.185,-0.065
15.496,0.19,-0.065
15.498,0.195,-0.065
15.5,0.195,-0.065
15.502,0.195,-0.06
15.504,0.19,-0.06
15.506,0.2,-0.06
15.508,0.2,-0.055
15.51,0.195,-0.055
15.512,0.19,-0.055
15.514,0.19,-0.055
15.516,0.19,-0.06
15.518,0.195,-0.06
15.52,0.18,-0.065
15.522,0.19,-0.07
15.524,0.19,-0.075
15.526,0.19,-0.08
15.528,0.195,-0.08
15.53,0.195,-0.08
15.532,0.185,-0.08
15.534,0.2,-0.075
15.536,0.19,-0.075
15.538,0.19,-0.07
15.54,0.19,-0.065
15.542,0.19,-0.065
15.544,0.19,-0.065
15.546,0.195,-0.06
15.548,0.195,-0.06
15.55,0.205,-0.06
15.552,0.19,-0.06
15.554,0.185,-0.06
15.556,0.195,-0.06
15.558,0.21,-0.06
15.56,0.215,-0.06
15.562,0.215,-0.06
15.564,0.2,-0.06
15.566,0.205,-0.06
15.568,0.21,-0.065
15.57,0.21,-0.065
15.572,0.205,-0.065
15.574,0.21,-0.065
15.576,0.205,-0.065
15.578,0.205,-0.065
15.58,0.205,-0.06
15.582,0.21,-0.06
15.584,0.195,-0.055
15.586,0.205,-0.055
15.588,0.2,-0.055
15.59,0.205,-0.06
15.592,0.195,-0.065
15.594,0.205,-0.07
15.596,0.195,-0.075
15.598,0.2,-0.075
15.6,0.21,-0.08
15.602,0.21,-0.08
15.604,0.22,-0.075
15.606,0.205,-0.07
15.608,0.21,-0.06
15.61,0.215,-0.055
15.612,0.2,-0.045
15.614,0.195,-0.045
15.616,0.205,-0.04
15.618,0.21,-0.04
15.62,0.215,-0.045
15.622,0.215,-0.05
15.624,0.21,-0.05
15.626,0.215,-0.055
15.628,0.21,-0.06
15.63,0.21,-0.06
15.632,0.21,-0.06
15.634,0.2,-0.06
15.636,0.2,-0.06
15.638,0.195,-0.06
15.64,0.2,-0.06
15.642,0.21,-0.06
15.644,0.205,-0.06
15.646,0.215,-0.06
15.648,0.215,-0.06
15.65,0.215,-0.06
15.652,0.23,-0.06
15.654,0.225,-0.06
15.656,0.21,-0.06
15.658,0.205,-0.055
15.66,0.2,-0.055
15.662,0.205,-0.055
15.664,0.205,-0.05
15.666,0.205,-0.05
15.668,0.21,-0.05
15.67,0.2,-0.055
15.672,0.2,-0.055
15.674,0.195,-0.055
15.676,0.19,-0.055
15.678,0.195,-0.055
15.68,0.205,-0.055
15.682,0.195,-0.055
15.684,0.205,-0.055
15.686,0.205,-0.055
15.688,0.2,-0.055
15.69,0.205,-0.06
15.692,0.2,-0.06
15.694,0.205,-0.065
15.696,0.2,-0.07
15.698,0.2,-0.075
15.7,0.205,-0.075
15.702,0.205,-0.075
15.704,0.21,-0.075
15.706,0.215,-0.075
15.708,0.21,-0.075
15.71,0.21,-0.075
15.712,0.21,-0.08
15.714,0.2,-0.08
15.716,0.2,-0.08
15.718,0.205,-0.08
15.72,0.21,-0.085
15.722,0.2,-0.085
15.724,0.205,-0.085
15.726,0.21,-0.085
15.728,0.195,-0.085
15.73,0.2,-0.085
15.732,0.195,-0.085
15.734,0.2,-0.085
15.736,0.21,-0.085
15.738,0.21,-0.085
15.74,0.22,-0.08
15.742,0.22,-0.08
15.744,0.22,-0.075
15.746,0.225,-0.07
15.748,0.215,-0.065
15.75,0.22,-0.06
15.752,0.21,-0.055
15.754,0.22,-0.05
15.756,0.22,-0.045
15.758,0.22,-0.045
15.76,0.23,-0.045
15.762,0.24,-0.04
15.764,0.24,-0.04
15.766,0.25,-0.04
15.768,0.25,-0.04
15.77,0.23,-0.04
15.772,0.225,-0.04
15.774,0.245,-0.035
15.776,0.25,-0.035
15.778,0.27,-0.03
15.78,0.27,-0.025
15.782,0.285,-0.02
15.784,0.29,-0.01
15.786,0.295,-0.005
15.788,0.29,0.0
15.79,0.295,0.01
15.792,0.3,0.01
15.794,0.295,0.015
15.796,0.305,0.015
15.798,0.3,0.015
15.8,0.3,0.015
15.802,0.29,0.01
15.804,0.295,0.005
15.806,0.29,0.005
15.808,0.27,0.0
15.81,0.255,-0.005
15.812,0.24,-0.01
15.814,0.23,-0.015
15.816,0.23,-0.02
15.818,0.24,-0.03
15.82,0.24,-0.035
15.822,0.23,-0.04
15.824,0.225,-0.05
15.826,0.23,-0.055
15.828,0.225,-0.06
15.83,0.22,-0.06
15.832,0.215,-0.065
15.834,0.225,-0.065
15.836,0.225,-0.065
15.838,0.21,-0.07
15.84,0.21,-0.07
15.842,0.205,-0.07
15.844,0.2,-0.07
15.846,0.225,-0.065
15.848,0.225,-0.065
15.85,0.215,-0.065
15.852,0.215,-0.06
15.854,0.22,-0.06
15.856,0.22,-0.06
15.858,0.21,-0.065
15.86,0.215,-0.065
15.862,0.21,-0.07
15.864,0.205,-0.075
15.866,0.2,-0.08
15.868,0.205,-0.08
15.87,0.19,-0.085
15.872,0.2,-0.09
15.874,0.205,-0.1
15.876,0.2,-0.105
15.878,0.2,-0.105
15.88,0.21,-0.11
15.882,0.215,-0.11
15.884,0.22,-0.105
15.886,0.215,-0.1
15.888,0.21,-0.095
15.89,0.19,-0.095
15.892,0.175,-0.1
15.894,0.145,-0.115
15.896,0.12,-0.145
15.898,0.09,-0.18
15.9,0.04,-0.225
15.902,0.01,-0.27
15.904,-0.05,-0.305
15.906,-0.055,-0.32
15.908,-0.03,-0.305
15.91,0.025,-0.255
15.912,0.11,-0.17
15.914,0.245,-0.05
15.916,0.405,0.105
15.918,0.59,0.28
15.92,0.775,0.465
15.922,0.97,0.645
15.924,1.115,0.81
15.926,1.28,0.945
15.928,1.415,1.04
15.93,1.485,1.1
15.932,1.455,1.11
15.934,1.365,1.085
15.936,1.305,1.02
15.938,1.175,0.925
15.94,1.075,0.81
15.942,0.975,0.69
15.944,0.835,0.565
15.946,0.7,0.455
15.948,0.605,0.355
15.95,0.55,0.275
15.952,0.495,0.215
15.954,0.45,0.17
15.956,0.415,0.14
15.958,0.37,0.11
15.96,0.345,0.09
15.962,0.315,0.065
15.964,0.285,0.035
15.966,0.27,0.005
15.968,0.265,-0.025
15.97,0.245,-0.05
15.972,0.245,-0.065
15.974,0.24,-0.075
15.976,0.24,-0.08
15.978,0.215,-0.075
15.98,0.22,-0.065
15.982,0.215,-0.055
15.984,0.215,-0.05
15.986,0.21,-0.05
15.988,0.21,-0.055
15.99,0.215,-0.065
15.992,0.205,-0.075
15.994,0.22,-0.085
15.996,0.215,-0.095
15.998,0.21,-0.105
16.0,0.2,-0.11
16.002,0.195,-0.11
16.004,0.19,-0.105
16.006,0.185,-0.105
16.008,0.195,-0.1
16.01,0.2,-0.095
16.012,0.21,-0.095
16.014,0.22,-0.09
16.016,0.22,-0.09
16.018,0.23,-0.09
16.02,0.215,-0.09
16.022,0.205,-0.085
16.024,0.205,-0.085
16.026,0.205,-0.085
16.028,0.195,-0.09
16.03,0.195,-0.09
16.032,0.2,-0.09
16.034,0.215,-0.095
16.036,0.225,-0.095
16.038,0.23,-0.095
16.04,0.225,-0.095
16.042,0.22,-0.095
16.044,0.22,-0.09
16.046,0.225,-0.09
16.048,0.215,-0.09
16.05,0.21,-0.09
16.052,0.21,-0.09
16.054,0.215,-0.09
16.056,0.225,-0.09
16.058,0.225,-0.09
16.06,0.22,-0.09
16.062,0.22,-0.09
16.064,0.21,-0.09
16.066,0.215,-0.085
16.068,0.22,-0.085
16.07,0.23,-0.085
16.072,0.22,-0.085
16.074,0.22,-0.085
16.076,0.225,-0.085
16.078,0.215,-0.085
16.08,0.22,-0.09
16.082,0.23,-0.09
16.084,0.235,-0.085
16.086,0.235,-0.085
16.088,0.24,-0.085
16.09,0.24,-0.08
16.092,0.25,-0.08
16.094,0.255,-0.075
16.096,0.245,-0.07
16.098,0.24,-0.065
16.1,0.255,-0.06
16.102,0.255,-0.055
16.104,0.27,-0.05
16.106,0.26,-0.04
16.108,0.265,-0.035
16.11,0.26,-0.03
16.112,0.265,-0.025
16.114,0.265,-0.02
16.116,0.285,-0.02
16.118,0.285,-0.015
16.12,0.285,-0.015
16.122,0.285,-0.015
16.124,0.28,-0.01
16.126,0.3,-0.01
16.128,0.31,-0.005
16.13,0.315,-0.005
16.132,0.315,0.0
16.134,0.325,0.005
16.136,0.33,0.01
16.138,0.33,0.015
16.14,0.35,0.02
16.142,0.35,0.025
16.144,0.36,0.035
16.146,0.365,0.045
16.148,0.37,0.05
16.15,0.37,0.06
16.152,0.39,0.065
16.154,0.39,0.07
16.156,0.39,0.075
16.158,0.405,0.075
16.16,0.415,0.08
16.162,0.41,0.08
16.164,0.405,0.085
16.166,0.4,0.09
16.168,0.41,0.095
16.17,0.42,0.1
16.172,0.425,0.105
16.174,0.415,0.11
16.176,0.41,0.115
16.178,0.42,0.115
16.18,0.42,0.12
16.182,0.41,0.12
16.184,0.41,0.12
16.186,0.41,0.115
16.188,0.405,0.115
16.19,0.39,0.11
16.192,0.4,0.105
16.194,0.395,0.1
16.196,0.385,0.09
16.198,0.385,0.085
16.2,0.385,0.075
16.202,0.365,0.07
16.204,0.37,0.06
16.206,0.35,0.05
16.208,0.33,0.045
16.21,0.315,0.035
16.212,0.32,0.03
16.214,0.315,0.02
16.216,0.305,0.015
16.218,0.295,0.01
16.22,0.285,0.005
16.222,0.28,0.005
16.224,0.28,0.0
16.226,0.28,-0.005
16.228,0.275,-0.01
16.23,0.265,-0.015
16.232,0.27,-0.02
16.234,0.26,-0.025
16.236,0.27,-0.03
16.238,0.27,-0.035
16.24,0.26,-0.04
16.242,0.265,-0.045
16.244,0.255,-0.045
16.246,0.24,-0.05
16.248,0.255,-0.05
16.25,0.235,-0.05
16.252,0.25,-0.05
16.254,0.245,-0.05
16.256,0.24,-0.05
16.258,0.24,-0.055
16.26,0.245,-0.055
16.262,0.245,-0.06
16.264,0.25,-0.065
16.266,0.23,-0.065
16.268,0.245,-0.065
16.27,0.245,-0.065
16.272,0.24,-0.065
16.274,0.235,-0.065
16.276,0.245,-0.06
16.278,0.235,-0.06
16.28,0.24,-0.06
16.282,0.24,-0.06
16.284,0.235,-0.06
16.286,0.24,-0.065
16.288,0.25,-0.065
16.29,0.245,-0.07
16.292,0.25,-0.07
16.294,0.25,-0.075
16.296,0.24,-0.075
16.298,0.24,-0.075
16.3,0.24,-0.07
16.302,0.24,-0.065
16.304,0.24,-0.06
16.306,0.245,-0.055
16.308,0.24,-0.055
16.31,0.235,-0.05
16.312,0.23,-0.05
16.314,0.245,-0.05
16.316,0.255,-0.05
16.318,0.24,-0.05
16.32,0.23,-0.055
16.322,0.225,-0.055
16.324,0.225,-0.06
16.326,0.24,-0.06
16.328,0.24,-0.065
16.33,0.255,-0.07
16.332,0.235,-0.07
16.334,0.25,-0.07
16.336,0.25,-0.075
16.338,0.24,-0.075
16.34,0.235,-0.075
16.342,0.23,-0.075
16.344,0.24,-0.075
16.346,0.23,-0.07
16.348,0.24,-0.07
16.35,0.235,-0.065
16.352,0.235,-0.065
16.354,0.245,-0.065
16.356,0.25,-0.065
16.358,0.255,-0.065
16.36,0.245,-0.065
16.362,0.245,-0.065
16.364,0.245,-0.065
16.366,0.25,-0.07
16.368,0.24,-0.075
16.37,0.235,-0.075
16.372,0.235,-0.075
16.374,0.25,-0.08
16.376,0.25,-0.08
16.378,0.25,-0.08
16.38,0.245,-0.08
16.382,0.245,-0.08
16.384,0.25,-0.08
16.386,0.25,-0.075
16.388,0.24,-0.075
16.39,0.24,-0.075
16.392,0.245,-0.075
16.394,0.25,-0.075
16.396,0.25,-0.07
16.398,0.235,-0.07
16.4,0.235,-0.07
16.402,0.24,-0.07
16.404,0.24,-0.07
16.406,0.235,-0.07
16.408,0.24,-0.07
16.41,0.255,-0.065
16.412,0.24,-0.065
16.414,0.245,-0.06
16.416,0.25,-0.06
16.418,0.25,-0.055
16.42,0.24,-0.055
16.422,0.24,-0.055
16.424,0.245,-0.06
16.426,0.24,-0.06
16.428,0.225,-0.065
16.43,0.23,-0.07
16.432,0.24,-0.08
16.434,0.235,-0.08
16.436,0.235,-0.08
16.438,0.24,-0.08
16.44,0.245,-0.08
16.442,0.235,-0.075
16.444,0.23,-0.07
16.446,0.24,-0.065
16.448,0.255,-0.06
16.45,0.245,-0.06
16.452,0.235,-0.055
16.454,0.235,-0.06
16.456,0.25,-0.06
16.458,0.24,-0.06
16.46,0.235,-0.06
16.462,0.25,-0.06
16.464,0.225,-0.06
16.466,0.24,-0.06
16.468,0.24,-0.06
16.47,0.25,-0.06
16.472,0.245,-0.06
16.474,0.25,-0.06
16.476,0.235,-0.065
16.478,0.245,-0.07
16.48,0.245,-0.07
16.482,0.225,-0.075
16.484,0.225,-0.075
16.486,0.235,-0.075
16.488,0.23,-0.075
16.49,0.235,-0.075
16.492,0.235,-0.075
16.494,0.225,-0.075
16.496,0.23,-0.07
16.498,0.23,-0.07
16.5,0.225,-0.07
16.502,0.235,-0.07
16.504,0.235,-0.075
16.506,0.22,-0.075
16.508,0.215,-0.075
16.51,0.23,-0.075
16.512,0.23,-0.075
16.514,0.235,-0.075
16.516,0.225,-0.075
16.518,0.225,-0.075
16.52,0.23,-0.075
16.522,0.23,-0.075
16.524,0.24,-0.07
16.526,0.24,-0.07
16.528,0.235,-0.07
16.53,0.235,-0.07
16.532,0.24,-0.065
16.534,0.235,-0.065
16.536,0.22,-0.065
16.538,0.22,-0.065
16.54,0.225,-0.07
16.542,0.23,-0.07
16.544,0.225,-0.07
16.546,0.23,-0.075
16.548,0.235,-0.075
16.55,0.23,-0.08
16.552,0.23,-0.08
16.554,0.235,-0.08
16.556,0.235,-0.08
16.558,0.23,-0.075
16.56,0.23,-0.075
16.562,0.235,-0.07
16.564,0.23,-0.065
16.566,0.225,-0.06
16.568,0.245,-0.055
16.57,0.25,-0.05
16.572,0.245,-0.05
16.574,0.25,-0.05
16.576,0.25,-0.045
16.578,0.25,-0.045
16.58,0.255,-0.045
16.582,0.255,-0.045
16.584,0.275,-0.04
16.586,0.28,-0.04
16.588,0.28,-0.035
16.59,0.29,-0.03
16.592,0.305,-0.025
16.594,0.3,-0.02
16.596,0.3,-0.015
16.598,0.305,-0.01
16.6,0.295,-0.005
16.602,0.285,-0.005
16.604,0.28,0.0
16.606,0.275,0.005
16.608,0.3,0.005
16.61,0.295,0.005
16.612,0.29,0.005
16.614,0.28,0.0
16.616,0.265,-0.005
16.618,0.255,-0.015
16.62,0.245,-0.025
16.622,0.23,-0.035
16.624,0.22,-0.045
16.626,0.215,-0.05
16.628,0.215,-0.055
16.63,0.22,-0.06
16.632,0.215,-0.065
16.634,0.215,-0.07
16.636,0.2,-0.075
16.638,0.205,-0.08
16.64,0.2,-0.085
16.642,0.19,-0.09
16.644,0.195,-0.095
16.646,0.195,-0.1
16.648,0.2,-0.1
16.65,0.2,-0.095
16.652,0.19,-0.095
16.654,0.19,-0.09
16.656,0.185,-0.085
16.658,0.185,-0.085
16.66,0.175,-0.08
16.662,0.175,-0.08
16.664,0.185,-0.085
16.666,0.18,-0.085
16.668,0.19,-0.09
16.67,0.19,-0.09
16.672,0.19,-0.095
16.674,0.195,-0.095
16.676,0.19,-0.095
16.678,0.19,-0.095
16.68,0.19,-0.095
16.682,0.185,-0.1
16.684,0.185,-0.105
16.686,0.175,-0.11
16.688,0.18,-0.115
16.69,0.175,-0.115
16.692,0.175,-0.12
16.694,0.17,-0.12
16.696,0.17,-0.12
16.698,0.155,-0.125
16.7,0.13,-0.14
16.702,0.1,-0.155
16.704,0.08,-0.185
16.706,0.045,-0.22
16.708,0.0,-0.255
16.71,-0.045,-0.29
16.712,-0.06,-0.31
16.714,-0.045,-0.31
16.716,-0.005,-0.28
16.718,0.055,-0.215
16.72,0.165,-0.12
16.722,0.315,0.015
16.724,0.47,0.175
16.726,0.66,0.35
16.728,0.835,0.53
16.73,0.99,0.695
16.732,1.155,0.84
16.734,1.305,0.95
16.736,1.395,1.015
16.738,1.385,1.04
16.74,1.305,1.025
16.742,1.21,0.97
16.744,1.135,0.885
16.746,1.02,0.775
16.748,0.96,0.66
16.75,0.835,0.545
16.752,0.68,0.435
16.754,0.55,0.34
16.756,0.495,0.26
16.758,0.46,0.195
16.76,0.415,0.15
16.762,0.38,0.115
16.764,0.35,0.085
16.766,0.315,0.06
16.768,0.275,0.04
16.77,0.255,0.02
16.772,0.24,-0.005
16.774,0.23,-0.03
16.776,0.225,-0.05
16.778,0.21,-0.07
16.78,0.205,-0.08
16.782,0.2,-0.09
16.784,0.195,-0.095
16.786,0.18,-0.095
16.788,0.18,-0.095
16.79,0.185,-0.095
16.792,0.185,-0.095
16.794,0.17,-0.095
16.796,0.175,-0.1
16.798,0.19,-0.1
16.8,0.165,-0.105
16.802,0.175,-0.105
16.804,0.17,-0.105
16.806,0.16,-0.105
16.808,0.16,-0.105
16.81,0.155,-0.105
16.812,0.15,-0.105
16.814,0.16,-0.105
16.816,0.165,-0.105
16.818,0.16,-0.11
16.82,0.16,-0.11
16.822,0.165,-0.11
16.824,0.155,-0.11
16.826,0.165,-0.11
16.828,0.16,-0.11
16.83,0.155,-0.11
16.832,0.155,-0.11
16.834,0.15,-0.11
16.836,0.145,-0.115
16.838,0.15,-0.115
16.84,0.165,-0.115
16.842,0.17,-0.11
16.844,0.165,-0.105
16.846,0.18,-0.1
16.848,0.195,-0.09
16.85,0.19,-0.08
16.852,0.18,-0.075
16.854,0.185,-0.07
16.856,0.175,-0.07
16.858,0.18,-0.07
16.86,0.185,-0.075
16.862,0.155,-0.085
16.864,0.17,-0.095
16.866,0.155,-0.105
16.868,0.18,-0.115
16.87,0.16,-0.125
16.872,0.155,-0.125
16.874,0.155,-0.13
16.876,0.155,-0.125
16.878,0.165,-0.12
16.88,0.175,-0.115
16.882,0.16,-0.11
16.884,0.15,-0.1
16.886,0.165,-0.095
16.888,0.18,-0.09
16.89,0.185,-0.085
16.892,0.175,-0.085
16.894,0.2,-0.08
16.896,0.165,-0.08
16.898,0.17,-0.08
16.9,0.175,-0.08
16.902,0.165,-0.08
16.904,0.16,-0.08
16.906,0.18,-0.075
16.908,0.185,-0.075
16.91,0.17,-0.075
16.912,0.195,-0.07
16.914,0.21,-0.07
16.916,0.215,-0.065
16.918,0.205,-0.06
16.92,0.205,-0.06
16.922,0.2,-0.055
16.924,0.215,-0.055
16.926,0.215,-0.05
16.928,0.215,-0.045
16.93,0.225,-0.04
16.932,0.225,-0.035
16.934,0.245,-0.03
16.936,0.25,-0.025
16.938,0.26,-0.02
16.94,0.27,-0.015
16.942,0.275,-0.005
16.944,0.275,0.0
16.946,0.29,0.005
16.948,0.285,0.015
16.95,0.295,0.02
16.952,0.3,0.03
16.954,0.3,0.035
16.956,0.31,0.045
16.958,0.32,0.05
16.96,0.34,0.06
16.962,0.335,0.065
16.964,0.325,0.07
16.966,0.33,0.08
16.968,0.32,0.085
16.97,0.34,0.09
16.972,0.335,0.1
16.974,0.335,0.105
16.976,0.33,0.11
16.978,0.365,0.115
16.98,0.375,0.12
16.982,0.375,0.125
16.984,0.365,0.125
16.986,0.35,0.125
16.988,0.365,0.125
16.99,0.365,0.125
16.992,0.36,0.12
16.994,0.35,0.12
16.996,0.36,0.115
16.998,0.35,0.11
17.0,0.345,0.105
17.002,0.335,0.1
17.004,0.32,0.1
17.006,0.305,0.095
17.008,0.3,0.09
17.01,0.29,0.085
17.012,0.3,0.075
17.014,0.31,0.07
17.016,0.29,0.065
17.018,0.29,0.055
17.02,0.28,0.045
17.022,0.265,0.04
17.024,0.265,0.03
17.026,0.26,0.025
17.028,0.255,0.02
17.03,0.255,0.015
17.032,0.24,0.01
17.034,0.23,0.01
17.036,0.225,0.01
17.038,0.22,0.01
17.04,0.215,0.01
17.042,0.215,0.005
17.044,0.215,0.005
17.046,0.225,0.005
17.048,0.215,0.0
17.05,0.215,-0.005
17.052,0.22,-0.01
17.054,0.22,-0.015
17.056,0.22,-0.02
17.058,0.2,-0.025
17.06,0.21,-0.025
17.062,0.205,-0.025
17.064,0.19,-0.025
17.066,0.21,-0.025
17.068,0.22,-0.02
17.07,0.215,-0.02
17.072,0.21,-0.015
17.074,0.215,-0.015
17.076,0.21,-0.015
17.078,0.195,-0.015
17.08,0.2,-0.015
17.082,0.195,-0.02
17.084,0.195,-0.02
17.086,0.205,-0.025
17.088,0.205,-0.025
17.09,0.22,-0.025
17.092,0.21,-0.025
17.094,0.205,-0.025
17.096,0.215,-0.025
17.098,0.215,-0.03
17.1,0.205,-0.03
17.102,0.2,-0.03
17.104,0.2,-0.03
17.106,0.205,-0.03
17.108,0.21,-0.025
17.11,0.205,-0.015
17.112,0.225,-0.01
17.114,0.215,0.0
17.116,0.225,0.005
17.118,0.21,0.005
17.12,0.215,0.005
17.122,0.21,0.0
17.124,0.195,-0.01
17.126,0.2,-0.015
17.128,0.215,-0.025
17.13,0.205,-0.03
17.132,0.2,-0.035
17.134,0.195,-0.035
17.136,0.205,-0.03
17.138,0.205,-0.025
17.14,0.22,-0.02
17.142,0.215,-0.015
17.144,0.225,-0.01
17.146,0.225,-0.005
17.148,0.23,0.0
17.15,0.23,0.0
17.152,0.22,0.005
17.154,0.215,0.005
17.156,0.22,0.005
17.158,0.21,0.01
17.16,0.21,0.01
17.162,0.21,0.01
17.164,0.205,0.01
17.166,0.21,0.01
17.168,0.21,0.01
17.17,0.215,0.01
17.172,0.235,0.01
17.174,0.24,0.01
17.176,0.235,0.01
17.178,0.235,0.01
17.18,0.215,0.015
17.182,0.22,0.015
17.184,0.215,0.02
17.186,0.225,0.02
17.188,0.215,0.02
17.19,0.215,0.02
17.192,0.225,0.025
17.194,0.22,0.025
17.196,0.225,0.025
17.198,0.225,0.03
17.2,0.215,0.03
17.202,0.22,0.035
17.204,0.225,0.035
17.206,0.215,0.035
17.208,0.215,0.035
17.21,0.22,0.035
17.212,0.22,0.03
17.214,0.235,0.03
17.216,0.23,0.03
17.218,0.22,0.03
17.22,0.22,0.03
17.222,0.215,0.03
17.224,0.21,0.03
17.226,0.22,0.03
17.228,0.225,0.03
17.23,0.215,0.03
17.232,0.22,0.03
17.234,0.22,0.035
17.236,0.22,0.035
17.238,0.23,0.04
17.24,0.235,0.04
17.242,0.23,0.045
17.244,0.225,0.045
17.246,0.22,0.045
17.248,0.225,0.045
17.25,0.215,0.045
17.252,0.215,0.04
17.254,0.22,0.04
17.256,0.205,0.04
17.258,0.205,0.035
17.26,0.2,0.035
17.262,0.21,0.035
17.264,0.225,0.035
17.266,0.22,0.035
17.268,0.215,0.04
17.27,0.205,0.04
17.272,0.205,0.04
17.274,0.205,0.04
17.276,0.19,0.04
17.278,0.2,0.04
17.28,0.2,0.04
17.282,0.205,0.04
17.284,0.2,0.04
17.286,0.195,0.035
17.288,0.2,0.035
17.29,0.215,0.03
17.292,0.205,0.025
17.294,0.21,0.025
17.296,0.215,0.02
17.298,0.215,0.02
17.3,0.22,0.02
17.302,0.215,0.025
17.304,0.2,0.03
17.306,0.22,0.03
17.308,0.21,0.035
17.31,0.21,0.04
17.312,0.2,0.04
17.314,0.2,0.04
17.316,0.205,0.04
17.318,0.215,0.04
17.32,0.215,0.04
17.322,0.195,0.04
17.324,0.2,0.04
17.326,0.195,0.04
17.328,0.2,0.045
17.33,0.205,0.045
17.332,0.2,0.05
17.334,0.205,0.055
17.336,0.205,0.055
17.338,0.195,0.06
17.34,0.195,0.065
17.342,0.2,0.065
17.344,0.205,0.065
17.346,0.205,0.065
17.348,0.215,0.06
17.35,0.195,0.06
17.352,0.195,0.055
17.354,0.215,0.055
17.356,0.22,0.05
17.358,0.195,0.05
17.36,0.21,0.05
17.362,0.22,0.055
17.364,0.2,0.055
17.366,0.205,0.06
17.368,0.21,0.065
17.37,0.205,0.07
17.372,0.195,0.075
17.374,0.21,0.075
17.376,0.205,0.08
17.378,0.22,0.08
17.38,0.21,0.08
17.382,0.225,0.075
17.384,0.225,0.075
17.386,0.23,0.075
17.388,0.23,0.08
17.39,0.235,0.08
17.392,0.22,0.085
17.394,0.225,0.09
17.396,0.225,0.095
17.398,0.22,0.1
17.4,0.23,0.105
17.402,0.255,0.11
17.404,0.26,0.115
17.406,0.265,0.12
17.408,0.265,0.12
17.41,0.265,0.125
17.412,0.28,0.13
17.414,0.3,0.135
17.416,0.29,0.14
17.418,0.285,0.145
17.42,0.275,0.15
17.422,0.29,0.15
17.424,0.265,0.155
17.426,0.26,0.155
17.428,0.25,0.15
17.43,0.26,0.145
17.432,0.255,0.14
17.434,0.26,0.13
17.436,0.235,0.125
17.438,0.23,0.115
17.44,0.225,0.11
17.442,0.205,0.11
17.444,0.215,0.11
17.446,0.21,0.11
17.448,0.225,0.115
17.45,0.225,0.115
17.452,0.215,0.12
17.454,0.2,0.12
17.456,0.225,0.125
17.458,0.215,0.12
17.46,0.215,0.115
17.462,0.195,0.115
17.464,0.195,0.11
17.466,0.2,0.105
17.468,0.195,0.105
17.47,0.2,0.105
17.472,0.195,0.11
17.474,0.19,0.11
17.476,0.18,0.115
17.478,0.195,0.115
17.48,0.205,0.115
17.482,0.22,0.11
17.484,0.21,0.105
17.486,0.2,0.1
17.488,0.205,0.095
17.49,0.2,0.09
17.492,0.195,0.09
17.494,0.195,0.09
17.496,0.185,0.09
17.498,0.185,0.095
17.5,0.19,0.1
17.502,0.195,0.1
17.504,0.19,0.105
17.506,0.19,0.11
17.508,0.215,0.11
17.51,0.205,0.115
17.512,0.19,0.115
17.514,0.185,0.115
17.516,0.17,0.11
17.518,0.16,0.095
17.52,0.13,0.08
17.522,0.095,0.055
17.524,0.08,0.02
17.526,0.045,-0.015
17.528,-0.005,-0.045
17.53,-0.02,-0.07
17.532,-0.02,-0.075
17.534,-0.005,-0.055
17.536,0.065,-0.005
17.538,0.14,0.085
17.54,0.27,0.205
17.542,0.42,0.355
17.544,0.6,0.53
17.546,0.825,0.71
17.548,0.99,0.885
17.55,1.13,1.045
17.552,1.29,1.175
17.554,1.405,1.265
17.556,1.45,1.315
17.558,1.415,1.32
17.56,1.33,1.29
17.562,1.265,1.22
17.564,1.14,1.13
17.566,1.075,1.025
17.568,0.97,0.91
17.57,0.83,0.8
17.572,0.695,0.7
17.574,0.605,0.61
17.576,0.57,0.535
17.578,0.515,0.475
17.58,0.46,0.425
17.582,0.42,0.385
17.584,0.37,0.355
17.586,0.335,0.325
17.588,0.3,0.305
17.59,0.28,0.28
17.592,0.275,0.26
17.594,0.265,0.24
17.596,0.26,0.225
17.598,0.255,0.21
17.6,0.245,0.2
17.602,0.22,0.195
17.604,0.22,0.195
17.606,0.205,0.19
17.608,0.22,0.19
17.61,0.21,0.19
17.612,0.21,0.185
17.614,0.22,0.185
17.616,0.225,0.18
17.618,0.205,0.18
17.62,0.2,0.18
17.622,0.225,0.18
17.624,0.23,0.18
17.626,0.215,0.185
17.628,0.19,0.19
17.63,0.19,0.19
17.632,0.225,0.195
17.634,0.225,0.2
17.636,0.215,0.2
17.638,0.2,0.2
17.64,0.215,0.2
17.642,0.23,0.205
17.644,0.215,0.205
17.646,0.21,0.205
17.648,0.2,0.21
17.65,0.24,0.21
17.652,0.24,0.21
17.654,0.215,0.205
17.656,0.19,0.205
17.658,0.225,0.2
17.66,0.185,0.195
17.662,0.185,0.195
17.664,0.205,0.195
17.666,0.24,0.195
17.668,0.24,0.2
17.67,0.24,0.205
17.672,0.19,0.21
17.674,0.19,0.21
17.676,0.19,0.21
17.678,0.185,0.21
17.68,0.2,0.205
17.682,0.25,0.205
17.684,0.205,0.205
17.686,0.225,0.205
17.688,0.245,0.21
17.69,0.19,0.22
17.692,0.155,0.225
17.694,0.22,0.235
17.696,0.23,0.24
17.698,0.205,0.245
17.7,0.255,0.24
17.702,0.285,0.24
17.704,0.225,0.235
17.706,0.225,0.23
17.708,0.205,0.225
17.71,0.205,0.225
17.712,0.205,0.23
17.714,0.175,0.235
17.716,0.22,0.24
17.718,0.2,0.245
17.72,0.24,0.25
17.722,0.22,0.25
17.724,0.215,0.25
17.726,0.235,0.245
17.728,0.26,0.245
17.73,0.225,0.245
17.732,0.21,0.245
17.734,0.21,0.255
17.736,0.22,0.265
17.738,0.275,0.275
17.74,0.265,0.29
17.742,0.25,0.3
17.744,0.26,0.305
17.746,0.3,0.31
17.748,0.255,0.31
17.75,0.255,0.31
17.752,0.255,0.31
17.754,0.295,0.31
17.756,0.3,0.315
17.758,0.27,0.325
17.76,0.27,0.34
17.762,0.345,0.355
17.764,0.34,0.365
17.766,0.3,0.38
17.768,0.355,0.385
17.77,0.35,0.39
17.772,0.4,0.39
17.774,0.33,0.39
17.776,0.25,0.385
17.778,0.305,0.385
17.78,0.345,0.39
17.782,0.4,0.4
17.784,0.37,0.41
17.786,0.345,0.425
17.788,0.36,0.435
17.79,0.325,0.44
17.792,0.4,0.445
17.794,0.39,0.44
17.796,0.34,0.43
17.798,0.31,0.415
17.8,0.32,0.4
17.802,0.39,0.39
17.804,0.3,0.385
17.806,0.23,0.38
17.808,0.345,0.375
17.81,0.28,0.375
17.812,0.25,0.37
17.814,0.315,0.365
17.816,0.32,0.35
17.818,0.215,0.34
17.82,0.16,0.32
17.822,0.165,0.305
17.824,0.215,0.29
17.826,0.195,0.275
17.828,0.18,0.26
17.83,0.195,0.25
17.832,0.255,0.24
17.834,0.12,0.225
17.836,-0.04,0.205
17.838,0.13,0.185
17.84,0.155,0.16
17.842,-0.045,0.135
17.844,0.02,0.11
17.846,-0.02,0.085
17.848,0.05,0.065
17.85,-0.095,0.05
17.852,-0.125,0.035
17.854,-0.04,0.025
17.856,-0.11,0.01
17.858,-0.15,-0.01
17.86,-0.155,-0.03
17.862,-0.215,-0.055
17.864,-0.24,-0.085
17.866,-0.2,-0.115
17.868,-0.24,-0.145
17.87,-0.28,-0.17
17.872,-0.28,-0.195
17.874,-0.285,-0.215
17.876,-0.32,-0.23
17.878,-0.41,-0.245
17.88,-0.48,-0.26
17.882,-0.48,-0.28
17.884,-0.405,-0.295
17.886,-0.36,-0.31
17.888,-0.335,-0.325
17.89,-0.46,-0.345
17.892,-0.51,-0.365
17.894,-0.545,-0.38
17.896,-0.555,-0.4
17.898,-0.595,-0.42
17.9,-0.625,-0.44
17.902,-0.64,-0.46
17.904,-0.51,-0.48
17.906,-0.665,-0.495
17.908,-0.66,-0.51
17.91,-0.635,-0.52
17.912,-0.67,-0.525
17.914,-0.645,-0.525
17.916,-0.66,-0.53
17.918,-0.695,-0.535
17.92,-0.685,-0.545
17.922,-0.72,-0.555
17.924,-0.67,-0.57
17.926,-0.715,-0.585
17.928,-0.83,-0.605
17.93,-0.81,-0.62
17.932,-0.76,-0.63
17.934,-0.73,-0.635
17.936,-0.745,-0.635
17.938,-0.79,-0.63
17.94,-0.79,-0.625
17.942,-0.8,-0.615
17.944,-0.765,-0.615
17.946,-0.765,-0.615
17.948,-0.805,-0.625
17.95,-0.83,-0.645
17.952,-0.87,-0.665
17.954,-0.815,-0.69
17.956,-0.9,-0.71
17.958,-0.875,-0.73
17.96,-0.92,-0.74
17.962,-0.915,-0.745
17.964,-0.865,-0.74
17.966,-0.95,-0.73
17.968,-0.865,-0.72
17.97,-0.88,-0.71
17.972,-0.895,-0.7
17.974,-0.905,-0.695
17.976,-0.85,-0.695
17.978,-0.84,-0.7
17.98,-0.93,-0.705
17.982,-0.965,-0.71
17.984,-0.88,-0.71
17.986,-0.865,-0.7
17.988,-0.845,-0.69
17.99,-0.77,-0.67
17.992,-0.815,-0.65
17.994,-0.85,-0.63
17.996,-0.825,-0.615
17.998,-0.84,-0.6
18.0,-0.78,-0.595
18.002,-0.76,-0.59
18.004,-0.795,-0.585
18.006,-0.78,-0.58
18.008,-0.725,-0.575
18.01,-0.71,-0.565
18.012,-0.75,-0.55
18.014,-0.735,-0.535
18.016,-0.72,-0.515
18.018,-0.695,-0.5
18.02,-0.685,-0.485
18.022,-0.68,-0.475
18.024,-0.67,-0.47
18.026,-0.63,-0.465
18.028,-0.645,-0.455
18.03,-0.69,-0.45
18.032,-0.705,-0.44
18.034,-0.65,-0.43
18.036,-0.56,-0.415
18.038,-0.62,-0.4
18.04,-0.575,-0.39
18.042,-0.61,-0.375
18.044,-0.59,-0.365
18.046,-0.59,-0.36
18.048,-0.56,-0.355
18.05,-0.545,-0.355
18.052,-0.595,-0.355
18.054,-0.63,-0.355
18.056,-0.57,-0.355
18.058,-0.555,-0.35
18.06,-0.555,-0.35
18.062,-0.55,-0.345
18.064,-0.6,-0.34
18.066,-0.555,-0.335
18.068,-0.585,-0.325
18.07,-0.555,-0.32
18.072,-0.53,-0.315
18.074,-0.53,-0.31
18.076,-0.55,-0.305
18.078,-0.52,-0.3
18.08,-0.57,-0.3
18.082,-0.545,-0.3
18.084,-0.535,-0.3
18.086,-0.51,-0.3
18.088,-0.52,-0.3
18.09,-0.535,-0.3
18.092,-0.555,-0.3
18.094,-0.54,-0.295
18.096,-0.56,-0.29
18.098,-0.555,-0.285
18.1,-0.54,-0.28
18.102,-0.525,-0.275
18.104,-0.52,-0.275
18.106,-0.525,-0.27
18.108,-0.52,-0.27
18.11,-0.51,-0.265
18.112,-0.525,-0.265
18.114,-0.52,-0.26
18.116,-0.5,-0.255
18.118,-0.52,-0.25
18.12,-0.465,-0.245
18.122,-0.505,-0.245
18.124,-0.54,-0.245
18.126,-0.53,-0.245
18.128,-0.57,-0.25
18.13,-0.51,-0.26
18.132,-0.485,-0.265
18.134,-0.54,-0.27
18.136,-0.51,-0.275
18.138,-0.545,-0.275
18.14,-0.535,-0.275
18.142,-0.555,-0.27
18.144,-0.52,-0.265
18.146,-0.515,-0.265
18.148,-0.55,-0.265
18.15,-0.575,-0.265
18.152,-0.57,-0.27
18.154,-0.545,-0.27
18.156,-0.525,-0.275
18.158,-0.51,-0.28
18.16,-0.51,-0.28
18.162,-0.55,-0.275
18.164,-0.56,-0.27
18.166,-0.545,-0.265
18.168,-0.55,-0.255
18.17,-0.565,-0.255
18.172,-0.56,-0.25
18.174,-0.57,-0.255
18.176,-0.58,-0.26
18.178,-0.51,-0.265
18.18,-0.49,-0.27
18.182,-0.595,-0.27
18.184,-0.565,-0.27
18.186,-0.555,-0.27
18.188,-0.535,-0.265
18.19,-0.535,-0.255
18.192,-0.535,-0.245
18.194,-0.55,-0.235
18.196,-0.54,-0.23
18.198,-0.49,-0.225
18.2,-0.545,-0.225
18.202,-0.535,-0.225
18.204,-0.56,-0.23
18.206,-0.535,-0.23
18.208,-0.535,-0.235
18.21,-0.54,-0.23
18.212,-0.525,-0.23
18.214,-0.51,-0.225
18.216,-0.53,-0.215
18.218,-0.52,-0.21
18.22,-0.48,-0.2
18.222,-0.485,-0.195
18.224,-0.52,-0.19
18.226,-0.52,-0.19
18.228,-0.515,-0.185
18.23,-0.52,-0.18
18.232,-0.48,-0.18
18.234,-0.51,-0.175
18.236,-0.465,-0.17
18.238,-0.475,-0.165
18.24,-0.525,-0.165
18.242,-0.505,-0.165
18.244,-0.495,-0.17
18.246,-0.49,-0.175
18.248,-0.515,-0.185
18.25,-0.55,-0.195
18.252,-0.53,-0.21
18.254,-0.575,-0.22
18.256,-0.585,-0.23
18.258,-0.625,-0.235
18.26,-0.565,-0.235
18.262,-0.575,-0.235
18.264,-0.545,-0.23
18.266,-0.545,-0.225
18.268,-0.56,-0.225
18.27,-0.56,-0.225
18.272,-0.595,-0.23
18.274,-0.6,-0.235
18.276,-0.585,-0.245
18.278,-0.55,-0.25
18.28,-0.585,-0.25
18.282,-0.58,-0.25
18.284,-0.57,-0.245
18.286,-0.565,-0.24
18.288,-0.565,-0.23
18.29,-0.54,-0.22
18.292,-0.58,-0.21
18.294,-0.57,-0.205
18.296,-0.555,-0.2
18.298,-0.515,-0.2
18.3,-0.545,-0.2
18.302,-0.56,-0.2
18.304,-0.575,-0.205
18.306,-0.585,-0.205
18.308,-0.585,-0.205
18.31,-0.58,-0.205
18.312,-0.57,-0.205
18.314,-0.585,-0.21
18.316,-0.59,-0.21
18.318,-0.53,-0.215
18.32,-0.59,-0.22
18.322,-0.595,-0.225
18.324,-0.595,-0.23
18.326,-0.62,-0.235
18.328,-0.61,-0.245
18.33,-0.63,-0.26
18.332,-0.645,-0.285
18.334,-0.69,-0.31
18.336,-0.745,-0.345
18.338,-0.82,-0.375
18.34,-0.765,-0.395
18.342,-0.78,-0.395
18.344,-0.74,-0.37
18.346,-0.7,-0.31
18.348,-0.595,-0.215
18.35,-0.455,-0.085
18.352,-0.265,0.075
18.354,-0.15,0.25
18.356,0.085,0.43
18.358,0.26,0.605
18.36,0.39,0.755
18.362,0.54,0.88
18.364,0.675,0.96
18.366,0.74,1.005
18.368,0.655,1.005
18.37,0.585,0.97
18.372,0.465,0.9
18.374,0.38,0.81
18.376,0.3,0.7
18.378,0.195,0.58
18.38,0.04,0.465
18.382,-0.085,0.355
18.384,-0.155,0.255
18.386,-0.235,0.175
18.388,-0.295,0.11
18.39,-0.335,0.06
18.392,-0.38,0.025
18.394,-0.425,0.0
18.396,-0.435,-0.02
18.398,-0.47,-0.04
18.4,-0.47,-0.06
18.402,-0.495,-0.085
18.404,-0.525,-0.105
18.406,-0.535,-0.12
18.408,-0.52,-0.135
18.41,-0.5,-0.14
18.412,-0.48,-0.14
18.414,-0.455,-0.13
18.416,-0.535,-0.125
18.418,-0.535,-0.115
18.42,-0.54,-0.115
18.422,-0.555,-0.12
18.424,-0.565,-0.13
18.426,-0.56,-0.14
18.428,-0.53,-0.155
18.43,-0.56,-0.165
18.432,-0.55,-0.17
18.434,-0.54,-0.165
18.436,-0.56,-0.16
18.438,-0.535,-0.145
18.44,-0.535,-0.135
18.442,-0.545,-0.12
18.444,-0.52,-0.115
18.446,-0.51,-0.115
18.448,-0.53,-0.12
18.45,-0.555,-0.13
18.452,-0.55,-0.14
18.454,-0.57,-0.15
18.456,-0.54,-0.15
18.458,-0.535,-0.15
18.46,-0.545,-0.14
18.462,-0.55,-0.13
18.464,-0.525,-0.115
18.466,-0.53,-0.105
18.468,-0.46,-0.095
18.47,-0.515,-0.09
18.472,-0.525,-0.09
18.474,-0.565,-0.095
18.476,-0.49,-0.1
18.478,-0.565,-0.105
18.48,-0.52,-0.105
18.482,-0.475,-0.11
18.484,-0.5,-0.11
18.486,-0.485,-0.11
18.488,-0.475,-0.105
18.49,-0.495,-0.105
18.492,-0.55,-0.1
18.494,-0.555,-0.1
18.496,-0.52,-0.1
18.498,-0.54,-0.1
18.5,-0.54,-0.1
18.502,-0.52,-0.095
18.504,-0.51,-0.095
18.506,-0.505,-0.09
18.508,-0.48,-0.085
18.51,-0.475,-0.075
18.512,-0.44,-0.07
18.514,-0.48,-0.065
18.516,-0.495,-0.06
18.518,-0.505,-0.06
18.52,-0.5,-0.06
18.522,-0.5,-0.06
18.524,-0.5,-0.065
18.526,-0.52,-0.07
18.528,-0.495,-0.07
18.53,-0.505,-0.075
18.532,-0.48,-0.08
18.534,-0.475,-0.075
18.536,-0.475,-0.075
18.538,-0.475,-0.07
18.54,-0.46,-0.06
18.542,-0.45,-0.045
18.544,-0.495,-0.035
18.546,-0.45,-0.025
18.548,-0.415,-0.015
18.55,-0.405,-0.005
18.552,-0.455,0.0
18.554,-0.375,0.005
18.556,-0.43,0.005
18.558,-0.41,0.005
18.56,-0.44,0.005
18.562,-0.435,0.005
18.564,-0.4,0.01
18.566,-0.385,0.015
18.568,-0.4,0.02
18.57,-0.39,0.03
18.572,-0.395,0.045
18.574,-0.35,0.055
18.576,-0.35,0.065
18.578,-0.38,0.07
18.58,-0.335,0.075
18.582,-0.32,0.08
18.584,-0.35,0.08
18.586,-0.335,0.08
18.588,-0.36,0.08
18.59,-0.345,0.08
18.592,-0.315,0.085
18.594,-0.34,0.09
18.596,-0.335,0.1
18.598,-0.315,0.11
18.6,-0.26,0.12
18.602,-0.255,0.13
18.604,-0.275,0.14
18.606,-0.31,0.15
18.608,-0.29,0.155
18.61,-0.305,0.16
18.612,-0.27,0.155
18.614,-0.25,0.15
18.616,-0.26,0.145
18.618,-0.3,0.14
18.62,-0.265,0.135
18.622,-0.265,0.135
18.624,-0.29,0.135
18.626,-0.295,0.135
18.628,-0.285,0.135
18.63,-0.27,0.135
18.632,-0.285,0.13
18.634,-0.325,0.125
18.636,-0.325,0.115
18.638,-0.33,0.105
18.64,-0.355,0.095
18.642,-0.345,0.085
18.644,-0.335,0.075
18.646,-0.37,0.065
18.648,-0.365,0.06
18.65,-0.355,0.055
18.652,-0.36,0.05
18.654,-0.345,0.045
18.656,-0.375,0.04
18.658,-0.445,0.035
18.66,-0.415,0.025
18.662,-0.38,0.02
18.664,-0.41,0.015
18.666,-0.4,0.005
18.668,-0.42,0.005
18.67,-0.44,0.0
18.672,-0.4,0.0
18.674,-0.45,-0.005
18.676,-0.43,-0.005
18.678,-0.435,-0.01
18.68,-0.445,-0.01
18.682,-0.46,-0.015
18.684,-0.445,-0.02
18.686,-0.435,-0.02
18.688,-0.465,-0.02
18.69,-0.475,-0.02
18.692,-0.42,-0.02
18.694,-0.425,-0.02
18.696,-0.43,-0.015
18.698,-0.47,-0.02
18.7,-0.45,-0.02
18.702,-0.435,-0.025
18.704,-0.425,-0.03
18.706,-0.415,-0.03
18.708,-0.46,-0.035
18.71,-0.445,-0.035
18.712,-0.42,-0.03
18.714,-0.445,-0.03
18.716,-0.435,-0.025
18.718,-0.43,-0.02
18.72,-0.43,-0.015
18.722,-0.425,-0.015
18.724,-0.435,-0.02
18.726,-0.43,-0.02
18.728,-0.45,-0.025
18.73,-0.42,-0.03
18.732,-0.415,-0.035
18.734,-0.435,-0.035
18.736,-0.44,-0.035
18.738,-0.435,-0.035
18.74,-0.46,-0.03
18.742,-0.43,-0.025
18.744,-0.425,-0.025
18.746,-0.42,-0.025
18.748,-0.42,-0.025
18.75,-0.435,-0.03
18.752,-0.435,-0.035
18.754,-0.43,-0.04
18.756,-0.415,-0.04
18.758,-0.405,-0.04
18.76,-0.435,-0.035
18.762,-0.465,-0.03
18.764,-0.435,-0.025
18.766,-0.43,-0.025
18.768,-0.425,-0.02
18.77,-0.43,-0.02
18.772,-0.445,-0.025
18.774,-0.425,-0.03
18.776,-0.435,-0.035
18.778,-0.445,-0.04
18.78,-0.435,-0.045
18.782,-0.41,-0.045
18.784,-0.42,-0.04
18.786,-0.445,-0.035
18.788,-0.42,-0.03
18.79,-0.44,-0.025
18.792,-0.425,-0.02
18.794,-0.43,-0.02
18.796,-0.435,-0.02
18.798,-0.435,-0.025
18.8,-0.39,-0.03
18.802,-0.385,-0.035
18.804,-0.455,-0.04
18.806,-0.45,-0.045
18.808,-0.395,-0.045
18.81,-0.43,-0.04
18.812,-0.45,-0.035
18.814,-0.41,-0.03
18.816,-0.415,-0.025
18.818,-0.4,-0.02
18.82,-0.405,-0.015
18.822,-0.415,-0.015
18.824,-0.415,-0.015
18.826,-0.385,-0.02
18.828,-0.4,-0.02
18.83,-0.415,-0.025
18.832,-0.41,-0.03
18.834,-0.41,-0.035
18.836,-0.4,-0.035
18.838,-0.41,-0.04
18.84,-0.41,-0.04
18.842,-0.39,-0.04
18.844,-0.39,-0.035
18.846,-0.39,-0.03
18.848,-0.39,-0.025
18.85,-0.395,-0.015
18.852,-0.37,-0.01
18.854,-0.35,-0.005
18.856,-0.375,0.0
18.858,-0.35,0.0
18.86,-0.355,0.0
18.862,-0.405,-0.005
18.864,-0.36,-0.01
18.866,-0.35,-0.02
18.868,-0.395,-0.025
18.87,-0.39,-0.03
18.872,-0.39,-0.035
18.874,-0.39,-0.04
18.876,-0.37,-0.04
18.878,-0.37,-0.035
18.88,-0.35,-0.035
18.882,-0.375,-0.03
18.884,-0.365,-0.025
18.886,-0.37,-0.02
18.888,-0.365,-0.02
18.89,-0.365,-0.015
18.892,-0.36,-0.01
18.894,-0.36,-0.01
18.896,-0.365,-0.005
18.898,-0.375,-0.005
18.9,-0.365,-0.005
18.902,-0.35,-0.005
18.904,-0.36,-0.01
18.906,-0.345,-0.01
18.908,-0.325,-0.01
18.91,-0.325,-0.01
18.912,-0.34,-0.01
18.914,-0.35,-0.015
18.916,-0.325,-0.015
18.918,-0.365,-0.015
18.92,-0.36,-0.01
18.922,-0.34,-0.01
18.924,-0.315,-0.01
18.926,-0.315,-0.005
18.928,-0.325,-0.005
18.93,-0.315,0.0
18.932,-0.3,0.01
18.934,-0.32,0.015
18.936,-0.315,0.02
18.938,-0.29,0.025
18.94,-0.285,0.03
18.942,-0.285,0.035
18.944,-0.28,0.035
18.946,-0.28,0.035
18.948,-0.27,0.035
18.95,-0.29,0.035
18.952,-0.275,0.035
18.954,-0.27,0.035
18.956,-0.265,0.04
18.958,-0.245,0.045
18.96,-0.25,0.05
18.962,-0.25,0.06
18.964,-0.255,0.065
18.966,-0.24,0.075
18.968,-0.22,0.08
18.97,-0.21,0.085
18.972,-0.21,0.09
18.974,-0.19,0.09
18.976,-0.185,0.095
18.978,-0.19,0.1
18.98,-0.19,0.105
18.982,-0.175,0.11
18.984,-0.19,0.115
18.986,-0.155,0.12
18.988,-0.14,0.125
18.99,-0.145,0.13
18.992,-0.145,0.13
18.994,-0.14,0.135
18.996,-0.13,0.135
18.998,-0.145,0.135
19.0,-0.165,0.14
19.002,-0.15,0.14
19.004,-0.135,0.14
19.006,-0.135,0.14
19.008,-0.13,0.145
19.01,-0.12,0.145
19.012,-0.11,0.15
19.014,-0.1,0.15
19.016,-0.085,0.155
19.018,-0.08,0.16
19.02,-0.075,0.165
19.022,-0.065,0.17
19.024,-0.065,0.175
19.026,-0.06,0.18
19.028,-0.07,0.185
19.03,-0.1,0.19
19.032,-0.095,0.19
19.034,-0.035,0.19
19.036,-0.055,0.19
19.038,-0.075,0.19
19.04,-0.11,0.185
19.042,-0.075,0.18
19.044,-0.07,0.18
19.046,-0.09,0.175
19.048,-0.105,0.17
19.05,-0.105,0.165
19.052,-0.115,0.155
19.054,-0.115,0.15
19.056,-0.13,0.14
19.058,-0.125,0.13
19.06,-0.135,0.12
19.062,-0.155,0.115
19.064,-0.11,0.11
19.066,-0.105,0.11
19.068,-0.1,0.11
19.07,-0.115,0.115
19.072,-0.105,0.12
19.074,-0.125,0.125
19.076,-0.09,0.135
19.078,-0.095,0.14
19.08,-0.105,0.14
19.082,-0.105,0.14
19.084,-0.12,0.14
19.086,-0.075,0.14
19.088,-0.1,0.135
19.09,-0.1,0.13
19.092,-0.07,0.125
19.094,-0.07,0.12
19.096,-0.075,0.12
19.098,-0.07,0.12
19.1,-0.075,0.12
19.102,-0.06,0.125
19.104,-0.06,0.13
19.106,-0.04,0.135
19.108,-0.07,0.14
19.11,-0.06,0.145
19.112,-0.085,0.15
19.114,-0.06,0.15
19.116,-0.065,0.15
19.118,-0.035,0.15
19.12,-0.02,0.15
19.122,-0.04,0.145
19.124,-0.065,0.14
19.126,-0.045,0.13
19.128,-0.09,0.115
19.13,-0.13,0.09
19.132,-0.175,0.06
19.134,-0.18,0.03
19.136,-0.2,0.0
19.138,-0.235,-0.02
19.14,-0.22,-0.02
19.142,-0.19,0.005
19.144,-0.13,0.065
19.146,-0.02,0.16
19.148,0.14,0.295
19.15,0.295,0.455
19.152,0.49,0.635
19.154,0.665,0.82
19.156,0.855,0.995
19.158,1.015,1.15
19.16,1.165,1.27
19.162,1.275,1.35
19.164,1.305,1.385
19.166,1.245,1.38
19.168,1.165,1.335
19.17,1.09,1.26
19.172,0.98,1.17
19.174,0.9,1.06
19.176,0.795,0.95
19.178,0.645,0.84
19.18,0.53,0.74
19.182,0.455,0.65
19.184,0.415,0.57
19.186,0.36,0.51
19.188,0.315,0.46
19.19,0.285,0.425
19.192,0.26,0.4
19.194,0.225,0.38
19.196,0.19,0.365
19.198,0.175,0.35
19.2,0.15,0.33
19.202,0.15,0.315
19.204,0.16,0.3
19.206,0.155,0.285
19.208,0.16,0.27
19.21,0.15,0.265
19.212,0.135,0.26
19.214,0.135,0.26
19.216,0.135,0.26
19.218,0.13,0.265
19.22,0.13,0.265
19.222,0.145,0.265
19.224,0.14,0.265
19.226,0.145,0.255
19.228,0.125,0.25
19.23,0.115,0.245
19.232,0.11,0.235
19.234,0.12,0.235
19.236,0.125,0.23
19.238,0.125,0.23
19.24,0.115,0.23
19.242,0.11,0.23
19.244,0.105,0.225
19.246,0.125,0.22
19.248,0.11,0.215
19.25,0.11,0.205
19.252,0.12,0.2
19.254,0.11,0.19
19.256,0.11,0.185
19.258,0.105,0.185
19.26,0.105,0.185
19.262,0.1,0.19
19.264,0.105,0.19
19.266,0.1,0.19
19.268,0.1,0.19
19.27,0.1,0.19
19.272,0.105,0.19
19.274,0.105,0.185
19.276,0.095,0.18
19.278,0.1,0.175
19.28,0.1,0.17
19.282,0.105,0.17
19.284,0.095,0.165
19.286,0.09,0.165
19.288,0.1,0.16
19.29,0.095,0.16
19.292,0.105,0.155
19.294,0.105,0.155
19.296,0.11,0.15
19.298,0.105,0.15
19.3,0.105,0.145
19.302,0.095,0.145
19.304,0.09,0.145
19.306,0.1,0.14
19.308,0.1,0.14
19.31,0.1,0.145
19.312,0.1,0.145
19.314,0.1,0.145
19.316,0.11,0.145
19.318,0.115,0.145
19.32,0.12,0.145
19.322,0.11,0.145
19.324,0.115,0.14
19.326,0.115,0.14
19.328,0.12,0.135
19.33,0.125,0.135
19.332,0.13,0.135
19.334,0.13,0.135
19.336,0.135,0.14
19.338,0.14,0.14
19.34,0.14,0.145
19.342,0.13,0.145
19.344,0.125,0.145
19.346,0.12,0.145
19.348,0.135,0.145
19.35,0.15,0.145
19.352,0.145,0.145
19.354,0.155,0.145
19.356,0.16,0.145
19.358,0.175,0.145
19.36,0.165,0.15
19.362,0.165,0.15
19.364,0.17,0.155
19.366,0.17,0.155
19.368,0.175,0.16
19.37,0.185,0.16
19.372,0.195,0.16
19.374,0.19,0.165
19.376,0.205,0.17
19.378,0.205,0.18
19.38,0.22,0.19
19.382,0.235,0.195
19.384,0.22,0.205
19.386,0.24,0.215
19.388,0.24,0.22
19.39,0.245,0.225
19.392,0.24,0.225
19.394,0.255,0.22
19.396,0.255,0.215
19.398,0.26,0.21
19.4,0.265,0.205
19.402,0.27,0.2
19.404,0.27,0.2
19.406,0.27,0.205
19.408,0.27,0.205
19.41,0.27,0.21
19.412,0.275,0.215
19.414,0.28,0.22
19.416,0.275,0.225
19.418,0.27,0.225
19.42,0.27,0.225
19.422,0.27,0.22
19.424,0.26,0.215
19.426,0.265,0.21
19.428,0.24,0.205
19.43,0.235,0.2
19.432,0.235,0.19
19.434,0.23,0.18
19.436,0.21,0.17
19.438,0.19,0.16
19.44,0.19,0.145
19.442,0.18,0.135
19.444,0.18,0.12
19.446,0.17,0.11
19.448,0.15,0.1
19.45,0.155,0.095
19.452,0.15,0.085
19.454,0.13,0.08
19.456,0.125,0.07
19.458,0.115,0.065
19.46,0.12,0.055
19.462,0.115,0.04
19.464,0.095,0.03
19.466,0.11,0.02
19.468,0.1,0.01
19.47,0.08,0.0
19.472,0.075,-0.005
19.474,0.09,-0.01
19.476,0.065,-0.015
19.478,0.075,-0.015
19.48,0.07,-0.02
19.482,0.055,-0.025
19.484,0.055,-0.03
19.486,0.065,-0.035
19.488,0.05,-0.04
19.49,0.07,-0.05
19.492,0.065,-0.055
19.494,0.065,-0.06
19.496,0.06,-0.06
19.498,0.045,-0.065
19.5,0.045,-0.065
19.502,0.06,-0.065
19.504,0.07,-0.065
19.506,0.045,-0.065
19.508,0.05,-0.06
19.51,0.06,-0.06
19.512,0.075,-0.06
19.514,0.055,-0.06
19.516,0.065,-0.055
19.518,0.06,-0.055
19.52,0.07,-0.055
19.522,0.05,-0.05
19.524,0.05,-0.05
19.526,0.05,-0.05
19.528,0.045,-0.055
19.53,0.05,-0.06
19.532,0.055,-0.06
19.534,0.065,-0.065
19.536,0.05,-0.075
19.538,0.05,-0.08
19.54,0.055,-0.08
19.542,0.055,-0.085
19.544,0.06,-0.09
19.546,0.05,-0.09
19.548,0.06,-0.09
19.55,0.06,-0.09
19.552,0.05,-0.095
19.554,0.055,-0.095
19.556,0.05,-0.095
19.558,0.06,-0.095
19.56,0.05,-0.095
19.562,0.05,-0.095
19.564,0.05,-0.095
19.566,0.055,-0.09
19.568,0.05,-0.09
19.57,0.055,-0.09
19.572,0.055,-0.09
19.574,0.065,-0.09
19.576,0.055,-0.09
19.578,0.065,-0.09
19.58,0.06,-0.09
19.582,0.06,-0.09
19.584,0.07,-0.095
19.586,0.065,-0.095
19.588,0.06,-0.1
19.59,0.05,-0.1
19.592,0.06,-0.105
19.594,0.055,-0.105
19.596,0.055,-0.11
19.598,0.055,-0.11
19.6,0.06,-0.115
19.602,0.055,-0.12
19.604,0.04,-0.12
19.606,0.06,-0.125
19.608,0.06,-0.13
19.61,0.07,-0.13
19.612,0.065,-0.13
19.614,0.065,-0.13
19.616,0.055,-0.13
19.618,0.05,-0.13
19.62,0.06,-0.13
19.622,0.045,-0.13
19.624,0.055,-0.13
19.626,0.06,-0.13
19.628,0.07,-0.135
19.63,0.07,-0.135
19.632,0.065,-0.135
19.634,0.05,-0.135
19.636,0.05,-0.135
19.638,0.045,-0.14
19.64,0.045,-0.14
19.642,0.06,-0.14
19.644,0.06,-0.14
19.646,0.05,-0.14
19.648,0.055,-0.14
19.65,0.055,-0.145
19.652,0.055,-0.145
19.654,0.075,-0.145
19.656,0.055,-0.145
19.658,0.06,-0.15
19.66,0.06,-0.15
19.662,0.07,-0.15
19.664,0.065,-0.15
19.666,0.06,-0.15
19.668,0.06,-0.15
19.67,0.05,-0.15
19.672,0.055,-0.15
19.674,0.055,-0.15
19.676,0.04,-0.15
19.678,0.065,-0.15
19.68,0.055,-0.155
19.682,0.055,-0.155
19.684,0.045,-0.155
19.686,0.045,-0.155
19.688,0.05,-0.155
19.69,0.06,-0.15
19.692,0.06,-0.15
19.694,0.065,-0.15
19.696,0.06,-0.15
19.698,0.045,-0.15
19.7,0.045,-0.15
19.702,0.04,-0.155
19.704,0.05,-0.155
19.706,0.045,-0.16
19.708,0.045,-0.16
19.71,0.055,-0.165
19.712,0.045,-0.165
19.714,0.065,-0.165
19.716,0.045,-0.165
19.718,0.05,-0.16
19.72,0.045,-0.16
19.722,0.045,-0.165
19.724,0.04,-0.165
19.726,0.045,-0.17
19.728,0.035,-0.17
19.73,0.055,-0.175
19.732,0.04,-0.18
19.734,0.045,-0.185
19.736,0.05,-0.185
19.738,0.055,-0.185
19.74,0.045,-0.185
19.742,0.04,-0.185
19.744,0.04,-0.185
19.746,0.04,-0.185
19.748,0.035,-0.185
19.75,0.045,-0.18
19.752,0.04,-0.18
19.754,0.03,-0.185
19.756,0.04,-0.185
19.758,0.04,-0.185
19.76,0.03,-0.19
19.762,0.04,-0.19
19.764,0.04,-0.19
19.766,0.035,-0.195
19.768,0.055,-0.195
19.77,0.05,-0.195
19.772,0.05,-0.195
19.774,0.045,-0.2
19.776,0.04,-0.2
19.778,0.045,-0.2
19.78,0.035,-0.2
19.782,0.05,-0.205
19.784,0.04,-0.205
19.786,0.035,-0.21
19.788,0.05,-0.21
19.79,0.055,-0.21
19.792,0.055,-0.21
19.794,0.065,-0.21
19.796,0.085,-0.21
19.798,0.065,-0.205
19.8,0.07,-0.2
19.802,0.085,-0.2
19.804,0.075,-0.195
19.806,0.075,-0.19
19.808,0.075,-0.19
19.81,0.085,-0.185
19.812,0.105,-0.185
19.814,0.09,-0.18
19.816,0.1,-0.18
19.818,0.12,-0.175
19.82,0.105,-0.17
19.822,0.115,-0.165
19.824,0.1,-0.16
19.826,0.09,-0.155
19.828,0.095,-0.155
19.83,0.11,-0.15
19.832,0.115,-0.15
19.834,0.11,-0.15
19.836,0.1,-0.155
19.838,0.115,-0.155
19.84,0.105,-0.16
19.842,0.085,-0.165
19.844,0.07,-0.17
19.846,0.055,-0.175
19.848,0.045,-0.18
19.85,0.05,-0.185
19.852,0.045,-0.19
19.854,0.055,-0.195
19.856,0.04,-0.2
19.858,0.05,-0.21
19.86,0.04,-0.215
19.862,0.025,-0.22
19.864,0.035,-0.225
19.866,0.02,-0.23
19.868,0.03,-0.23
19.87,0.035,-0.23
19.872,0.035,-0.23
19.874,0.03,-0.23
19.876,0.025,-0.235
19.878,0.015,-0.235
19.88,0.02,-0.235
19.882,0.03,-0.235
19.884,0.04,-0.24
19.886,0.025,-0.24
19.888,0.01,-0.24
19.89,0.035,-0.245
19.892,0.04,-0.245
19.894,0.015,-0.245
19.896,0.015,-0.245
19.898,0.015,-0.245
19.9,0.015,-0.25
19.902,0.005,-0.25
19.904,0.005,-0.25
19.906,0.015,-0.255
19.908,0.015,-0.255
19.91,0.015,-0.26
19.912,0.01,-0.255
19.914,0.01,-0.255
19.916,0.01,-0.25
19.918,0.02,-0.245
19.92,0.025,-0.245
19.922,0.0,-0.245
19.924,-0.02,-0.255
19.926,-0.025,-0.275
19.928,-0.07,-0.3
19.93,-0.11,-0.34
19.932,-0.12,-0.38
19.934,-0.17,-0.42
19.936,-0.21,-0.45
19.938,-0.205,-0.46
19.94,-0.19,-0.445
19.942,-0.155,-0.4
19.944,-0.08,-0.315
19.946,0.055,-0.2
19.948,0.225,-0.05
19.95,0.39,0.12
19.952,0.6,0.3
19.954,0.78,0.475
19.956,0.925,0.64
19.958,1.09,0.775
19.96,1.22,0.875
19.962,1.285,0.935
19.964,1.26,0.95
19.966,1.18,0.925
19.968,1.1,0.865
19.97,0.995,0.775
19.972,0.9,0.665
19.974,0.82,0.545
19.976,0.675,0.42
19.978,0.515,0.31
19.98,0.415,0.21
19.982,0.375,0.125
19.984,0.325,0.06
19.986,0.255,0.015
19.988,0.21,-0.02
19.99,0.175,-0.045
19.992,0.155,-0.07
19.994,0.115,-0.095
19.996,0.095,-0.12
19.998,0.09,-0.155
