time_sec,ECG_II,ECG_II_filtered
0.0,-0.13,-0.01
0.002,-0.18,-0.01
0.004,-0.105,-0.01
0.006,-0.145,-0.01
0.008,-0.11,-0.01
0.01,-0.14,-0.005
0.012,-0.12,0.0
0.014,-0.1,0.0
0.016,-0.105,0.005
0.018,-0.11,0.005
0.02,-0.13,0.0
0.022,-0.105,0.0
0.024,-0.095,-0.005
0.026,-0.165,-0.01
0.028,-0.145,-0.015
0.03,-0.125,-0.015
0.032,-0.135,-0.015
0.034,-0.145,-0.01
0.036,-0.095,0.0
0.038,-0.095,0.01
0.04,-0.125,0.02
0.042,-0.07,0.025
0.044,-0.11,0.03
0.046,-0.115,0.03
0.048,-0.12,0.025
0.05,-0.135,0.015
0.052,-0.12,0.005
0.054,-0.125,-0.005
0.056,-0.15,-0.015
0.058,-0.125,-0.015
0.06,-0.12,-0.015
0.062,-0.16,-0.01
0.064,-0.11,0.0
0.066,-0.08,0.01
0.068,-0.105,0.02
0.07,-0.13,0.025
0.072,-0.1,0.025
0.074,-0.105,0.02
0.076,-0.125,0.01
0.078,-0.155,0.0
0.08,-0.155,-0.01
0.082,-0.145,-0.02
0.084,-0.125,-0.02
0.086,-0.125,-0.015
0.088,-0.085,-0.01
0.09,-0.11,0.0
0.092,-0.15,0.01
0.094,-0.115,0.015
0.096,-0.13,0.02
0.098,-0.14,0.015
0.1,-0.145,0.01
0.102,-0.105,0.0
0.104,-0.115,-0.005
0.106,-0.175,-0.01
0.108,-0.085,-0.01
0.11,-0.085,-0.01
0.112,-0.1,-0.005
0.114,-0.135,0.0
0.116,-0.15,0.005
0.118,-0.1,0.005
0.12,-0.155,0.005
0.122,-0.17,0.0
0.124,-0.13,-0.005
0.126,-0.09,-0.015
0.128,-0.09,-0.015
0.13,-0.12,-0.015
0.132,-0.15,-0.01
0.134,-0.145,-0.005
0.136,-0.185,0.0
0.138,-0.12,0.005
0.14,-0.11,0.005
0.142,-0.11,0.005
0.144,-0.165,-0.005
0.146,-0.15,-0.015
0.148,-0.165,-0.03
0.15,-0.13,-0.04
0.152,-0.125,-0.045
0.154,-0.17,-0.045
0.156,-0.205,-0.04
0.158,-0.14,-0.03
0.16,-0.15,-0.015
0.162,-0.17,0.0
0.164,-0.125,0.01
0.166,-0.085,0.02
0.168,-0.07,0.02
0.17,-0.065,0.01
0.172,-0.11,0.0
0.174,-0.185,-0.015
0.176,-0.165,-0.03
0.178,-0.145,-0.04
0.18,-0.205,-0.05
0.182,-0.185,-0.05
0.184,-0.19,-0.045
0.186,-0.105,-0.04
0.188,-0.085,-0.03
0.19,-0.12,-0.02
0.192,-0.15,-0.01
0.194,-0.15,-0.01
0.196,-0.145,-0.005
0.198,-0.13,-0.01
0.2,-0.135,-0.01
0.202,-0.13,-0.015
0.204,-0.155,-0.02
0.206,-0.13,-0.02
0.208,-0.115,-0.015
0.21,-0.125,-0.015
0.212,-0.14,-0.01
0.214,-0.13,-0.01
0.216,-0.13,-0.01
0.218,-0.15,-0.015
0.22,-0.11,-0.02
0.222,-0.165,-0.03
0.224,-0.15,-0.035
0.226,-0.135,-0.04
0.228,-0.16,-0.045
0.23,-0.145,-0.045
0.232,-0.145,-0.04
0.234,-0.175,-0.035
0.236,-0.125,-0.03
0.238,-0.175,-0.025
0.24,-0.185,-0.02
0.242,-0.135,-0.02
0.244,-0.14,-0.025
0.246,-0.155,-0.03
0.248,-0.145,-0.035
0.25,-0.165,-0.04
0.252,-0.2,-0.045
0.254,-0.16,-0.04
0.256,-0.095,-0.035
0.258,-0.11,-0.03
0.26,-0.18,-0.02
0.262,-0.215,-0.015
0.264,-0.18,-0.01
0.266,-0.095,-0.005
0.268,-0.09,-0.005
0.27,-0.075,-0.005
0.272,-0.09,-0.01
0.274,-0.09,-0.015
0.276,-0.17,-0.02
0.278,-0.18,-0.025
0.28,-0.21,-0.03
0.282,-0.145,-0.03
0.284,-0.15,-0.03
0.286,-0.165,-0.025
0.288,-0.155,-0.025
0.29,-0.125,-0.02
0.292,-0.145,-0.015
0.294,-0.105,-0.01
0.296,-0.07,-0.005
0.298,-0.065,0.0
0.3,-0.105,0.005
0.302,-0.155,0.005
0.304,-0.175,0.005
0.306,-0.115,0.0
0.308,-0.11,-0.005
0.31,-0.105,-0.015
0.312,-0.19,-0.02
0.314,-0.195,-0.025
0.316,-0.15,-0.03
0.318,-0.125,-0.025
0.32,-0.075,-0.01
0.322,-0.045,0.005
0.324,-0.06,0.025
0.326,-0.09,0.045
0.328,-0.055,0.06
0.33,-0.065,0.07
0.332,-0.035,0.075
0.334,-0.025,0.07
0.336,-0.045,0.06
0.338,-0.095,0.045
0.34,-0.17,0.025
0.342,-0.11,0.01
0.344,-0.09,0.0
0.346,-0.135,-0.005
0.348,-0.08,0.0
0.35,-0.07,0.005
0.352,-0.06,0.02
0.354,-0.08,0.035
0.356,-0.05,0.05
0.358,-0.065,0.06
0.36,-0.09,0.065
0.362,-0.105,0.06
0.364,-0.12,0.05
0.366,-0.04,0.035
0.368,-0.085,0.015
0.37,-0.135,-0.005
0.372,-0.145,-0.025
0.374,-0.13,-0.045
0.376,-0.185,-0.055
0.378,-0.185,-0.065
0.38,-0.18,-0.065
0.382,-0.21,-0.06
0.384,-0.17,-0.055
0.386,-0.14,-0.05
0.388,-0.14,-0.045
0.39,-0.13,-0.045
0.392,-0.145,-0.045
0.394,-0.205,-0.05
0.396,-0.245,-0.055
0.398,-0.195,-0.065
0.4,-0.2,-0.07
0.402,-0.195,-0.07
0.404,-0.23,-0.075
0.406,-0.19,-0.07
0.408,-0.125,-0.07
0.41,-0.09,-0.065
0.412,-0.155,-0.065
0.414,-0.21,-0.06
0.416,-0.195,-0.06
0.418,-0.185,-0.06
0.42,-0.25,-0.065
0.422,-0.19,-0.065
0.424,-0.16,-0.07
0.426,-0.16,-0.075
0.428,-0.165,-0.075
0.43,-0.16,-0.075
0.432,-0.17,-0.07
0.434,-0.18,-0.07
0.436,-0.175,-0.065
0.438,-0.19,-0.06
0.44,-0.21,-0.055
0.442,-0.135,-0.05
0.444,-0.21,-0.045
0.446,-0.17,-0.045
0.448,-0.105,-0.045
0.45,-0.145,-0.045
0.452,-0.135,-0.055
0.454,-0.16,-0.06
0.456,-0.225,-0.07
0.458,-0.195,-0.08
0.46,-0.2,-0.085
0.462,-0.19,-0.09
0.464,-0.22,-0.09
0.466,-0.255,-0.09
0.468,-0.265,-0.08
0.47,-0.165,-0.065
0.472,-0.09,-0.05
0.474,-0.1,-0.035
0.476,-0.145,-0.02
0.478,-0.135,-0.005
0.48,-0.135,0.005
0.482,-0.075,0.015
0.484,-0.105,0.035
0.486,-0.095,0.06
0.488,0.005,0.095
0.49,0.09,0.15
0.492,0.125,0.215
0.494,0.195,0.295
0.496,0.305,0.375
0.498,0.36,0.455
0.5,0.42,0.52
0.502,0.48,0.565
0.504,0.485,0.575
0.506,0.46,0.55
0.508,0.42,0.495
0.51,0.335,0.41
0.512,0.145,0.305
0.514,0.05,0.185
0.516,-0.08,0.07
0.518,-0.23,-0.035
0.52,-0.32,-0.12
0.522,-0.355,-0.185
0.524,-0.345,-0.225
0.526,-0.355,-0.245
0.528,-0.32,-0.24
0.53,-0.325,-0.225
0.532,-0.32,-0.2
0.534,-0.285,-0.175
0.536,-0.285,-0.145
0.538,-0.26,-0.12
0.54,-0.175,-0.1
0.542,-0.175,-0.085
0.544,-0.145,-0.08
0.546,-0.17,-0.075
0.548,-0.135,-0.08
0.55,-0.21,-0.085
0.552,-0.22,-0.085
0.554,-0.215,-0.085
0.556,-0.295,-0.085
0.558,-0.175,-0.075
0.56,-0.17,-0.065
0.562,-0.14,-0.05
0.564,-0.075,-0.04
0.566,-0.075,-0.03
0.568,-0.14,-0.025
0.57,-0.17,-0.03
0.572,-0.19,-0.035
0.574,-0.19,-0.045
0.576,-0.16,-0.055
0.578,-0.17,-0.06
0.58,-0.145,-0.065
0.582,-0.135,-0.06
0.584,-0.11,-0.05
0.586,-0.175,-0.04
0.588,-0.085,-0.03
0.59,-0.155,-0.02
0.592,-0.21,-0.02
0.594,-0.185,-0.025
0.596,-0.115,-0.035
0.598,-0.15,-0.045
0.6,-0.18,-0.055
0.602,-0.2,-0.06
0.604,-0.14,-0.06
0.606,-0.125,-0.055
0.608,-0.13,-0.045
0.61,-0.115,-0.03
0.612,-0.11,-0.015
0.614,-0.115,-0.005
0.616,-0.15,0.005
0.618,-0.085,0.01
0.62,-0.12,0.005
0.622,-0.125,0.005
0.624,-0.11,-0.005
0.626,-0.15,-0.01
0.628,-0.145,-0.015
0.63,-0.115,-0.015
0.632,-0.09,-0.01
0.634,-0.105,-0.01
0.636,-0.13,-0.005
0.638,-0.16,0.0
0.64,-0.11,0.0
0.642,-0.1,0.0
0.644,-0.085,-0.005
0.646,-0.07,-0.005
0.648,-0.215,-0.01
0.65,-0.105,-0.015
0.652,-0.115,-0.015
0.654,-0.14,-0.01
0.656,-0.135,0.0
0.658,-0.09,0.01
0.66,-0.065,0.025
0.662,-0.055,0.04
0.664,-0.08,0.05
0.666,-0.03,0.065
0.668,-0.025,0.07
0.67,-0.04,0.075
0.672,-0.03,0.075
0.674,-0.045,0.075
0.676,-0.02,0.075
0.678,-0.065,0.075
0.68,-0.065,0.08
0.682,-0.025,0.09
0.684,-0.015,0.105
0.686,-0.02,0.125
0.688,0.065,0.145
0.69,0.1,0.165
0.692,0.07,0.18
0.694,0.125,0.19
0.696,0.09,0.195
0.698,0.03,0.19
0.7,0.015,0.18
0.702,0.04,0.17
0.704,0.07,0.16
0.706,0.04,0.155
0.708,0.07,0.155
0.71,0.11,0.165
0.712,0.11,0.175
0.714,0.065,0.19
0.716,0.13,0.21
0.718,0.07,0.22
0.72,0.09,0.23
0.722,0.105,0.235
0.724,0.17,0.235
0.726,0.125,0.23
0.728,0.1,0.22
0.73,0.095,0.215
0.732,0.11,0.21
0.734,0.09,0.2
0.736,0.06,0.195
0.738,0.07,0.19
0.74,0.08,0.185
0.742,0.07,0.175
0.744,0.02,0.165
0.746,0.02,0.15
0.748,0.04,0.14
0.75,0.07,0.13
0.752,0.025,0.12
0.754,0.03,0.115
0.756,-0.055,0.11
0.758,0.015,0.105
0.76,-0.03,0.1
0.762,-0.055,0.09
0.764,-0.035,0.085
0.766,-0.04,0.07
0.768,-0.08,0.06
0.77,-0.035,0.05
0.772,-0.015,0.035
0.774,-0.06,0.025
0.776,-0.11,0.015
0.778,-0.15,0.005
0.78,-0.17,-0.005
0.782,-0.14,-0.01
0.784,-0.095,-0.02
0.786,-0.085,-0.025
0.788,-0.125,-0.03
0.79,-0.11,-0.03
0.792,-0.135,-0.035
0.794,-0.23,-0.035
0.796,-0.23,-0.035
0.798,-0.115,-0.035
0.8,-0.095,-0.035
0.802,-0.09,-0.035
0.804,-0.145,-0.03
0.806,-0.14,-0.03
0.808,-0.145,-0.025
0.81,-0.135,-0.02
0.812,-0.16,-0.015
0.814,-0.115,-0.01
0.816,-0.12,-0.005
0.818,-0.14,-0.01
0.82,-0.1,-0.015
0.822,-0.13,-0.025
0.824,-0.145,-0.035
0.826,-0.13,-0.05
0.828,-0.175,-0.06
0.83,-0.255,-0.07
0.832,-0.22,-0.075
0.834,-0.145,-0.075
0.836,-0.105,-0.075
0.838,-0.19,-0.07
0.84,-0.165,-0.06
0.842,-0.15,-0.055
0.844,-0.115,-0.045
0.846,-0.145,-0.04
0.848,-0.145,-0.03
0.85,-0.14,-0.025
0.852,-0.115,-0.02
0.854,-0.115,-0.015
0.856,-0.15,-0.015
0.858,-0.155,-0.01
0.86,-0.07,-0.015
0.862,-0.09,-0.02
0.864,-0.15,-0.025
0.866,-0.185,-0.03
0.868,-0.16,-0.04
0.87,-0.135,-0.045
0.872,-0.16,-0.045
0.874,-0.165,-0.045
0.876,-0.135,-0.045
0.878,-0.17,-0.04
0.88,-0.145,-0.035
0.882,-0.17,-0.035
0.884,-0.065,-0.04
0.886,-0.135,-0.045
0.888,-0.205,-0.05
0.89,-0.205,-0.055
0.892,-0.175,-0.06
0.894,-0.165,-0.06
0.896,-0.18,-0.055
0.898,-0.18,-0.045
0.9,-0.085,-0.035
0.902,-0.005,-0.02
0.904,-0.14,-0.01
0.906,-0.18,0.0
0.908,-0.1,0.005
0.91,-0.12,0.0
0.912,-0.15,-0.005
0.914,-0.15,-0.02
0.916,-0.17,-0.035
0.918,-0.16,-0.045
0.92,-0.2,-0.06
0.922,-0.17,-0.065
0.924,-0.145,-0.065
0.926,-0.105,-0.06
0.928,-0.1,-0.045
0.93,-0.075,-0.035
0.932,-0.1,-0.015
0.934,-0.15,-0.005
0.936,-0.12,0.005
0.938,-0.16,0.01
0.94,-0.16,0.005
0.942,-0.14,0.0
0.944,-0.105,-0.015
0.946,-0.145,-0.025
0.948,-0.175,-0.035
0.95,-0.11,-0.04
0.952,-0.11,-0.04
0.954,-0.125,-0.04
0.956,-0.115,-0.035
0.958,-0.08,-0.03
0.96,-0.175,-0.03
0.962,-0.225,-0.03
0.964,-0.14,-0.035
0.966,-0.185,-0.045
0.968,-0.18,-0.06
0.97,-0.2,-0.07
0.972,-0.14,-0.075
0.974,-0.165,-0.08
0.976,-0.165,-0.08
0.978,-0.17,-0.07
0.98,-0.185,-0.06
0.982,-0.11,-0.045
0.984,-0.165,-0.03
0.986,-0.17,-0.02
0.988,-0.09,-0.015
0.99,-0.095,-0.01
0.992,-0.135,-0.015
0.994,-0.14,-0.02
0.996,-0.165,-0.03
0.998,-0.18,-0.04
1.0,-0.18,-0.05
1.002,-0.15,-0.06
1.004,-0.11,-0.06
1.006,-0.145,-0.06
1.008,-0.175,-0.06
1.01,-0.15,-0.055
1.012,-0.145,-0.05
1.014,-0.165,-0.04
1.016,-0.165,-0.035
1.018,-0.125,-0.03
1.02,-0.125,-0.025
1.022,-0.15,-0.025
1.024,-0.12,-0.025
1.026,-0.13,-0.03
1.028,-0.13,-0.035
1.03,-0.135,-0.04
1.032,-0.17,-0.045
1.034,-0.16,-0.05
1.036,-0.15,-0.055
1.038,-0.19,-0.06
1.04,-0.17,-0.06
1.042,-0.175,-0.055
1.044,-0.125,-0.05
1.046,-0.09,-0.045
1.048,-0.155,-0.04
1.05,-0.135,-0.035
1.052,-0.115,-0.03
1.054,-0.125,-0.03
1.056,-0.185,-0.03
1.058,-0.205,-0.025
1.06,-0.18,-0.025
1.062,-0.08,-0.025
1.064,-0.09,-0.02
1.066,-0.065,-0.015
1.068,-0.095,-0.01
1.07,-0.095,0.0
1.072,-0.105,0.01
1.074,-0.08,0.02
1.076,-0.055,0.025
1.078,-0.08,0.025
1.08,-0.055,0.025
1.082,-0.13,0.02
1.084,-0.105,0.015
1.086,-0.07,0.01
1.088,-0.065,0.005
1.09,-0.115,0.0
1.092,-0.095,0.0
1.094,-0.115,0.005
1.096,-0.13,0.01
1.098,-0.105,0.015
1.1,-0.12,0.02
1.102,-0.08,0.02
1.104,-0.07,0.015
1.106,-0.04,0.01
1.108,-0.025,0.0
1.11,-0.155,-0.01
1.112,-0.12,-0.025
1.114,-0.125,-0.03
1.116,-0.12,-0.04
1.118,-0.13,-0.045
1.12,-0.19,-0.05
1.122,-0.18,-0.06
1.124,-0.18,-0.065
1.126,-0.185,-0.07
1.128,-0.175,-0.08
1.13,-0.155,-0.085
1.132,-0.195,-0.085
1.134,-0.18,-0.085
1.136,-0.19,-0.08
1.138,-0.17,-0.075
1.14,-0.15,-0.065
1.142,-0.155,-0.06
1.144,-0.19,-0.06
1.146,-0.205,-0.06
1.148,-0.24,-0.065
1.15,-0.195,-0.075
1.152,-0.105,-0.09
1.154,-0.185,-0.1
1.156,-0.2,-0.105
1.158,-0.21,-0.105
1.16,-0.195,-0.1
1.162,-0.18,-0.09
1.164,-0.165,-0.08
1.166,-0.145,-0.07
1.168,-0.155,-0.065
1.17,-0.19,-0.06
1.172,-0.195,-0.065
1.174,-0.215,-0.07
1.176,-0.18,-0.075
1.178,-0.155,-0.085
1.18,-0.1,-0.09
1.182,-0.14,-0.09
1.184,-0.275,-0.09
1.186,-0.185,-0.085
1.188,-0.215,-0.085
1.19,-0.215,-0.08
1.192,-0.185,-0.08
1.194,-0.135,-0.085
1.196,-0.2,-0.09
1.198,-0.185,-0.095
1.2,-0.21,-0.1
1.202,-0.215,-0.1
1.204,-0.195,-0.1
1.206,-0.17,-0.09
1.208,-0.19,-0.085
1.21,-0.185,-0.075
1.212,-0.185,-0.07
1.214,-0.195,-0.065
1.216,-0.195,-0.07
1.218,-0.175,-0.075
1.22,-0.19,-0.08
1.222,-0.165,-0.085
1.224,-0.19,-0.09
1.226,-0.16,-0.09
1.228,-0.21,-0.085
1.23,-0.2,-0.07
1.232,-0.15,-0.055
1.234,-0.1,-0.03
1.236,-0.085,-0.005
1.238,-0.035,0.03
1.24,-0.01,0.07
1.242,0.005,0.125
1.244,0.06,0.185
1.246,0.23,0.255
1.248,0.28,0.335
1.25,0.285,0.41
1.252,0.355,0.48
1.254,0.5,0.535
1.256,0.53,0.56
1.258,0.49,0.555
1.26,0.42,0.51
1.262,0.34,0.435
1.264,0.19,0.33
1.266,0.11,0.205
1.268,-0.08,0.08
1.27,-0.2,-0.04
1.272,-0.32,-0.14
1.274,-0.385,-0.215
1.276,-0.38,-0.265
1.278,-0.36,-0.285
1.28,-0.33,-0.285
1.282,-0.365,-0.265
1.284,-0.33,-0.24
1.286,-0.32,-0.21
1.288,-0.275,-0.185
1.29,-0.25,-0.16
1.292,-0.22,-0.14
1.294,-0.2,-0.12
1.296,-0.21,-0.1
1.298,-0.175,-0.085
1.3,-0.14,-0.075
1.302,-0.16,-0.065
1.304,-0.125,-0.06
1.306,-0.2,-0.06
1.308,-0.2,-0.06
1.31,-0.18,-0.07
1.312,-0.22,-0.08
1.314,-0.17,-0.085
1.316,-0.17,-0.09
1.318,-0.165,-0.09
1.32,-0.155,-0.085
1.322,-0.13,-0.075
1.324,-0.17,-0.065
1.326,-0.18,-0.05
1.328,-0.14,-0.04
1.33,-0.15,-0.03
1.332,-0.15,-0.025
1.334,-0.11,-0.02
1.336,-0.115,-0.02
1.338,-0.15,-0.025
1.34,-0.18,-0.025
1.342,-0.105,-0.035
1.344,-0.11,-0.04
1.346,-0.18,-0.05
1.348,-0.2,-0.06
1.35,-0.175,-0.065
1.352,-0.145,-0.065
1.354,-0.12,-0.065
1.356,-0.095,-0.055
1.358,-0.145,-0.045
1.36,-0.19,-0.03
1.362,-0.145,-0.02
1.364,-0.085,-0.01
1.366,-0.115,-0.01
1.368,-0.155,-0.01
1.37,-0.035,-0.015
1.372,-0.16,-0.025
1.374,-0.185,-0.03
1.376,-0.1,-0.03
1.378,-0.175,-0.03
1.38,-0.115,-0.02
1.382,-0.04,-0.01
1.384,-0.06,0.005
1.386,-0.06,0.01
1.388,-0.125,0.015
1.39,-0.15,0.01
1.392,-0.165,0.0
1.394,-0.11,-0.01
1.396,-0.125,-0.02
1.398,-0.09,-0.03
1.4,-0.1,-0.03
1.402,-0.14,-0.025
1.404,-0.17,-0.015
1.406,-0.09,0.0
1.408,-0.055,0.02
1.41,-0.09,0.035
1.412,-0.105,0.045
1.414,-0.03,0.05
1.416,-0.045,0.055
1.418,-0.055,0.055
1.42,-0.025,0.06
1.422,-0.005,0.06
1.424,-0.025,0.065
1.426,-0.06,0.075
1.428,-0.025,0.08
1.43,-0.03,0.09
1.432,-0.01,0.095
1.434,-0.025,0.1
1.436,0.01,0.105
1.438,0.005,0.105
1.44,0.065,0.115
1.442,0.08,0.12
1.444,-0.02,0.135
1.446,0.06,0.145
1.448,0.085,0.16
1.45,0.075,0.175
1.452,0.105,0.185
1.454,0.11,0.195
1.456,0.075,0.195
1.458,0.08,0.195
1.46,0.1,0.195
1.462,0.12,0.195
1.464,0.105,0.195
1.466,0.125,0.2
1.468,0.145,0.205
1.47,0.125,0.21
1.472,0.065,0.215
1.474,0.065,0.215
1.476,0.12,0.22
1.478,0.13,0.215
1.48,0.105,0.21
1.482,0.08,0.21
1.484,0.105,0.205
1.486,0.15,0.205
1.488,0.155,0.205
1.49,0.115,0.205
1.492,0.08,0.205
1.494,0.1,0.205
1.496,0.11,0.2
1.498,0.06,0.185
1.5,0.03,0.17
1.502,0.03,0.15
1.504,0.015,0.13
1.506,0.02,0.105
1.508,0.0,0.09
1.51,0.01,0.075
1.512,-0.08,0.07
1.514,-0.01,0.07
1.516,0.01,0.07
1.518,-0.01,0.075
1.52,-0.045,0.07
1.522,-0.09,0.065
1.524,-0.11,0.05
1.526,-0.06,0.03
1.528,-0.11,0.01
1.53,-0.14,-0.015
1.532,-0.135,-0.03
1.534,-0.11,-0.04
1.536,-0.1,-0.045
1.538,-0.115,-0.04
1.54,-0.12,-0.03
1.542,-0.16,-0.02
1.544,-0.135,-0.01
1.546,-0.115,-0.01
1.548,-0.11,-0.01
1.55,-0.105,-0.02
1.552,-0.165,-0.035
1.554,-0.14,-0.045
1.556,-0.2,-0.05
1.558,-0.115,-0.055
1.56,-0.105,-0.05
1.562,-0.06,-0.04
1.564,-0.135,-0.025
1.566,-0.16,-0.015
1.568,-0.195,-0.01
1.57,-0.135,-0.01
1.572,-0.115,-0.02
1.574,-0.085,-0.035
1.576,-0.095,-0.05
1.578,-0.205,-0.065
1.58,-0.195,-0.08
1.582,-0.165,-0.08
1.584,-0.16,-0.08
1.586,-0.17,-0.07
1.588,-0.1,-0.055
1.59,-0.13,-0.045
1.592,-0.135,-0.035
1.594,-0.16,-0.035
1.596,-0.155,-0.035
1.598,-0.12,-0.045
1.6,-0.185,-0.055
1.602,-0.15,-0.06
1.604,-0.12,-0.065
1.606,-0.13,-0.06
1.608,-0.145,-0.055
1.61,-0.155,-0.05
1.612,-0.1,-0.04
1.614,-0.14,-0.035
1.616,-0.175,-0.03
1.618,-0.155,-0.03
1.62,-0.155,-0.04
1.622,-0.175,-0.045
1.624,-0.135,-0.055
1.626,-0.155,-0.06
1.628,-0.115,-0.06
1.63,-0.155,-0.055
1.632,-0.145,-0.05
1.634,-0.115,-0.04
1.636,-0.14,-0.03
1.638,-0.145,-0.025
1.64,-0.105,-0.02
1.642,-0.145,-0.025
1.644,-0.095,-0.025
1.646,-0.09,-0.035
1.648,-0.13,-0.045
1.65,-0.185,-0.05
1.652,-0.145,-0.055
1.654,-0.21,-0.06
1.656,-0.205,-0.06
1.658,-0.125,-0.06
1.66,-0.075,-0.055
1.662,-0.135,-0.055
1.664,-0.16,-0.05
1.666,-0.155,-0.045
1.668,-0.18,-0.045
1.67,-0.19,-0.045
1.672,-0.1,-0.04
1.674,-0.08,-0.04
1.676,-0.14,-0.04
1.678,-0.125,-0.035
1.68,-0.105,-0.035
1.682,-0.14,-0.03
1.684,-0.135,-0.025
1.686,-0.1,-0.025
1.688,-0.13,-0.025
1.69,-0.145,-0.025
1.692,-0.145,-0.025
1.694,-0.11,-0.03
1.696,-0.13,-0.03
1.698,-0.155,-0.03
1.7,-0.16,-0.03
1.702,-0.115,-0.03
1.704,-0.13,-0.03
1.706,-0.17,-0.03
1.708,-0.095,-0.03
1.71,-0.075,-0.03
1.712,-0.15,-0.03
1.714,-0.175,-0.035
1.716,-0.17,-0.04
1.718,-0.175,-0.045
1.72,-0.195,-0.05
1.722,-0.145,-0.055
1.724,-0.135,-0.06
1.726,-0.115,-0.06
1.728,-0.165,-0.065
1.73,-0.19,-0.065
1.732,-0.2,-0.06
1.734,-0.145,-0.06
1.736,-0.19,-0.055
1.738,-0.145,-0.05
1.74,-0.1,-0.045
1.742,-0.135,-0.04
1.744,-0.135,-0.035
1.746,-0.125,-0.035
1.748,-0.145,-0.035
1.75,-0.15,-0.035
1.752,-0.135,-0.035
1.754,-0.095,-0.03
1.756,-0.14,-0.025
1.758,-0.08,-0.015
1.76,-0.055,0.0
1.762,-0.095,0.015
1.764,-0.08,0.03
1.766,-0.095,0.04
1.768,-0.09,0.05
1.77,-0.02,0.05
1.772,-0.04,0.045
1.774,-0.04,0.04
1.776,-0.025,0.03
1.778,-0.06,0.02
1.78,-0.17,0.01
1.782,-0.125,0.005
1.784,-0.14,0.005
1.786,-0.075,0.0
1.788,-0.085,0.005
1.79,-0.105,0.005
1.792,-0.105,0.005
1.794,-0.1,0.005
1.796,-0.06,0.0
1.798,-0.085,0.0
1.8,-0.07,-0.005
1.802,-0.14,-0.005
1.804,-0.12,-0.01
1.806,-0.115,-0.01
1.808,-0.13,-0.015
1.81,-0.155,-0.025
1.812,-0.095,-0.035
1.814,-0.07,-0.045
1.816,-0.17,-0.055
1.818,-0.15,-0.065
1.82,-0.205,-0.075
1.822,-0.235,-0.075
1.824,-0.215,-0.075
1.826,-0.13,-0.07
1.828,-0.16,-0.06
1.83,-0.11,-0.05
1.832,-0.135,-0.045
1.834,-0.07,-0.04
1.836,-0.195,-0.045
1.838,-0.17,-0.055
1.84,-0.14,-0.065
1.842,-0.22,-0.08
1.844,-0.165,-0.09
1.846,-0.15,-0.105
1.848,-0.21,-0.11
1.85,-0.215,-0.11
1.852,-0.17,-0.105
1.854,-0.245,-0.1
1.856,-0.215,-0.095
1.858,-0.16,-0.085
1.86,-0.17,-0.08
1.862,-0.165,-0.08
1.864,-0.14,-0.08
1.866,-0.16,-0.08
1.868,-0.19,-0.085
1.87,-0.285,-0.09
1.872,-0.22,-0.095
1.874,-0.185,-0.095
1.876,-0.18,-0.095
1.878,-0.14,-0.095
1.88,-0.155,-0.09
1.882,-0.205,-0.09
1.884,-0.265,-0.09
1.886,-0.22,-0.085
1.888,-0.125,-0.085
1.89,-0.2,-0.085
1.892,-0.23,-0.09
1.894,-0.17,-0.085
1.896,-0.135,-0.085
1.898,-0.18,-0.085
1.9,-0.19,-0.08
1.902,-0.185,-0.075
1.904,-0.15,-0.07
1.906,-0.165,-0.07
1.908,-0.19,-0.065
1.91,-0.195,-0.07
1.912,-0.2,-0.07
1.914,-0.14,-0.07
1.916,-0.15,-0.065
1.918,-0.175,-0.06
1.92,-0.15,-0.05
1.922,-0.125,-0.035
1.924,-0.1,-0.015
1.926,-0.075,0.01
1.928,-0.02,0.04
1.93,-0.005,0.08
1.932,0.06,0.13
1.934,0.085,0.19
1.936,0.15,0.255
1.938,0.265,0.33
1.94,0.35,0.41
1.942,0.335,0.48
1.944,0.44,0.535
1.946,0.515,0.56
1.948,0.495,0.56
1.95,0.46,0.515
1.952,0.4,0.435
1.954,0.175,0.325
1.956,0.07,0.195
1.958,-0.04,0.06
1.96,-0.27,-0.07
1.962,-0.38,-0.18
1.964,-0.425,-0.26
1.966,-0.425,-0.305
1.968,-0.385,-0.32
1.97,-0.35,-0.31
1.972,-0.335,-0.28
1.974,-0.325,-0.24
1.976,-0.35,-0.205
1.978,-0.255,-0.175
1.98,-0.255,-0.155
1.982,-0.25,-0.145
1.984,-0.21,-0.14
1.986,-0.2,-0.135
1.988,-0.155,-0.125
1.99,-0.205,-0.115
1.992,-0.2,-0.1
1.994,-0.2,-0.08
1.996,-0.215,-0.06
1.998,-0.145,-0.045
2.0,-0.095,-0.03
2.002,-0.09,-0.025
2.004,-0.14,-0.025
2.006,-0.16,-0.03
2.008,-0.135,-0.04
2.01,-0.18,-0.045
2.012,-0.16,-0.05
2.014,-0.17,-0.055
2.016,-0.1,-0.055
2.018,-0.125,-0.05
2.02,-0.17,-0.045
2.022,-0.15,-0.04
2.024,-0.16,-0.04
2.026,-0.175,-0.04
2.028,-0.165,-0.045
2.03,-0.13,-0.05
2.032,-0.135,-0.06
2.034,-0.165,-0.065
2.036,-0.15,-0.065
2.038,-0.135,-0.065
2.04,-0.11,-0.06
2.042,-0.16,-0.05
2.044,-0.165,-0.045
2.046,-0.17,-0.04
2.048,-0.17,-0.035
2.05,-0.1,-0.035
2.052,-0.125,-0.04
2.054,-0.075,-0.04
2.056,-0.145,-0.045
2.058,-0.215,-0.05
2.06,-0.17,-0.05
2.062,-0.19,-0.05
2.064,-0.175,-0.045
2.066,-0.06,-0.04
2.068,-0.13,-0.035
2.07,-0.12,-0.025
2.072,-0.055,-0.02
2.074,-0.055,-0.01
2.076,-0.11,-0.005
2.078,-0.175,0.005
2.08,-0.11,0.005
2.082,-0.145,0.005
2.084,-0.095,0.005
2.086,-0.085,0.005
2.088,-0.09,0.0
2.09,-0.1,-0.005
2.092,-0.13,-0.005
2.094,-0.135,-0.005
2.096,-0.095,0.0
2.098,-0.08,0.005
2.1,-0.07,0.02
2.102,-0.105,0.03
2.104,-0.01,0.04
2.106,-0.025,0.05
2.108,-0.05,0.055
2.11,-0.055,0.06
2.112,-0.075,0.06
2.114,-0.045,0.06
2.116,-0.015,0.065
2.118,-0.035,0.07
2.12,-0.035,0.08
2.122,0.005,0.095
2.124,0.045,0.11
2.126,0.075,0.13
2.128,0.04,0.14
2.13,0.07,0.155
2.132,0.075,0.16
2.134,0.035,0.165
2.136,0.065,0.17
2.138,0.045,0.175
2.14,0.085,0.175
2.142,0.085,0.185
2.144,0.12,0.19
2.146,0.095,0.2
2.148,0.13,0.21
2.15,0.11,0.215
2.152,0.125,0.22
2.154,0.135,0.225
2.156,0.09,0.225
2.158,0.145,0.23
2.16,0.15,0.23
2.162,0.185,0.235
2.164,0.17,0.24
2.166,0.165,0.25
2.168,0.155,0.255
2.17,0.115,0.26
2.172,0.155,0.26
2.174,0.12,0.255
2.176,0.17,0.245
2.178,0.13,0.23
2.18,0.165,0.22
2.182,0.105,0.205
2.184,0.11,0.195
2.186,0.06,0.185
2.188,0.07,0.175
2.19,0.045,0.165
2.192,0.055,0.155
2.194,0.05,0.145
2.196,0.005,0.13
2.198,0.005,0.115
2.2,-0.01,0.095
2.202,-0.065,0.075
2.204,-0.1,0.055
2.206,-0.125,0.04
2.208,-0.055,0.03
2.21,-0.02,0.025
2.212,0.035,0.025
2.214,-0.07,0.025
2.216,-0.08,0.02
2.218,-0.115,0.02
2.22,-0.09,0.01
2.222,-0.1,0.0
2.224,-0.08,-0.015
2.226,-0.18,-0.03
2.228,-0.145,-0.04
2.23,-0.15,-0.05
2.232,-0.14,-0.05
2.234,-0.085,-0.045
2.236,-0.065,-0.04
2.238,-0.145,-0.025
2.24,-0.185,-0.015
2.242,-0.115,-0.01
2.244,-0.165,-0.01
2.246,-0.115,-0.01
2.248,-0.115,-0.02
2.25,-0.12,-0.03
2.252,-0.1,-0.04
2.254,-0.155,-0.05
2.256,-0.16,-0.055
2.258,-0.12,-0.055
2.26,-0.12,-0.05
2.262,-0.12,-0.045
2.264,-0.115,-0.035
2.266,-0.155,-0.03
2.268,-0.15,-0.03
2.27,-0.07,-0.035
2.272,-0.2,-0.045
2.274,-0.155,-0.055
2.276,-0.13,-0.06
2.278,-0.16,-0.07
2.28,-0.14,-0.07
2.282,-0.16,-0.065
2.284,-0.16,-0.055
2.286,-0.155,-0.04
2.288,-0.155,-0.03
2.29,-0.155,-0.015
2.292,-0.095,-0.01
2.294,-0.115,-0.005
2.296,-0.08,-0.005
2.298,-0.08,-0.015
2.3,-0.065,-0.025
2.302,-0.125,-0.035
2.304,-0.23,-0.045
2.306,-0.205,-0.055
2.308,-0.16,-0.055
2.31,-0.155,-0.055
2.312,-0.11,-0.05
2.314,-0.115,-0.045
2.316,-0.185,-0.03
2.318,-0.09,-0.02
2.32,-0.08,-0.01
2.322,-0.105,0.0
2.324,-0.125,0.005
2.326,-0.15,0.005
2.328,-0.12,-0.005
2.33,-0.12,-0.015
2.332,-0.12,-0.025
2.334,-0.105,-0.04
2.336,-0.155,-0.05
2.338,-0.13,-0.06
2.34,-0.18,-0.065
2.342,-0.17,-0.06
2.344,-0.16,-0.05
2.346,-0.115,-0.04
2.348,-0.1,-0.025
2.35,-0.08,-0.01
2.352,-0.085,0.0
2.354,-0.085,0.01
2.356,-0.08,0.01
2.358,-0.08,0.01
2.36,-0.12,0.005
2.362,-0.11,0.0
2.364,-0.135,-0.005
2.366,-0.17,-0.015
2.368,-0.17,-0.025
2.37,-0.095,-0.035
2.372,-0.07,-0.04
2.374,-0.13,-0.05
2.376,-0.125,-0.05
2.378,-0.165,-0.05
2.38,-0.18,-0.045
2.382,-0.14,-0.035
2.384,-0.11,-0.02
2.386,-0.08,-0.005
2.388,-0.09,0.005
2.39,-0.05,0.015
2.392,-0.03,0.025
2.394,-0.125,0.025
2.396,-0.055,0.02
2.398,-0.055,0.015
2.4,-0.115,0.005
2.402,-0.11,0.005
2.404,-0.05,0.005
2.406,-0.115,0.01
2.408,-0.11,0.02
2.41,-0.035,0.035
2.412,-0.03,0.05
2.414,-0.03,0.06
2.416,-0.055,0.07
2.418,-0.02,0.07
2.42,-0.035,0.065
2.422,-0.065,0.055
2.424,-0.035,0.045
2.426,-0.06,0.035
2.428,-0.14,0.025
2.43,-0.105,0.02
2.432,-0.09,0.02
2.434,-0.015,0.025
2.436,-0.08,0.03
2.438,-0.01,0.03
2.44,-0.08,0.03
2.442,-0.09,0.02
2.444,-0.105,0.005
2.446,-0.125,-0.01
2.448,-0.185,-0.03
2.45,-0.175,-0.05
2.452,-0.185,-0.07
2.454,-0.205,-0.08
2.456,-0.16,-0.085
2.458,-0.165,-0.09
2.46,-0.18,-0.09
2.462,-0.17,-0.085
2.464,-0.165,-0.08
2.466,-0.165,-0.08
2.468,-0.225,-0.085
2.47,-0.235,-0.09
2.472,-0.215,-0.1
2.474,-0.135,-0.105
2.476,-0.195,-0.115
2.478,-0.25,-0.12
2.48,-0.245,-0.12
2.482,-0.205,-0.12
2.484,-0.18,-0.115
2.486,-0.15,-0.11
2.488,-0.185,-0.105
2.49,-0.255,-0.1
2.492,-0.23,-0.1
2.494,-0.2,-0.1
2.496,-0.145,-0.1
2.498,-0.175,-0.1
2.5,-0.245,-0.105
2.502,-0.205,-0.105
2.504,-0.2,-0.11
2.506,-0.205,-0.11
2.508,-0.195,-0.11
2.51,-0.215,-0.115
2.512,-0.215,-0.12
2.514,-0.21,-0.125
2.516,-0.24,-0.13
2.518,-0.235,-0.135
2.52,-0.22,-0.14
2.522,-0.25,-0.135
2.524,-0.215,-0.135
2.526,-0.23,-0.125
2.528,-0.21,-0.12
2.53,-0.195,-0.11
2.532,-0.22,-0.105
2.534,-0.2,-0.105
2.536,-0.205,-0.11
2.538,-0.225,-0.115
2.54,-0.285,-0.12
2.542,-0.225,-0.125
2.544,-0.17,-0.125
2.546,-0.215,-0.125
2.548,-0.255,-0.12
2.55,-0.195,-0.11
2.552,-0.21,-0.105
2.554,-0.235,-0.09
2.556,-0.19,-0.075
2.558,-0.155,-0.06
2.56,-0.135,-0.03
2.562,-0.09,0.015
2.564,0.085,0.075
2.566,0.09,0.155
2.568,0.14,0.245
2.57,0.28,0.35
2.572,0.355,0.445
2.574,0.415,0.53
2.576,0.505,0.585
2.578,0.55,0.6
2.58,0.52,0.57
2.582,0.505,0.495
2.584,0.29,0.385
2.586,0.13,0.25
2.588,-0.03,0.1
2.59,-0.21,-0.04
2.592,-0.35,-0.165
2.594,-0.465,-0.26
2.596,-0.485,-0.325
2.598,-0.455,-0.36
2.6,-0.44,-0.365
2.602,-0.45,-0.355
2.604,-0.41,-0.325
2.606,-0.335,-0.295
2.608,-0.34,-0.265
2.61,-0.33,-0.235
2.612,-0.315,-0.21
2.614,-0.295,-0.19
2.616,-0.26,-0.17
2.618,-0.27,-0.15
2.62,-0.175,-0.135
2.622,-0.205,-0.12
2.624,-0.2,-0.11
2.626,-0.24,-0.105
2.628,-0.24,-0.1
2.63,-0.215,-0.105
2.632,-0.225,-0.11
2.634,-0.195,-0.115
2.636,-0.15,-0.12
2.638,-0.225,-0.12
2.64,-0.205,-0.125
2.642,-0.205,-0.12
2.644,-0.2,-0.115
2.646,-0.185,-0.11
2.648,-0.17,-0.1
2.65,-0.215,-0.09
2.652,-0.18,-0.085
2.654,-0.19,-0.075
2.656,-0.205,-0.075
2.658,-0.21,-0.07
2.66,-0.19,-0.075
2.662,-0.19,-0.075
2.664,-0.175,-0.08
2.666,-0.18,-0.08
2.668,-0.165,-0.085
2.67,-0.105,-0.085
2.672,-0.2,-0.08
2.674,-0.2,-0.07
2.676,-0.14,-0.065
2.678,-0.18,-0.055
2.68,-0.15,-0.045
2.682,-0.115,-0.04
2.684,-0.115,-0.04
2.686,-0.13,-0.04
2.688,-0.175,-0.045
2.69,-0.165,-0.05
2.692,-0.175,-0.055
2.694,-0.2,-0.06
2.696,-0.205,-0.06
2.698,-0.13,-0.055
2.7,-0.125,-0.05
2.702,-0.135,-0.04
2.704,-0.13,-0.035
2.706,-0.14,-0.025
2.708,-0.115,-0.02
2.71,-0.115,-0.015
2.712,-0.14,-0.015
2.714,-0.12,-0.015
2.716,-0.09,-0.015
2.718,-0.105,-0.015
2.72,-0.125,-0.015
2.722,-0.105,-0.01
2.724,-0.1,-0.01
2.726,-0.075,0.0
2.728,-0.085,0.005
2.73,-0.075,0.015
2.732,-0.065,0.025
2.734,-0.045,0.03
2.736,-0.025,0.035
2.738,-0.09,0.04
2.74,-0.035,0.04
2.742,-0.07,0.045
2.744,-0.06,0.045
2.746,-0.075,0.05
2.748,-0.045,0.055
2.75,-0.055,0.065
2.752,-0.02,0.075
2.754,0.025,0.085
2.756,0.01,0.1
2.758,0.04,0.11
2.76,0.065,0.125
2.762,0.06,0.135
2.764,0.015,0.14
2.766,0.015,0.15
2.768,0.015,0.155
2.77,0.08,0.165
2.772,0.095,0.17
2.774,0.125,0.18
2.776,0.13,0.19
2.778,0.08,0.2
2.78,0.105,0.21
2.782,0.1,0.22
2.784,0.15,0.225
2.786,0.13,0.23
2.788,0.155,0.23
2.79,0.11,0.235
2.792,0.14,0.235
2.794,0.145,0.235
2.796,0.13,0.24
2.798,0.14,0.24
2.8,0.115,0.245
2.802,0.1,0.245
2.804,0.16,0.24
2.806,0.18,0.235
2.808,0.16,0.23
2.81,0.12,0.22
2.812,0.07,0.205
2.814,0.055,0.195
2.816,0.075,0.185
2.818,0.09,0.175
2.82,0.045,0.165
2.822,0.055,0.155
2.824,0.045,0.145
2.826,0.015,0.13
2.828,0.02,0.115
2.83,0.0,0.1
2.832,-0.055,0.085
2.834,-0.02,0.07
2.836,-0.035,0.055
2.838,-0.07,0.045
2.84,-0.125,0.04
2.842,-0.07,0.035
2.844,-0.055,0.03
2.846,-0.045,0.025
2.848,-0.065,0.02
2.85,-0.06,0.01
2.852,-0.06,-0.005
2.854,-0.17,-0.015
2.856,-0.145,-0.03
2.858,-0.15,-0.04
2.86,-0.19,-0.045
2.862,-0.14,-0.045
2.864,-0.16,-0.04
2.866,-0.115,-0.035
2.868,-0.085,-0.025
2.87,-0.095,-0.02
2.872,-0.12,-0.015
2.874,-0.11,-0.01
2.876,-0.105,-0.015
2.878,-0.125,-0.02
2.88,-0.12,-0.03
2.882,-0.17,-0.04
2.884,-0.15,-0.05
2.886,-0.12,-0.055
2.888,-0.165,-0.06
2.89,-0.15,-0.065
2.892,-0.16,-0.065
2.894,-0.19,-0.06
2.896,-0.16,-0.06
2.898,-0.14,-0.055
2.9,-0.16,-0.055
2.902,-0.145,-0.055
2.904,-0.165,-0.05
2.906,-0.165,-0.045
2.908,-0.18,-0.045
2.91,-0.115,-0.04
2.912,-0.14,-0.035
2.914,-0.13,-0.03
2.916,-0.065,-0.025
2.918,-0.13,-0.025
2.92,-0.135,-0.025
2.922,-0.12,-0.025
2.924,-0.11,-0.025
2.926,-0.145,-0.03
2.928,-0.16,-0.035
2.93,-0.13,-0.035
2.932,-0.125,-0.04
2.934,-0.155,-0.04
2.936,-0.13,-0.04
2.938,-0.07,-0.04
2.94,-0.12,-0.04
2.942,-0.15,-0.04
2.944,-0.22,-0.035
2.946,-0.16,-0.035
2.948,-0.14,-0.03
2.95,-0.12,-0.03
2.952,-0.105,-0.03
2.954,-0.11,-0.025
2.956,-0.16,-0.025
2.958,-0.14,-0.025
2.96,-0.14,-0.025
2.962,-0.16,-0.03
2.964,-0.115,-0.03
2.966,-0.1,-0.025
2.968,-0.08,-0.025
2.97,-0.085,-0.015
2.972,-0.12,-0.01
2.974,-0.115,0.0
2.976,-0.135,0.01
2.978,-0.075,0.015
2.98,-0.1,0.02
2.982,-0.1,0.025
2.984,-0.095,0.02
2.986,-0.1,0.015
2.988,-0.085,0.01
2.99,-0.05,0.005
2.992,-0.025,0.0
2.994,-0.075,0.005
2.996,-0.135,0.01
2.998,-0.13,0.015
3.0,-0.06,0.025
3.002,-0.045,0.035
3.004,-0.07,0.04
3.006,-0.04,0.045
3.008,0.015,0.04
3.01,-0.06,0.035
3.012,-0.105,0.025
3.014,-0.105,0.02
3.016,-0.08,0.01
3.018,-0.055,0.01
3.02,-0.06,0.01
3.022,-0.045,0.015
3.024,-0.04,0.02
3.026,-0.08,0.025
3.028,-0.085,0.03
3.03,-0.09,0.03
3.032,-0.035,0.03
3.034,-0.03,0.02
3.036,-0.055,0.01
3.038,-0.125,0.0
3.04,-0.15,-0.015
3.042,-0.175,-0.025
3.044,-0.16,-0.04
3.046,-0.19,-0.05
3.048,-0.18,-0.06
3.05,-0.18,-0.065
3.052,-0.145,-0.07
3.054,-0.095,-0.07
3.056,-0.095,-0.07
3.058,-0.155,-0.065
3.06,-0.155,-0.06
3.062,-0.18,-0.06
3.064,-0.18,-0.06
3.066,-0.18,-0.06
3.068,-0.18,-0.065
3.07,-0.21,-0.07
3.072,-0.17,-0.08
3.074,-0.18,-0.085
3.076,-0.145,-0.095
3.078,-0.12,-0.1
3.08,-0.21,-0.1
3.082,-0.22,-0.1
3.084,-0.18,-0.095
3.086,-0.19,-0.09
3.088,-0.175,-0.09
3.09,-0.15,-0.085
3.092,-0.125,-0.085
3.094,-0.2,-0.085
3.096,-0.215,-0.085
3.098,-0.23,-0.09
3.1,-0.2,-0.095
3.102,-0.175,-0.095
3.104,-0.225,-0.1
3.106,-0.2,-0.1
3.108,-0.155,-0.1
3.11,-0.145,-0.1
3.112,-0.125,-0.1
3.114,-0.165,-0.095
3.116,-0.2,-0.095
3.118,-0.215,-0.09
3.12,-0.225,-0.085
3.122,-0.175,-0.08
3.124,-0.17,-0.075
3.126,-0.16,-0.07
3.128,-0.155,-0.065
3.13,-0.155,-0.065
3.132,-0.15,-0.065
3.134,-0.155,-0.07
3.136,-0.19,-0.075
3.138,-0.195,-0.08
3.14,-0.21,-0.08
3.142,-0.21,-0.08
3.144,-0.175,-0.075
3.146,-0.145,-0.065
3.148,-0.115,-0.05
3.15,-0.08,-0.03
3.152,-0.095,-0.005
3.154,-0.065,0.025
3.156,-0.025,0.065
3.158,-0.02,0.115
3.16,0.105,0.175
3.162,0.14,0.245
3.164,0.21,0.32
3.166,0.35,0.4
3.168,0.41,0.47
3.17,0.45,0.525
3.172,0.565,0.55
3.174,0.535,0.535
3.176,0.425,0.485
3.178,0.295,0.4
3.18,0.145,0.28
3.182,-0.01,0.145
3.184,-0.16,0.01
3.186,-0.315,-0.115
3.188,-0.41,-0.21
3.19,-0.385,-0.275
3.192,-0.335,-0.305
3.194,-0.31,-0.3
3.196,-0.32,-0.275
3.198,-0.305,-0.235
3.2,-0.295,-0.19
3.202,-0.26,-0.15
3.204,-0.225,-0.125
3.206,-0.235,-0.11
3.208,-0.21,-0.1
3.21,-0.22,-0.1
3.212,-0.17,-0.105
3.214,-0.165,-0.105
3.216,-0.185,-0.1
3.218,-0.22,-0.095
3.22,-0.205,-0.09
3.222,-0.185,-0.08
3.224,-0.165,-0.075
3.226,-0.16,-0.075
3.228,-0.17,-0.07
3.23,-0.2,-0.07
3.232,-0.18,-0.07
3.234,-0.125,-0.07
3.236,-0.115,-0.065
3.238,-0.15,-0.06
3.24,-0.175,-0.055
3.242,-0.22,-0.05
3.244,-0.135,-0.045
3.246,-0.165,-0.05
3.248,-0.115,-0.055
3.25,-0.165,-0.06
3.252,-0.165,-0.07
3.254,-0.16,-0.075
3.256,-0.18,-0.075
3.258,-0.175,-0.075
3.26,-0.18,-0.07
3.262,-0.115,-0.065
3.264,-0.12,-0.055
3.266,-0.16,-0.05
3.268,-0.165,-0.045
3.27,-0.15,-0.04
3.272,-0.145,-0.04
3.274,-0.115,-0.045
3.276,-0.13,-0.045
3.278,-0.19,-0.045
3.28,-0.095,-0.045
3.282,-0.155,-0.04
3.284,-0.18,-0.035
3.286,-0.13,-0.03
3.288,-0.12,-0.025
3.29,-0.135,-0.02
3.292,-0.11,-0.02
3.294,-0.1,-0.02
3.296,-0.13,-0.02
3.298,-0.145,-0.02
3.3,-0.125,-0.025
3.302,-0.13,-0.025
3.304,-0.125,-0.03
3.306,-0.11,-0.025
3.308,-0.12,-0.025
3.31,-0.07,-0.02
3.312,-0.1,-0.015
3.314,-0.14,-0.01
3.316,-0.15,0.0
3.318,-0.055,0.01
3.32,-0.1,0.02
3.322,-0.03,0.025
3.324,-0.055,0.03
3.326,-0.1,0.035
3.328,-0.045,0.035
3.33,-0.11,0.035
3.332,-0.015,0.03
3.334,-0.07,0.03
3.336,-0.07,0.03
3.338,-0.04,0.035
3.34,-0.055,0.04
3.342,-0.045,0.055
3.344,-0.035,0.065
3.346,0.015,0.085
3.348,0.005,0.1
3.35,0.02,0.11
3.352,0.07,0.12
3.354,0.03,0.125
3.356,0.025,0.125
3.358,0.04,0.13
3.36,0.055,0.13
3.362,0.015,0.135
3.364,0.025,0.145
3.366,0.075,0.155
3.368,0.18,0.17
3.37,0.095,0.185
3.372,0.06,0.2
3.374,0.095,0.215
3.376,0.125,0.225
3.378,0.11,0.225
3.38,0.115,0.23
3.382,0.13,0.225
3.384,0.185,0.225
3.386,0.16,0.22
3.388,0.125,0.215
3.39,0.085,0.215
3.392,0.08,0.215
3.394,0.07,0.215
3.396,0.12,0.215
3.398,0.15,0.21
3.4,0.13,0.205
3.402,0.105,0.2
3.404,0.11,0.19
3.406,0.135,0.18
3.408,0.125,0.17
3.41,0.035,0.155
3.412,-0.015,0.145
3.414,0.03,0.13
3.416,0.035,0.115
3.418,-0.015,0.1
3.42,-0.045,0.09
3.422,-0.03,0.08
3.424,-0.04,0.07
3.426,-0.02,0.065
3.428,-0.035,0.06
3.43,-0.02,0.055
3.432,-0.035,0.055
3.434,-0.03,0.05
3.436,-0.06,0.045
3.438,-0.08,0.035
3.44,-0.1,0.025
3.442,-0.13,0.01
3.444,-0.145,-0.005
3.446,-0.115,-0.02
3.448,-0.115,-0.035
3.45,-0.175,-0.05
3.452,-0.09,-0.055
3.454,-0.08,-0.06
3.456,-0.19,-0.06
3.458,-0.165,-0.06
3.46,-0.15,-0.05
3.462,-0.13,-0.045
3.464,-0.085,-0.035
3.466,-0.135,-0.03
3.468,-0.145,-0.03
3.47,-0.135,-0.035
3.472,-0.145,-0.04
3.474,-0.17,-0.05
3.476,-0.165,-0.055
3.478,-0.13,-0.065
3.48,-0.15,-0.065
3.482,-0.13,-0.065
3.484,-0.12,-0.06
3.486,-0.13,-0.055
3.488,-0.19,-0.045
3.49,-0.205,-0.04
3.492,-0.1,-0.04
3.494,-0.12,-0.04
3.496,-0.135,-0.045
3.498,-0.19,-0.055
3.5,-0.165,-0.06
3.502,-0.145,-0.065
3.504,-0.145,-0.07
3.506,-0.145,-0.065
3.508,-0.105,-0.06
3.51,-0.13,-0.05
3.512,-0.145,-0.04
3.514,-0.13,-0.035
3.516,-0.16,-0.035
3.518,-0.17,-0.04
3.52,-0.14,-0.045
3.522,-0.165,-0.05
3.524,-0.16,-0.06
3.526,-0.14,-0.065
3.528,-0.12,-0.07
3.53,-0.135,-0.07
3.532,-0.135,-0.065
3.534,-0.175,-0.06
3.536,-0.165,-0.06
3.538,-0.23,-0.055
3.54,-0.155,-0.055
3.542,-0.13,-0.06
3.544,-0.075,-0.06
3.546,-0.15,-0.055
3.548,-0.095,-0.05
3.55,-0.11,-0.045
3.552,-0.115,-0.03
3.554,-0.145,-0.015
3.556,-0.115,-0.005
3.558,-0.105,0.01
3.56,-0.1,0.015
3.562,-0.055,0.015
3.564,-0.065,0.01
3.566,-0.08,0.005
3.568,-0.06,-0.005
3.57,-0.11,-0.015
3.572,-0.155,-0.02
3.574,-0.225,-0.02
3.576,-0.135,-0.015
3.578,-0.055,-0.005
3.58,-0.07,0.005
3.582,-0.055,0.015
3.584,-0.075,0.025
3.586,-0.045,0.035
3.588,-0.085,0.04
3.59,-0.115,0.04
3.592,-0.035,0.04
3.594,-0.005,0.035
3.596,-0.09,0.035
3.598,-0.055,0.03
3.6,-0.025,0.025
3.602,-0.04,0.02
3.604,-0.105,0.015
3.606,-0.085,0.01
3.608,-0.125,0.0
3.61,-0.125,-0.01
3.612,-0.12,-0.02
3.614,-0.13,-0.025
3.616,-0.17,-0.035
3.618,-0.125,-0.04
3.62,-0.125,-0.05
3.622,-0.15,-0.055
3.624,-0.185,-0.06
3.626,-0.145,-0.065
3.628,-0.155,-0.07
3.63,-0.15,-0.075
3.632,-0.235,-0.08
3.634,-0.16,-0.085
3.636,-0.175,-0.085
3.638,-0.19,-0.085
3.64,-0.22,-0.08
3.642,-0.155,-0.075
3.644,-0.115,-0.075
3.646,-0.155,-0.07
3.648,-0.195,-0.07
3.65,-0.21,-0.075
3.652,-0.23,-0.075
3.654,-0.175,-0.08
3.656,-0.1,-0.08
3.658,-0.165,-0.08
3.66,-0.15,-0.08
3.662,-0.14,-0.08
3.664,-0.165,-0.08
3.666,-0.22,-0.08
3.668,-0.195,-0.085
3.67,-0.185,-0.09
3.672,-0.185,-0.105
3.674,-0.23,-0.115
3.676,-0.19,-0.13
3.678,-0.26,-0.14
3.68,-0.24,-0.145
3.682,-0.225,-0.14
3.684,-0.185,-0.135
3.686,-0.18,-0.12
3.688,-0.16,-0.105
3.69,-0.11,-0.09
3.692,-0.16,-0.075
3.694,-0.215,-0.065
3.696,-0.225,-0.065
3.698,-0.18,-0.065
3.7,-0.175,-0.075
3.702,-0.19,-0.085
3.704,-0.14,-0.095
3.706,-0.14,-0.1
3.708,-0.185,-0.11
3.71,-0.2,-0.115
3.712,-0.22,-0.115
3.714,-0.25,-0.12
3.716,-0.23,-0.12
3.718,-0.215,-0.115
3.72,-0.235,-0.11
3.722,-0.245,-0.095
3.724,-0.185,-0.08
3.726,-0.1,-0.055
3.728,-0.025,-0.02
3.73,-0.025,0.025
3.732,0.01,0.075
3.734,0.025,0.135
3.736,0.13,0.205
3.738,0.15,0.275
3.74,0.32,0.345
3.742,0.275,0.41
3.744,0.365,0.465
3.746,0.45,0.505
3.748,0.495,0.525
3.75,0.515,0.515
3.752,0.445,0.475
3.754,0.365,0.41
3.756,0.22,0.315
3.758,0.03,0.2
3.76,-0.085,0.08
3.762,-0.22,-0.04
3.764,-0.325,-0.15
3.766,-0.36,-0.235
3.768,-0.4,-0.295
3.77,-0.395,-0.32
3.772,-0.355,-0.32
3.774,-0.355,-0.295
3.776,-0.335,-0.255
3.778,-0.315,-0.21
3.78,-0.235,-0.165
3.782,-0.255,-0.13
3.784,-0.205,-0.11
3.786,-0.2,-0.095
3.788,-0.2,-0.095
3.79,-0.155,-0.1
3.792,-0.2,-0.105
3.794,-0.225,-0.105
3.796,-0.23,-0.105
3.798,-0.185,-0.095
3.8,-0.145,-0.085
3.802,-0.145,-0.07
3.804,-0.185,-0.06
3.806,-0.125,-0.05
3.808,-0.095,-0.045
3.81,-0.155,-0.045
3.812,-0.155,-0.05
3.814,-0.18,-0.055
3.816,-0.165,-0.065
3.818,-0.17,-0.075
3.82,-0.15,-0.085
3.822,-0.175,-0.09
3.824,-0.17,-0.09
3.826,-0.155,-0.09
3.828,-0.185,-0.09
3.83,-0.19,-0.085
3.832,-0.16,-0.08
3.834,-0.115,-0.075
3.836,-0.1,-0.07
3.838,-0.17,-0.065
3.84,-0.16,-0.06
3.842,-0.155,-0.055
3.844,-0.16,-0.055
3.846,-0.17,-0.06
3.848,-0.16,-0.06
3.85,-0.125,-0.065
3.852,-0.145,-0.065
3.854,-0.16,-0.065
3.856,-0.15,-0.065
3.858,-0.135,-0.065
3.86,-0.13,-0.06
3.862,-0.135,-0.05
3.864,-0.16,-0.045
3.866,-0.145,-0.035
3.868,-0.13,-0.035
3.87,-0.09,-0.03
3.872,-0.09,-0.03
3.874,-0.11,-0.035
3.876,-0.11,-0.04
3.878,-0.2,-0.04
3.88,-0.145,-0.04
3.882,-0.08,-0.035
3.884,-0.11,-0.025
3.886,-0.15,-0.015
3.888,-0.075,-0.005
3.89,-0.07,0.005
3.892,-0.065,0.01
3.894,-0.05,0.015
3.896,-0.075,0.01
3.898,-0.095,0.005
3.9,-0.105,-0.005
3.902,-0.13,-0.01
3.904,-0.11,-0.02
3.906,-0.135,-0.02
3.908,-0.125,-0.015
3.91,-0.045,-0.005
3.912,-0.01,0.01
3.914,-0.03,0.025
3.916,-0.05,0.045
3.918,-0.015,0.065
3.92,0.0,0.08
3.922,-0.005,0.095
3.924,-0.005,0.105
3.926,0.045,0.11
3.928,0.02,0.115
3.93,0.075,0.12
3.932,0.02,0.125
3.934,0.005,0.13
3.936,0.05,0.13
3.938,0.02,0.14
3.94,0.025,0.145
3.942,0.13,0.15
3.944,0.095,0.16
3.946,0.095,0.165
3.948,0.11,0.175
3.95,0.09,0.185
3.952,0.06,0.195
3.954,0.075,0.21
3.956,0.16,0.22
3.958,0.195,0.225
3.96,0.16,0.23
3.962,0.095,0.235
3.964,0.15,0.23
3.966,0.17,0.225
3.968,0.185,0.215
3.97,0.15,0.205
3.972,0.055,0.195
3.974,0.065,0.185
3.976,0.06,0.175
3.978,0.115,0.165
3.98,0.075,0.16
3.982,0.065,0.15
3.984,0.075,0.145
3.986,0.075,0.135
3.988,0.02,0.13
3.99,0.015,0.12
3.992,0.07,0.11
3.994,0.04,0.1
3.996,-0.025,0.09
3.998,-0.06,0.08
4.0,-0.085,0.07
4.002,-0.065,0.06
4.004,-0.05,0.05
4.006,-0.03,0.04
4.008,-0.03,0.025
4.01,-0.085,0.015
4.012,-0.085,0.005
4.014,-0.07,-0.01
4.016,-0.06,-0.02
4.018,-0.135,-0.03
4.02,-0.12,-0.035
4.022,-0.18,-0.04
4.024,-0.1,-0.045
4.026,-0.16,-0.05
4.028,-0.145,-0.05
4.03,-0.095,-0.05
4.032,-0.15,-0.05
4.034,-0.15,-0.05
4.036,-0.135,-0.05
4.038,-0.135,-0.045
4.04,-0.075,-0.04
4.042,-0.065,-0.04
4.044,-0.14,-0.035
4.046,-0.125,-0.03
4.048,-0.105,-0.025
4.05,-0.12,-0.025
4.052,-0.145,-0.025
4.054,-0.16,-0.025
4.056,-0.115,-0.03
4.058,-0.11,-0.03
4.06,-0.125,-0.035
4.062,-0.145,-0.04
4.064,-0.14,-0.04
4.066,-0.155,-0.045
4.068,-0.175,-0.05
4.07,-0.2,-0.055
4.072,-0.1,-0.06
4.074,-0.125,-0.06
4.076,-0.17,-0.06
4.078,-0.18,-0.06
4.08,-0.15,-0.055
4.082,-0.115,-0.05
4.084,-0.1,-0.05
4.086,-0.085,-0.045
4.088,-0.1,-0.05
4.09,-0.09,-0.055
4.092,-0.18,-0.06
4.094,-0.2,-0.07
4.096,-0.185,-0.08
4.098,-0.235,-0.09
4.1,-0.185,-0.095
4.102,-0.165,-0.095
4.104,-0.11,-0.09
4.106,-0.125,-0.075
4.108,-0.14,-0.065
4.11,-0.115,-0.05
4.112,-0.17,-0.035
4.114,-0.14,-0.025
4.116,-0.115,-0.02
4.118,-0.08,-0.02
4.12,-0.08,-0.02
4.122,-0.09,-0.025
4.124,-0.09,-0.025
4.126,-0.09,-0.02
4.128,-0.09,-0.02
4.13,-0.12,-0.01
4.132,-0.155,-0.005
4.134,-0.075,0.005
4.136,-0.05,0.01
4.138,-0.08,0.01
4.14,-0.075,0.01
4.142,-0.065,0.005
4.144,-0.08,0.0
4.146,-0.07,0.0
4.148,-0.11,0.0
4.15,-0.08,0.005
4.152,-0.11,0.015
4.154,-0.11,0.025
4.156,-0.005,0.035
4.158,-0.01,0.04
4.16,0.065,0.05
4.162,-0.06,0.05
4.164,-0.085,0.045
4.166,-0.065,0.04
4.168,-0.105,0.035
4.17,-0.125,0.03
4.172,0.005,0.03
4.174,-0.035,0.03
4.176,-0.06,0.03
4.178,-0.075,0.03
4.18,-0.055,0.025
4.182,-0.055,0.02
4.184,-0.09,0.005
4.186,-0.115,-0.01
4.188,-0.165,-0.03
4.19,-0.175,-0.05
4.192,-0.185,-0.065
4.194,-0.165,-0.08
4.196,-0.155,-0.09
4.198,-0.185,-0.095
4.2,-0.17,-0.09
4.202,-0.13,-0.085
4.204,-0.14,-0.08
4.206,-0.14,-0.07
4.208,-0.175,-0.07
4.21,-0.17,-0.065
4.212,-0.17,-0.07
4.214,-0.16,-0.075
4.216,-0.17,-0.08
4.218,-0.18,-0.085
4.22,-0.15,-0.085
4.222,-0.19,-0.09
4.224,-0.215,-0.085
4.226,-0.15,-0.085
4.228,-0.15,-0.08
4.23,-0.18,-0.08
4.232,-0.16,-0.08
4.234,-0.145,-0.08
4.236,-0.18,-0.08
4.238,-0.165,-0.085
4.24,-0.185,-0.095
4.242,-0.16,-0.095
4.244,-0.145,-0.1
4.246,-0.14,-0.1
4.248,-0.14,-0.1
4.25,-0.26,-0.095
4.252,-0.175,-0.09
4.254,-0.15,-0.09
4.256,-0.18,-0.085
4.258,-0.185,-0.09
4.26,-0.17,-0.09
4.262,-0.19,-0.1
4.264,-0.175,-0.105
4.266,-0.215,-0.115
4.268,-0.2,-0.12
4.27,-0.225,-0.12
4.272,-0.16,-0.115
4.274,-0.16,-0.11
4.276,-0.16,-0.1
4.278,-0.135,-0.09
4.28,-0.18,-0.08
4.282,-0.165,-0.075
4.284,-0.155,-0.07
4.286,-0.135,-0.075
4.288,-0.165,-0.08
4.29,-0.175,-0.085
4.292,-0.215,-0.095
4.294,-0.185,-0.095
4.296,-0.17,-0.095
4.298,-0.145,-0.08
4.3,-0.125,-0.06
4.302,-0.085,-0.025
4.304,-0.025,0.02
4.306,0.0,0.07
4.308,0.07,0.135
4.31,0.13,0.205
4.312,0.21,0.28
4.314,0.28,0.355
4.316,0.39,0.425
4.318,0.355,0.485
4.32,0.435,0.525
4.322,0.51,0.54
4.324,0.49,0.525
4.326,0.455,0.475
4.328,0.35,0.39
4.33,0.22,0.28
4.332,0.0,0.155
4.334,-0.15,0.02
4.336,-0.265,-0.105
4.338,-0.415,-0.21
4.34,-0.4,-0.285
4.342,-0.385,-0.325
4.344,-0.385,-0.335
4.346,-0.335,-0.315
4.348,-0.325,-0.28
4.35,-0.335,-0.235
4.352,-0.225,-0.19
4.354,-0.23,-0.155
4.356,-0.25,-0.13
4.358,-0.22,-0.12
4.36,-0.185,-0.115
4.362,-0.2,-0.115
4.364,-0.17,-0.115
4.366,-0.145,-0.11
4.368,-0.165,-0.105
4.37,-0.18,-0.095
4.372,-0.15,-0.085
4.374,-0.135,-0.075
4.376,-0.155,-0.065
4.378,-0.15,-0.06
4.38,-0.135,-0.06
4.382,-0.19,-0.06
4.384,-0.105,-0.065
4.386,-0.12,-0.06
4.388,-0.16,-0.06
4.39,-0.185,-0.055
4.392,-0.155,-0.05
4.394,-0.115,-0.05
4.396,-0.105,-0.05
4.398,-0.145,-0.055
4.4,-0.135,-0.065
4.402,-0.165,-0.075
4.404,-0.16,-0.085
4.406,-0.155,-0.095
4.408,-0.175,-0.095
4.41,-0.185,-0.095
4.412,-0.15,-0.085
4.414,-0.145,-0.07
4.416,-0.16,-0.055
4.418,-0.105,-0.045
4.42,-0.065,-0.035
4.422,-0.1,-0.03
4.424,-0.15,-0.03
4.426,-0.135,-0.04
4.428,-0.085,-0.05
4.43,-0.165,-0.055
4.432,-0.155,-0.065
4.434,-0.155,-0.065
4.436,-0.17,-0.065
4.438,-0.125,-0.055
4.44,-0.09,-0.045
4.442,-0.14,-0.035
4.444,-0.065,-0.025
4.446,-0.11,-0.02
4.448,-0.125,-0.015
4.45,-0.1,-0.015
4.452,-0.125,-0.02
4.454,-0.145,-0.025
4.456,-0.115,-0.03
4.458,-0.11,-0.03
4.46,-0.08,-0.03
4.462,-0.08,-0.025
4.464,-0.085,-0.02
4.466,-0.075,-0.015
4.468,-0.06,-0.005
4.47,-0.125,0.0
4.472,-0.055,0.005
4.474,-0.1,0.005
4.476,-0.085,0.01
4.478,-0.095,0.01
4.48,-0.055,0.015
4.482,-0.055,0.025
4.484,-0.04,0.035
4.486,0.01,0.05
4.488,0.04,0.065
4.49,0.025,0.08
4.492,-0.05,0.095
4.494,0.01,0.105
4.496,0.035,0.11
4.498,0.01,0.11
4.5,0.025,0.11
4.502,0.075,0.105
4.504,0.065,0.105
4.506,-0.03,0.105
4.508,0.04,0.115
4.51,0.085,0.13
4.512,0.06,0.15
4.514,0.08,0.17
4.516,0.07,0.185
4.518,0.12,0.2
4.52,0.15,0.21
4.522,0.145,0.21
4.524,0.145,0.21
4.526,0.15,0.21
4.528,0.115,0.205
4.53,0.115,0.205
4.532,0.155,0.21
4.534,0.11,0.215
4.536,0.15,0.225
4.538,0.14,0.23
4.54,0.14,0.235
4.542,0.13,0.235
4.544,0.12,0.225
4.546,0.105,0.215
4.548,0.13,0.2
4.55,0.12,0.185
4.552,0.075,0.17
4.554,0.105,0.155
4.556,0.065,0.145
4.558,0.035,0.135
4.56,0.005,0.13
4.562,-0.01,0.125
4.564,0.025,0.12
4.566,0.05,0.11
4.568,0.06,0.105
4.57,0.035,0.1
4.572,0.04,0.095
4.574,0.015,0.09
4.576,-0.04,0.09
4.578,-0.01,0.085
4.58,-0.04,0.08
4.582,-0.05,0.07
4.584,-0.045,0.055
4.586,0.005,0.04
4.588,-0.01,0.025
4.59,-0.105,0.005
4.592,-0.135,-0.015
4.594,-0.1,-0.03
4.596,-0.155,-0.045
4.598,-0.13,-0.055
4.6,-0.125,-0.055
4.602,-0.09,-0.055
4.604,-0.11,-0.055
4.606,-0.155,-0.05
4.608,-0.145,-0.045
4.61,-0.115,-0.035
4.612,-0.14,-0.03
4.614,-0.115,-0.025
4.616,-0.04,-0.02
4.618,-0.055,-0.015
4.62,-0.085,-0.015
4.622,-0.145,-0.02
4.624,-0.125,-0.02
4.626,-0.165,-0.025
4.628,-0.185,-0.035
4.63,-0.09,-0.04
4.632,-0.045,-0.045
4.634,-0.075,-0.045
4.636,-0.145,-0.045
4.638,-0.11,-0.04
4.64,-0.11,-0.04
4.642,-0.135,-0.035
4.644,-0.115,-0.03
4.646,-0.15,-0.03
4.648,-0.15,-0.035
4.65,-0.14,-0.035
4.652,-0.13,-0.04
4.654,-0.1,-0.04
4.656,-0.115,-0.04
4.658,-0.115,-0.04
4.66,-0.14,-0.035
4.662,-0.1,-0.03
4.664,-0.125,-0.025
4.666,-0.135,-0.025
4.668,-0.135,-0.025
4.67,-0.105,-0.03
4.672,-0.12,-0.04
4.674,-0.13,-0.05
4.676,-0.175,-0.055
4.678,-0.13,-0.065
4.68,-0.125,-0.065
4.682,-0.13,-0.065
4.684,-0.1,-0.06
4.686,-0.085,-0.05
4.688,-0.155,-0.04
4.69,-0.16,-0.03
4.692,-0.09,-0.025
4.694,-0.085,-0.02
4.696,-0.13,-0.015
4.698,-0.07,-0.015
4.7,-0.03,-0.015
4.702,-0.105,-0.015
4.704,-0.12,-0.015
4.706,-0.11,-0.015
4.708,-0.12,-0.01
4.71,-0.07,-0.01
4.712,-0.085,-0.005
4.714,-0.085,-0.005
4.716,-0.085,0.0
4.718,-0.1,0.0
4.72,-0.09,0.0
4.722,-0.03,0.0
4.724,-0.05,0.0
4.726,-0.045,0.005
4.728,-0.04,0.01
4.73,-0.105,0.015
4.732,-0.085,0.025
4.734,-0.04,0.03
4.736,-0.04,0.035
4.738,-0.075,0.035
4.74,-0.005,0.04
4.742,-0.055,0.04
4.744,-0.035,0.04
4.746,-0.035,0.04
4.748,-0.03,0.04
4.75,-0.045,0.045
4.752,-0.005,0.045
4.754,-0.055,0.04
4.756,-0.04,0.035
4.758,-0.075,0.03
4.76,-0.045,0.02
4.762,-0.05,0.005
4.764,-0.115,-0.005
4.766,-0.11,-0.02
4.768,-0.09,-0.03
4.77,-0.07,-0.035
4.772,-0.115,-0.04
4.774,-0.15,-0.04
4.776,-0.11,-0.035
4.778,-0.125,-0.035
4.78,-0.07,-0.035
4.782,-0.11,-0.035
4.784,-0.145,-0.04
4.786,-0.125,-0.045
4.788,-0.14,-0.055
4.79,-0.16,-0.065
4.792,-0.18,-0.075
4.794,-0.155,-0.085
4.796,-0.22,-0.095
4.798,-0.19,-0.105
4.8,-0.14,-0.11
4.802,-0.17,-0.11
4.804,-0.155,-0.11
4.806,-0.14,-0.105
4.808,-0.15,-0.095
4.81,-0.155,-0.085
4.812,-0.18,-0.07
4.814,-0.22,-0.06
4.816,-0.12,-0.05
4.818,-0.135,-0.045
4.82,-0.135,-0.045
4.822,-0.13,-0.055
4.824,-0.165,-0.065
4.826,-0.135,-0.08
4.828,-0.17,-0.095
4.83,-0.155,-0.105
4.832,-0.21,-0.105
4.834,-0.17,-0.1
4.836,-0.16,-0.09
4.838,-0.14,-0.08
4.84,-0.12,-0.065
4.842,-0.13,-0.06
4.844,-0.165,-0.06
4.846,-0.145,-0.065
4.848,-0.16,-0.08
4.85,-0.155,-0.09
4.852,-0.22,-0.1
4.854,-0.2,-0.11
4.856,-0.145,-0.105
4.858,-0.135,-0.1
4.86,-0.14,-0.085
4.862,-0.165,-0.07
4.864,-0.155,-0.06
4.866,-0.11,-0.05
4.868,-0.175,-0.05
4.87,-0.17,-0.055
4.872,-0.17,-0.06
4.874,-0.115,-0.07
4.876,-0.125,-0.075
4.878,-0.11,-0.08
4.88,-0.165,-0.075
4.882,-0.19,-0.065
4.884,-0.225,-0.05
4.886,-0.13,-0.025
4.888,-0.035,0.01
4.89,-0.015,0.05
4.892,0.08,0.105
4.894,0.14,0.17
4.896,0.215,0.24
4.898,0.275,0.32
4.9,0.33,0.405
4.902,0.395,0.48
4.904,0.49,0.535
4.906,0.515,0.565
4.908,0.535,0.56
4.91,0.455,0.52
4.912,0.415,0.44
4.914,0.28,0.335
4.916,0.125,0.205
4.918,-0.035,0.07
4.92,-0.215,-0.055
4.922,-0.36,-0.165
4.924,-0.405,-0.24
4.926,-0.355,-0.285
4.928,-0.365,-0.3
4.93,-0.38,-0.29
4.932,-0.31,-0.265
4.934,-0.26,-0.23
4.936,-0.25,-0.195
4.938,-0.27,-0.165
4.94,-0.2,-0.145
4.942,-0.2,-0.13
4.944,-0.21,-0.12
4.946,-0.18,-0.11
4.948,-0.145,-0.105
4.95,-0.095,-0.095
4.952,-0.125,-0.085
4.954,-0.215,-0.075
4.956,-0.16,-0.07
4.958,-0.16,-0.065
4.96,-0.165,-0.065
4.962,-0.17,-0.07
4.964,-0.14,-0.075
4.966,-0.125,-0.085
4.968,-0.185,-0.09
4.97,-0.175,-0.09
4.972,-0.155,-0.09
4.974,-0.175,-0.085
4.976,-0.13,-0.075
4.978,-0.11,-0.065
4.98,-0.14,-0.06
4.982,-0.11,-0.055
4.984,-0.115,-0.05
4.986,-0.15,-0.055
4.988,-0.145,-0.055
4.99,-0.13,-0.055
4.992,-0.125,-0.06
4.994,-0.115,-0.055
4.996,-0.09,-0.05
4.998,-0.08,-0.04
5.0,-0.115,-0.035
5.002,-0.15,-0.03
5.004,-0.11,-0.025
5.006,-0.13,-0.025
5.008,-0.12,-0.03
5.01,-0.105,-0.035
5.012,-0.135,-0.035
5.014,-0.145,-0.04
5.016,-0.095,-0.035
5.018,-0.08,-0.03
5.02,-0.03,-0.025
5.022,-0.065,-0.02
5.024,-0.155,-0.02
5.026,-0.115,-0.02
5.028,-0.13,-0.025
5.03,-0.145,-0.03
5.032,-0.13,-0.04
5.034,-0.09,-0.05
5.036,-0.135,-0.055
5.038,-0.13,-0.055
5.04,-0.105,-0.05
5.042,-0.07,-0.04
5.044,-0.08,-0.025
5.046,-0.08,-0.015
5.048,-0.07,0.0
5.05,-0.065,0.01
5.052,-0.055,0.015
5.054,-0.02,0.02
5.056,-0.015,0.025
5.058,-0.025,0.03
5.06,-0.095,0.03
5.062,-0.065,0.035
5.064,-0.02,0.04
5.066,-0.045,0.05
5.068,-0.045,0.055
5.07,-0.04,0.06
5.072,-0.02,0.07
5.074,-0.005,0.075
5.076,0.04,0.085
5.078,0.035,0.09
5.08,0.05,0.105
5.082,0.05,0.115
5.084,0.085,0.125
5.086,0.055,0.135
5.088,0.07,0.145
5.09,0.04,0.15
5.092,0.035,0.15
5.094,0.045,0.15
5.096,0.06,0.145
5.098,0.105,0.14
5.1,0.095,0.14
5.102,0.06,0.14
5.104,0.06,0.15
5.106,0.045,0.165
5.108,0.105,0.185
5.11,0.16,0.2
5.112,0.145,0.22
5.114,0.155,0.235
5.116,0.16,0.245
5.118,0.155,0.245
5.12,0.205,0.245
5.122,0.17,0.235
5.124,0.125,0.23
5.126,0.105,0.22
5.128,0.075,0.215
5.13,0.095,0.205
5.132,0.15,0.205
5.134,0.16,0.2
5.136,0.145,0.195
5.138,0.17,0.19
5.14,0.16,0.185
5.142,0.08,0.175
5.144,0.01,0.16
5.146,0.015,0.15
5.148,0.06,0.135
5.15,0.07,0.125
5.152,0.03,0.115
5.154,0.045,0.105
5.156,0.04,0.095
5.158,-0.005,0.09
5.16,0.0,0.08
5.162,0.025,0.07
5.164,-0.005,0.055
5.166,-0.08,0.045
5.168,-0.065,0.03
5.17,-0.09,0.01
5.172,-0.095,-0.005
5.174,-0.085,-0.015
5.176,-0.12,-0.03
5.178,-0.115,-0.035
5.18,-0.12,-0.04
5.182,-0.11,-0.04
5.184,-0.085,-0.035
5.186,-0.11,-0.03
5.188,-0.135,-0.025
5.19,-0.105,-0.02
5.192,-0.08,-0.02
5.194,-0.085,-0.02
5.196,-0.115,-0.025
5.198,-0.12,-0.03
5.2,-0.08,-0.04
5.202,-0.045,-0.05
5.204,-0.1,-0.06
5.206,-0.23,-0.065
5.208,-0.205,-0.065
5.21,-0.14,-0.06
5.212,-0.075,-0.05
5.214,-0.09,-0.04
5.216,-0.11,-0.03
5.218,-0.13,-0.02
5.22,-0.1,-0.015
5.222,-0.05,-0.015
5.224,-0.08,-0.015
5.226,-0.135,-0.02
5.228,-0.15,-0.03
5.23,-0.1,-0.035
5.232,-0.12,-0.045
5.234,-0.105,-0.045
5.236,-0.13,-0.05
5.238,-0.115,-0.05
5.24,-0.125,-0.045
5.242,-0.105,-0.04
5.244,-0.115,-0.035
5.246,-0.125,-0.03
5.248,-0.135,-0.03
5.25,-0.165,-0.03
5.252,-0.14,-0.03
5.254,-0.075,-0.03
5.256,-0.075,-0.03
5.258,-0.05,-0.035
5.26,-0.095,-0.035
5.262,-0.1,-0.04
5.264,-0.08,-0.045
5.266,-0.095,-0.045
5.268,-0.175,-0.045
5.27,-0.22,-0.05
5.272,-0.13,-0.05
5.274,-0.13,-0.045
5.276,-0.14,-0.045
5.278,-0.135,-0.045
5.28,-0.07,-0.04
5.282,-0.09,-0.04
5.284,-0.11,-0.035
5.286,-0.085,-0.035
5.288,-0.17,-0.035
5.29,-0.125,-0.035
5.292,-0.11,-0.035
5.294,-0.105,-0.035
5.296,-0.095,-0.035
5.298,-0.06,-0.035
5.3,-0.08,-0.03
5.302,-0.09,-0.02
5.304,-0.13,-0.01
5.306,-0.07,0.0
5.308,-0.065,0.01
5.31,-0.08,0.02
5.312,-0.025,0.025
5.314,-0.055,0.025
5.316,-0.04,0.025
5.318,-0.065,0.02
5.32,-0.075,0.015
5.322,-0.04,0.005
5.324,-0.015,0.0
5.326,-0.115,-0.005
5.328,-0.12,-0.005
5.33,-0.15,-0.005
5.332,-0.04,0.0
5.334,-0.005,0.005
5.336,-0.05,0.015
5.338,-0.035,0.02
5.34,-0.065,0.025
5.342,-0.035,0.03
5.344,-0.07,0.03
5.346,-0.05,0.03
5.348,-0.045,0.03
5.35,-0.085,0.025
5.352,0.005,0.025
5.354,-0.04,0.025
5.356,-0.02,0.02
5.358,-0.01,0.015
5.36,-0.09,0.01
5.362,-0.105,0.005
5.364,-0.14,-0.005
5.366,-0.12,-0.015
5.368,-0.125,-0.03
5.37,-0.105,-0.04
5.372,-0.095,-0.05
5.374,-0.07,-0.06
5.376,-0.135,-0.065
5.378,-0.14,-0.07
5.38,-0.115,-0.07
5.382,-0.155,-0.065
5.384,-0.205,-0.06
5.386,-0.215,-0.055
5.388,-0.08,-0.05
5.39,-0.085,-0.05
5.392,-0.1,-0.05
5.394,-0.15,-0.055
5.396,-0.155,-0.06
5.398,-0.125,-0.065
5.4,-0.17,-0.07
5.402,-0.21,-0.08
5.404,-0.165,-0.085
5.406,-0.16,-0.09
5.408,-0.18,-0.095
5.41,-0.155,-0.095
5.412,-0.125,-0.095
5.414,-0.16,-0.09
5.416,-0.165,-0.085
5.418,-0.205,-0.08
5.42,-0.16,-0.075
5.422,-0.195,-0.07
5.424,-0.115,-0.07
5.426,-0.145,-0.07
5.428,-0.15,-0.075
5.43,-0.165,-0.075
5.432,-0.14,-0.075
5.434,-0.17,-0.08
5.436,-0.18,-0.08
5.438,-0.13,-0.075
5.44,-0.14,-0.075
5.442,-0.145,-0.075
5.444,-0.17,-0.075
5.446,-0.19,-0.08
5.448,-0.19,-0.085
5.45,-0.195,-0.095
5.452,-0.175,-0.1
5.454,-0.13,-0.105
5.456,-0.17,-0.11
5.458,-0.18,-0.11
5.46,-0.175,-0.11
5.462,-0.185,-0.11
5.464,-0.22,-0.105
5.466,-0.175,-0.1
5.468,-0.14,-0.1
5.47,-0.18,-0.095
5.472,-0.115,-0.095
5.474,-0.19,-0.095
5.476,-0.165,-0.095
5.478,-0.145,-0.09
5.48,-0.21,-0.085
5.482,-0.145,-0.07
5.484,-0.11,-0.055
5.486,-0.07,-0.025
5.488,-0.04,0.015
5.49,0.005,0.06
5.492,0.055,0.12
5.494,0.145,0.195
5.496,0.245,0.275
5.498,0.28,0.355
5.5,0.335,0.435
5.502,0.455,0.5
5.504,0.54,0.545
5.506,0.58,0.56
5.508,0.52,0.54
5.51,0.38,0.48
5.512,0.325,0.39
5.514,0.18,0.27
5.516,0.02,0.135
5.518,-0.145,0.005
5.52,-0.245,-0.115
5.522,-0.35,-0.21
5.524,-0.385,-0.28
5.526,-0.375,-0.31
5.528,-0.345,-0.315
5.53,-0.33,-0.295
5.532,-0.275,-0.26
5.534,-0.295,-0.225
5.536,-0.32,-0.185
5.538,-0.235,-0.155
5.54,-0.185,-0.135
5.542,-0.19,-0.12
5.544,-0.22,-0.115
5.546,-0.18,-0.11
5.548,-0.155,-0.105
5.55,-0.16,-0.1
5.552,-0.12,-0.095
5.554,-0.115,-0.085
5.556,-0.17,-0.08
5.558,-0.14,-0.075
5.56,-0.175,-0.075
5.562,-0.17,-0.075
5.564,-0.19,-0.08
5.566,-0.175,-0.09
5.568,-0.14,-0.09
5.57,-0.115,-0.095
5.572,-0.075,-0.095
5.574,-0.12,-0.09
5.576,-0.155,-0.08
5.578,-0.18,-0.075
5.58,-0.16,-0.07
5.582,-0.14,-0.065
5.584,-0.14,-0.065
5.586,-0.175,-0.065
5.588,-0.155,-0.07
5.59,-0.11,-0.07
5.592,-0.09,-0.07
5.594,-0.125,-0.07
5.596,-0.09,-0.065
5.598,-0.1,-0.055
5.6,-0.16,-0.05
5.602,-0.13,-0.045
5.604,-0.12,-0.045
5.606,-0.145,-0.045
5.608,-0.19,-0.045
5.61,-0.11,-0.05
5.612,-0.09,-0.05
5.614,-0.075,-0.05
5.616,-0.11,-0.05
5.618,-0.09,-0.05
5.62,-0.085,-0.045
5.622,-0.155,-0.04
5.624,-0.155,-0.035
5.626,-0.165,-0.035
5.628,-0.085,-0.035
5.63,-0.055,-0.04
5.632,-0.09,-0.04
5.634,-0.115,-0.045
5.636,-0.115,-0.04
5.638,-0.095,-0.035
5.64,-0.15,-0.03
5.642,-0.07,-0.02
5.644,-0.07,-0.01
5.646,-0.07,0.0
5.648,-0.09,0.005
5.65,-0.07,0.005
5.652,-0.075,0.0
5.654,-0.065,0.0
5.656,-0.05,-0.005
5.658,-0.08,-0.005
5.66,-0.065,-0.005
5.662,-0.03,0.005
5.664,-0.035,0.015
5.666,-0.08,0.03
5.668,0.005,0.045
5.67,-0.015,0.06
5.672,-0.065,0.075
5.674,-0.015,0.085
5.676,0.04,0.09
5.678,0.045,0.095
5.68,0.07,0.1
5.682,0.09,0.105
5.684,0.06,0.11
5.686,0.045,0.115
5.688,0.03,0.12
5.69,0.04,0.125
5.692,0.065,0.13
5.694,0.07,0.135
5.696,0.05,0.14
5.698,0.065,0.145
5.7,0.065,0.15
5.702,0.09,0.155
5.704,0.09,0.165
5.706,0.11,0.18
5.708,0.165,0.195
5.71,0.18,0.21
5.712,0.155,0.22
5.714,0.11,0.23
5.716,0.145,0.23
5.718,0.19,0.23
5.72,0.14,0.22
5.722,0.155,0.205
5.724,0.09,0.19
5.726,0.12,0.18
5.728,0.105,0.17
5.73,0.11,0.17
5.732,0.12,0.17
5.734,0.12,0.175
5.736,0.11,0.185
5.738,0.13,0.19
5.74,0.115,0.19
5.742,0.085,0.185
5.744,0.085,0.175
5.746,0.07,0.16
5.748,0.065,0.14
5.75,0.04,0.115
5.752,-0.015,0.095
5.754,-0.025,0.07
5.756,-0.005,0.055
5.758,-0.015,0.045
5.76,-0.03,0.04
5.762,-0.085,0.04
5.764,-0.035,0.04
5.766,-0.03,0.04
5.768,-0.08,0.035
5.77,-0.03,0.03
5.772,-0.03,0.025
5.774,-0.07,0.01
5.776,-0.04,-0.005
5.778,-0.095,-0.015
5.78,-0.14,-0.03
5.782,-0.12,-0.04
5.784,-0.12,-0.04
5.786,-0.135,-0.04
5.788,-0.13,-0.04
5.79,-0.125,-0.035
5.792,-0.065,-0.025
5.794,-0.065,-0.025
5.796,-0.1,-0.025
5.798,-0.105,-0.025
5.8,-0.095,-0.03
5.802,-0.015,-0.035
5.804,-0.155,-0.045
5.806,-0.15,-0.05
5.808,-0.165,-0.05
5.81,-0.095,-0.055
5.812,-0.08,-0.05
5.814,-0.095,-0.045
5.816,-0.145,-0.04
5.818,-0.12,-0.04
5.82,-0.14,-0.035
5.822,-0.155,-0.035
5.824,-0.07,-0.035
5.826,-0.115,-0.04
5.828,-0.115,-0.045
5.83,-0.125,-0.05
5.832,-0.12,-0.055
5.834,-0.115,-0.06
5.836,-0.19,-0.065
5.838,-0.105,-0.07
5.84,-0.09,-0.07
5.842,-0.13,-0.07
5.844,-0.125,-0.07
5.846,-0.125,-0.065
5.848,-0.125,-0.06
5.85,-0.18,-0.055
5.852,-0.075,-0.05
5.854,-0.135,-0.045
5.856,-0.105,-0.045
5.858,-0.135,-0.045
5.86,-0.135,-0.045
5.862,-0.155,-0.05
5.864,-0.12,-0.055
5.866,-0.09,-0.06
5.868,-0.135,-0.065
5.87,-0.12,-0.065
5.872,-0.13,-0.065
5.874,-0.155,-0.065
5.876,-0.145,-0.06
5.878,-0.17,-0.055
5.88,-0.1,-0.05
5.882,-0.145,-0.045
5.884,-0.1,-0.04
5.886,-0.055,-0.035
5.888,-0.08,-0.025
5.89,-0.105,-0.025
5.892,-0.09,-0.02
5.894,-0.055,-0.02
5.896,-0.08,-0.02
5.898,-0.16,-0.025
5.9,-0.14,-0.035
5.902,-0.09,-0.04
5.904,-0.12,-0.045
5.906,-0.08,-0.05
5.908,-0.1,-0.05
5.91,-0.095,-0.045
5.912,-0.105,-0.04
5.914,-0.095,-0.035
5.916,-0.045,-0.025
5.918,-0.105,-0.02
5.92,-0.14,-0.02
5.922,-0.105,-0.025
5.924,-0.14,-0.03
5.926,-0.125,-0.035
5.928,-0.12,-0.04
5.93,-0.135,-0.045
5.932,-0.095,-0.045
5.934,-0.075,-0.04
5.936,-0.09,-0.03
5.938,-0.09,-0.02
5.94,-0.04,-0.01
5.942,-0.07,-0.005
5.944,-0.07,-0.005
5.946,-0.1,-0.01
5.948,-0.095,-0.015
5.95,-0.125,-0.02
5.952,-0.115,-0.02
5.954,-0.145,-0.02
5.956,-0.07,-0.015
5.958,-0.02,-0.005
5.96,-0.03,0.01
5.962,-0.025,0.025
5.964,-0.07,0.035
5.966,-0.01,0.045
5.968,0.03,0.05
5.97,-0.01,0.05
5.972,-0.11,0.04
5.974,-0.065,0.03
5.976,-0.04,0.015
5.978,-0.045,0.005
5.98,-0.065,-0.005
5.982,-0.05,-0.01
5.984,-0.05,-0.01
5.986,-0.095,-0.01
5.988,-0.07,-0.01
5.99,-0.13,-0.015
5.992,-0.08,-0.02
5.994,-0.085,-0.03
5.996,-0.17,-0.04
5.998,-0.14,-0.055
6.0,-0.13,-0.065
6.002,-0.125,-0.07
6.004,-0.15,-0.07
6.006,-0.145,-0.07
6.008,-0.11,-0.065
6.01,-0.13,-0.06
6.012,-0.145,-0.06
6.014,-0.16,-0.06
6.016,-0.2,-0.07
6.018,-0.14,-0.075
6.02,-0.125,-0.085
6.022,-0.185,-0.095
6.024,-0.205,-0.095
6.026,-0.17,-0.095
6.028,-0.11,-0.09
6.03,-0.12,-0.08
6.032,-0.135,-0.065
6.034,-0.215,-0.06
6.036,-0.14,-0.055
6.038,-0.07,-0.055
6.04,-0.085,-0.065
6.042,-0.2,-0.075
6.044,-0.195,-0.09
6.046,-0.15,-0.1
6.048,-0.18,-0.105
6.05,-0.185,-0.105
6.052,-0.235,-0.1
6.054,-0.14,-0.09
6.056,-0.15,-0.08
6.058,-0.135,-0.075
6.06,-0.14,-0.07
6.062,-0.135,-0.07
6.064,-0.145,-0.07
6.066,-0.14,-0.075
6.068,-0.185,-0.085
6.07,-0.165,-0.085
6.072,-0.18,-0.09
6.074,-0.145,-0.09
6.076,-0.085,-0.09
6.078,-0.145,-0.09
6.08,-0.18,-0.09
6.082,-0.18,-0.095
6.084,-0.185,-0.1
6.086,-0.17,-0.105
6.088,-0.21,-0.115
6.09,-0.235,-0.12
6.092,-0.195,-0.12
6.094,-0.155,-0.12
6.096,-0.15,-0.115
6.098,-0.115,-0.105
6.1,-0.165,-0.1
6.102,-0.175,-0.09
6.104,-0.215,-0.085
6.106,-0.165,-0.08
6.108,-0.16,-0.075
6.11,-0.13,-0.07
6.112,-0.075,-0.065
6.114,-0.125,-0.055
6.116,-0.1,-0.035
6.118,-0.045,-0.005
6.12,-0.035,0.04
6.122,0.02,0.095
6.124,0.105,0.16
6.126,0.175,0.235
6.128,0.26,0.31
6.13,0.38,0.385
6.132,0.405,0.45
6.134,0.4,0.5
6.136,0.505,0.52
6.138,0.535,0.515
6.14,0.41,0.48
6.142,0.38,0.415
6.144,0.225,0.32
6.146,0.045,0.205
6.148,0.01,0.085
6.15,-0.095,-0.03
6.152,-0.195,-0.135
6.154,-0.405,-0.215
6.156,-0.415,-0.27
6.158,-0.37,-0.295
6.16,-0.315,-0.295
6.162,-0.27,-0.275
6.164,-0.29,-0.25
6.166,-0.28,-0.215
6.168,-0.27,-0.185
6.17,-0.2,-0.16
6.172,-0.245,-0.14
6.174,-0.195,-0.13
6.176,-0.225,-0.12
6.178,-0.23,-0.105
6.18,-0.08,-0.09
6.182,-0.11,-0.075
6.184,-0.14,-0.055
6.186,-0.16,-0.04
6.188,-0.12,-0.03
6.19,-0.115,-0.03
6.192,-0.115,-0.035
6.194,-0.11,-0.055
6.196,-0.065,-0.075
6.198,-0.215,-0.095
6.2,-0.195,-0.11
6.202,-0.175,-0.12
6.204,-0.155,-0.115
6.206,-0.165,-0.105
6.208,-0.165,-0.085
6.21,-0.105,-0.065
6.212,-0.095,-0.05
6.214,-0.09,-0.04
6.216,-0.055,-0.035
6.218,-0.065,-0.04
6.22,-0.195,-0.055
6.222,-0.205,-0.07
6.224,-0.125,-0.085
6.226,-0.12,-0.09
6.228,-0.115,-0.09
6.23,-0.07,-0.085
6.232,-0.155,-0.07
6.234,-0.135,-0.055
6.236,-0.125,-0.04
6.238,-0.135,-0.03
6.24,-0.07,-0.025
6.242,-0.09,-0.03
6.244,-0.125,-0.03
6.246,-0.135,-0.04
6.248,-0.14,-0.045
6.25,-0.13,-0.045
6.252,-0.11,-0.045
6.254,-0.095,-0.04
6.256,-0.025,-0.03
6.258,-0.035,-0.025
6.26,-0.055,-0.02
6.262,-0.16,-0.015
6.264,-0.155,-0.02
6.266,-0.11,-0.025
6.268,-0.065,-0.03
6.27,-0.02,-0.035
6.272,-0.085,-0.04
6.274,-0.07,-0.035
6.276,-0.08,-0.025
6.278,-0.1,-0.015
6.28,-0.04,0.005
6.282,-0.035,0.02
6.284,-0.075,0.035
6.286,0.0,0.05
6.288,0.025,0.055
6.29,-0.025,0.055
6.292,-0.005,0.055
6.294,-0.015,0.045
6.296,-0.035,0.04
6.298,-0.065,0.035
6.3,-0.04,0.035
6.302,-0.02,0.04
6.304,-0.025,0.05
6.306,-0.005,0.06
6.308,0.005,0.08
6.31,0.045,0.095
6.312,0.08,0.11
6.314,0.075,0.125
6.316,0.095,0.14
6.318,0.085,0.145
6.32,0.1,0.155
6.322,0.08,0.16
6.324,0.095,0.165
6.326,0.07,0.165
6.328,0.085,0.17
6.33,0.15,0.175
6.332,0.135,0.18
6.334,0.15,0.185
6.336,0.165,0.185
6.338,0.095,0.19
6.34,0.11,0.195
6.342,0.13,0.2
6.344,0.105,0.205
6.346,0.15,0.21
6.348,0.22,0.215
6.35,0.15,0.22
6.352,0.15,0.225
6.354,0.105,0.23
6.356,0.165,0.235
6.358,0.15,0.24
6.36,0.15,0.24
6.362,0.18,0.235
6.364,0.18,0.225
6.366,0.13,0.215
6.368,0.155,0.205
6.37,0.165,0.19
6.372,0.115,0.18
6.374,0.115,0.17
6.376,0.08,0.16
6.378,0.075,0.155
6.38,0.065,0.15
6.382,0.055,0.145
6.384,0.035,0.14
6.386,0.02,0.125
6.388,0.03,0.11
6.39,0.025,0.095
6.392,0.025,0.075
6.394,-0.05,0.055
6.396,-0.055,0.035
6.398,-0.04,0.02
6.4,-0.045,0.01
6.402,-0.075,0.005
6.404,-0.07,0.005
6.406,-0.08,0.0
6.408,-0.08,0.0
6.41,-0.08,0.0
6.412,-0.115,-0.005
6.414,-0.135,-0.01
6.416,-0.06,-0.015
6.418,-0.06,-0.02
6.42,-0.08,-0.025
6.422,-0.115,-0.025
6.424,-0.095,-0.03
6.426,-0.12,-0.03
6.428,-0.1,-0.03
6.43,-0.04,-0.03
6.432,-0.1,-0.035
6.434,-0.125,-0.035
6.436,-0.12,-0.045
6.438,-0.12,-0.05
6.44,-0.07,-0.055
6.442,-0.12,-0.06
6.444,-0.11,-0.06
6.446,-0.14,-0.06
6.448,-0.15,-0.06
6.45,-0.115,-0.055
6.452,-0.07,-0.05
6.454,-0.115,-0.045
6.456,-0.12,-0.04
6.458,-0.115,-0.04
6.46,-0.09,-0.04
6.462,-0.1,-0.045
6.464,-0.09,-0.045
6.466,-0.155,-0.05
6.468,-0.105,-0.05
6.47,-0.1,-0.05
6.472,-0.085,-0.05
6.474,-0.095,-0.05
6.476,-0.1,-0.045
6.478,-0.125,-0.045
6.48,-0.15,-0.045
6.482,-0.155,-0.045
6.484,-0.1,-0.045
6.486,-0.095,-0.045
6.488,-0.065,-0.045
6.49,-0.1,-0.04
6.492,-0.11,-0.04
6.494,-0.13,-0.035
6.496,-0.16,-0.035
6.498,-0.13,-0.035
6.5,-0.09,-0.035
6.502,-0.09,-0.035
6.504,-0.065,-0.04
6.506,-0.1,-0.04
6.508,-0.105,-0.045
6.51,-0.09,-0.04
6.512,-0.12,-0.035
6.514,-0.115,-0.025
6.516,-0.125,-0.02
6.518,-0.07,-0.01
6.52,-0.09,-0.005
6.522,-0.075,-0.005
6.524,-0.07,-0.01
6.526,-0.075,-0.015
6.528,-0.145,-0.03
6.53,-0.09,-0.04
6.532,-0.125,-0.05
6.534,-0.12,-0.055
6.536,-0.1,-0.06
6.538,-0.12,-0.055
6.54,-0.105,-0.045
6.542,-0.085,-0.04
6.544,-0.095,-0.03
6.546,-0.085,-0.025
6.548,-0.045,-0.025
6.55,-0.09,-0.03
6.552,-0.175,-0.04
6.554,-0.14,-0.045
6.556,-0.145,-0.05
6.558,-0.075,-0.055
6.56,-0.125,-0.05
6.562,-0.105,-0.045
6.564,-0.05,-0.04
6.566,-0.1,-0.03
6.568,-0.055,-0.025
6.57,-0.1,-0.025
6.572,-0.135,-0.025
6.574,-0.145,-0.03
6.576,-0.15,-0.04
6.578,-0.06,-0.045
6.58,-0.13,-0.045
6.582,-0.095,-0.045
6.584,-0.09,-0.04
6.586,-0.055,-0.035
6.588,-0.085,-0.025
6.59,-0.09,-0.015
6.592,-0.075,-0.01
6.594,-0.095,-0.005
6.596,-0.085,-0.005
6.598,-0.075,-0.01
6.6,-0.035,-0.015
6.602,-0.1,-0.02
6.604,-0.08,-0.025
6.606,-0.075,-0.025
6.608,-0.085,-0.025
6.61,-0.065,-0.02
6.612,-0.055,-0.015
6.614,-0.06,-0.005
6.616,-0.105,0.0
6.618,-0.04,0.01
6.62,-0.015,0.02
6.622,-0.04,0.03
6.624,-0.085,0.04
6.626,-0.01,0.045
6.628,0.025,0.05
6.63,-0.005,0.05
6.632,0.025,0.05
6.634,-0.04,0.045
6.636,-0.075,0.04
6.638,-0.025,0.035
6.64,-0.055,0.035
6.642,-0.05,0.03
6.644,-0.045,0.03
6.646,-0.035,0.03
6.648,-0.035,0.03
6.65,-0.06,0.02
6.652,-0.08,0.01
6.654,-0.085,-0.01
6.656,-0.05,-0.03
6.658,-0.175,-0.055
6.66,-0.155,-0.075
6.662,-0.125,-0.09
6.664,-0.14,-0.095
6.666,-0.12,-0.095
6.668,-0.135,-0.09
6.67,-0.155,-0.08
6.672,-0.095,-0.065
6.674,-0.09,-0.055
6.676,-0.135,-0.05
6.678,-0.135,-0.05
6.68,-0.13,-0.055
6.682,-0.15,-0.065
6.684,-0.18,-0.08
6.686,-0.16,-0.085
6.688,-0.145,-0.095
6.69,-0.14,-0.095
6.692,-0.1,-0.095
6.694,-0.17,-0.09
6.696,-0.145,-0.085
6.698,-0.16,-0.085
6.7,-0.145,-0.085
6.702,-0.19,-0.085
6.704,-0.16,-0.09
6.706,-0.18,-0.095
6.708,-0.175,-0.095
6.71,-0.15,-0.09
6.712,-0.12,-0.085
6.714,-0.1,-0.075
6.716,-0.115,-0.06
6.718,-0.06,-0.05
6.72,-0.125,-0.045
6.722,-0.16,-0.045
6.724,-0.155,-0.05
6.726,-0.14,-0.06
6.728,-0.135,-0.07
6.73,-0.155,-0.085
6.732,-0.12,-0.095
6.734,-0.135,-0.1
6.736,-0.18,-0.1
6.738,-0.18,-0.1
6.74,-0.18,-0.095
6.742,-0.125,-0.09
6.744,-0.15,-0.08
6.746,-0.11,-0.075
6.748,-0.155,-0.07
6.75,-0.155,-0.065
6.752,-0.14,-0.065
6.754,-0.11,-0.06
6.756,-0.105,-0.06
6.758,-0.115,-0.06
6.76,-0.15,-0.065
6.762,-0.18,-0.065
6.764,-0.19,-0.07
6.766,-0.145,-0.075
6.768,-0.16,-0.075
6.77,-0.14,-0.08
6.772,-0.13,-0.085
6.774,-0.185,-0.08
6.776,-0.105,-0.075
6.778,-0.105,-0.065
6.78,-0.15,-0.05
6.782,-0.11,-0.03
6.784,-0.045,0.0
6.786,-0.04,0.04
6.788,0.035,0.09
6.79,0.12,0.15
6.792,0.19,0.22
6.794,0.26,0.3
6.796,0.37,0.385
6.798,0.43,0.46
6.8,0.465,0.525
6.802,0.505,0.565
6.804,0.53,0.575
6.806,0.515,0.55
6.808,0.47,0.49
6.81,0.38,0.4
6.812,0.205,0.285
6.814,0.055,0.155
6.816,-0.08,0.03
6.818,-0.225,-0.085
6.82,-0.36,-0.175
6.822,-0.36,-0.24
6.824,-0.325,-0.275
6.826,-0.275,-0.285
6.828,-0.295,-0.27
6.83,-0.28,-0.245
6.832,-0.25,-0.215
6.834,-0.25,-0.185
6.836,-0.25,-0.155
6.838,-0.19,-0.135
6.84,-0.175,-0.125
6.842,-0.195,-0.115
6.844,-0.15,-0.105
6.846,-0.16,-0.1
6.848,-0.115,-0.095
6.85,-0.155,-0.085
6.852,-0.15,-0.075
6.854,-0.125,-0.065
6.856,-0.165,-0.055
6.858,-0.095,-0.045
6.86,-0.1,-0.045
6.862,-0.055,-0.045
6.864,-0.1,-0.045
6.866,-0.095,-0.055
6.868,-0.185,-0.06
6.87,-0.19,-0.07
6.872,-0.155,-0.075
6.874,-0.145,-0.075
6.876,-0.11,-0.075
6.878,-0.09,-0.065
6.88,-0.075,-0.055
6.882,-0.065,-0.045
6.884,-0.09,-0.03
6.886,-0.065,-0.02
6.888,-0.11,-0.02
6.89,-0.165,-0.02
6.892,-0.12,-0.025
6.894,-0.08,-0.035
6.896,-0.1,-0.04
6.898,-0.095,-0.05
6.9,-0.125,-0.055
6.902,-0.11,-0.055
6.904,-0.06,-0.05
6.906,-0.115,-0.045
6.908,-0.12,-0.035
6.91,-0.115,-0.03
6.912,-0.065,-0.03
6.914,-0.025,-0.025
6.916,-0.11,-0.025
6.918,-0.115,-0.025
6.92,-0.1,-0.025
6.922,-0.08,-0.025
6.924,-0.04,-0.02
6.926,-0.04,-0.01
6.928,-0.065,0.0
6.93,-0.075,0.005
6.932,-0.025,0.01
6.934,-0.03,0.01
6.936,-0.07,0.01
6.938,-0.135,0.005
6.94,-0.095,0.0
6.942,-0.055,-0.005
6.944,-0.05,-0.01
6.946,-0.055,-0.01
6.948,-0.11,0.0
6.95,-0.03,0.005
6.952,-0.045,0.02
6.954,-0.045,0.03
6.956,-0.015,0.045
6.958,-0.025,0.055
6.96,0.015,0.065
6.962,0.015,0.07
6.964,0.03,0.075
6.966,0.02,0.08
6.968,0.01,0.085
6.97,0.035,0.085
6.972,0.055,0.09
6.974,0.025,0.095
6.976,0.04,0.1
6.978,0.055,0.1
6.98,0.055,0.105
6.982,0.045,0.11
6.984,0.05,0.115
6.986,0.085,0.12
6.988,0.06,0.125
6.99,0.065,0.135
6.992,0.055,0.145
6.994,0.09,0.155
6.996,0.135,0.17
6.998,0.16,0.18
7.0,0.125,0.19
7.002,0.16,0.2
7.004,0.14,0.21
7.006,0.12,0.22
7.008,0.115,0.225
7.01,0.19,0.235
7.012,0.215,0.24
7.014,0.2,0.24
7.016,0.18,0.24
7.018,0.185,0.24
7.02,0.195,0.24
7.022,0.165,0.235
7.024,0.175,0.23
7.026,0.155,0.225
7.028,0.155,0.22
7.03,0.13,0.215
7.032,0.09,0.21
7.034,0.125,0.205
7.036,0.22,0.2
7.038,0.155,0.2
7.04,0.135,0.195
7.042,0.115,0.19
7.044,0.095,0.18
7.046,0.05,0.17
7.048,0.085,0.155
7.05,0.105,0.14
7.052,0.085,0.12
7.054,0.05,0.095
7.056,0.05,0.075
7.058,-0.04,0.06
7.06,-0.04,0.04
7.062,-0.035,0.03
7.064,-0.015,0.02
7.066,-0.045,0.015
7.068,-0.05,0.015
7.07,-0.02,0.01
7.072,-0.06,0.01
7.074,-0.04,0.005
7.076,-0.055,0.0
7.078,-0.115,0.0
7.08,-0.06,-0.005
7.082,-0.135,-0.005
7.084,-0.06,-0.005
7.086,-0.05,-0.005
7.088,-0.065,0.0
7.09,-0.04,0.005
7.092,-0.04,0.005
7.094,-0.075,0.01
7.096,-0.09,0.005
7.098,-0.07,0.005
7.1,-0.095,-0.005
7.102,-0.1,-0.01
7.104,-0.075,-0.02
7.106,-0.07,-0.03
7.108,-0.07,-0.04
7.11,-0.165,-0.045
7.112,-0.125,-0.05
7.114,-0.07,-0.05
7.116,-0.135,-0.05
7.118,-0.1,-0.05
7.12,-0.115,-0.05
7.122,-0.125,-0.045
7.124,-0.11,-0.04
7.126,-0.135,-0.035
7.128,-0.085,-0.03
7.13,-0.075,-0.03
7.132,-0.075,-0.03
7.134,-0.125,-0.025
7.136,-0.11,-0.03
7.138,-0.105,-0.03
7.14,-0.095,-0.03
7.142,-0.09,-0.035
7.144,-0.08,-0.035
7.146,-0.035,-0.03
7.148,-0.085,-0.03
7.15,-0.105,-0.025
7.152,-0.115,-0.02
7.154,-0.09,-0.015
7.156,-0.095,-0.01
7.158,-0.06,-0.01
7.16,-0.025,-0.01
7.162,-0.01,-0.015
7.164,-0.125,-0.02
7.166,-0.095,-0.025
7.168,-0.125,-0.03
7.17,-0.1,-0.035
7.172,-0.065,-0.035
7.174,-0.115,-0.04
7.176,-0.12,-0.045
7.178,-0.14,-0.045
7.18,-0.095,-0.045
7.182,-0.12,-0.05
7.184,-0.13,-0.045
7.186,-0.115,-0.045
7.188,-0.09,-0.04
7.19,-0.08,-0.035
7.192,-0.055,-0.025
7.194,-0.07,-0.02
7.196,-0.07,-0.015
7.198,-0.07,-0.015
7.2,-0.095,-0.02
7.202,-0.115,-0.025
7.204,-0.115,-0.035
7.206,-0.105,-0.045
7.208,-0.145,-0.05
7.21,-0.1,-0.055
7.212,-0.07,-0.055
7.214,-0.115,-0.045
7.216,-0.09,-0.035
7.218,-0.07,-0.025
7.22,-0.035,-0.01
7.222,-0.05,0.0
7.224,-0.02,0.005
7.226,-0.085,0.005
7.228,-0.145,0.0
7.23,-0.085,-0.005
7.232,-0.05,-0.015
7.234,-0.08,-0.025
7.236,-0.07,-0.035
7.238,-0.105,-0.045
7.24,-0.14,-0.045
7.242,-0.12,-0.045
7.244,-0.105,-0.045
7.246,-0.095,-0.045
7.248,-0.11,-0.045
7.25,-0.105,-0.045
7.252,-0.085,-0.045
7.254,-0.1,-0.045
7.256,-0.16,-0.045
7.258,-0.11,-0.045
7.26,-0.085,-0.045
7.262,-0.115,-0.045
7.264,-0.09,-0.045
7.266,-0.105,-0.045
7.268,-0.13,-0.045
7.27,-0.1,-0.045
7.272,-0.11,-0.045
7.274,-0.105,-0.05
7.276,-0.115,-0.05
7.278,-0.135,-0.05
7.28,-0.125,-0.05
7.282,-0.16,-0.055
7.284,-0.085,-0.055
7.286,-0.08,-0.055
7.288,-0.12,-0.05
7.29,-0.1,-0.05
7.292,-0.125,-0.045
7.294,-0.12,-0.04
7.296,-0.095,-0.03
7.298,-0.01,-0.025
7.3,-0.06,-0.02
7.302,-0.1,-0.015
7.304,-0.125,-0.015
7.306,-0.06,-0.015
7.308,-0.115,-0.025
7.31,-0.105,-0.035
7.312,-0.095,-0.045
7.314,-0.115,-0.055
7.316,-0.095,-0.06
7.318,-0.13,-0.065
7.32,-0.125,-0.06
7.322,-0.12,-0.05
7.324,-0.055,-0.04
7.326,-0.05,-0.025
7.328,-0.095,-0.015
7.33,-0.04,0.0
7.332,-0.025,0.005
7.334,-0.015,0.01
7.336,-0.09,0.015
7.338,-0.07,0.015
7.34,-0.02,0.01
7.342,-0.015,0.01
7.344,-0.025,0.01
7.346,-0.03,0.01
7.348,-0.055,0.01
7.35,-0.045,0.01
7.352,-0.09,0.01
7.354,-0.06,0.01
7.356,-0.035,0.01
7.358,-0.055,0.01
7.36,-0.04,0.01
7.362,-0.055,0.01
7.364,0.0,0.015
7.366,0.01,0.015
7.368,0.025,0.015
7.37,-0.08,0.01
7.372,-0.135,0.005
7.374,-0.16,-0.005
7.376,-0.095,-0.015
7.378,-0.06,-0.025
7.38,-0.03,-0.035
7.382,-0.095,-0.045
7.384,-0.125,-0.045
7.386,-0.08,-0.05
7.388,-0.11,-0.05
7.39,-0.165,-0.05
7.392,-0.125,-0.05
7.394,-0.165,-0.055
7.396,-0.145,-0.065
7.398,-0.135,-0.075
7.4,-0.155,-0.085
7.402,-0.14,-0.095
7.404,-0.095,-0.105
7.406,-0.165,-0.105
7.408,-0.165,-0.11
7.41,-0.14,-0.105
7.412,-0.155,-0.1
7.414,-0.15,-0.095
7.416,-0.15,-0.09
7.418,-0.11,-0.09
7.42,-0.075,-0.085
7.422,-0.14,-0.085
7.424,-0.19,-0.08
7.426,-0.215,-0.08
7.428,-0.14,-0.075
7.43,-0.155,-0.07
7.432,-0.11,-0.065
7.434,-0.095,-0.06
7.436,-0.11,-0.055
7.438,-0.115,-0.055
7.44,-0.13,-0.055
7.442,-0.15,-0.06
7.444,-0.15,-0.065
7.446,-0.1,-0.075
7.448,-0.12,-0.08
7.45,-0.15,-0.085
7.452,-0.19,-0.09
7.454,-0.165,-0.09
7.456,-0.165,-0.09
7.458,-0.15,-0.09
7.46,-0.095,-0.09
7.462,-0.085,-0.085
7.464,-0.13,-0.085
7.466,-0.145,-0.08
7.468,-0.14,-0.08
7.47,-0.155,-0.075
7.472,-0.115,-0.075
7.474,-0.115,-0.075
7.476,-0.125,-0.075
7.478,-0.175,-0.075
7.48,-0.195,-0.085
7.482,-0.11,-0.09
7.484,-0.16,-0.1
7.486,-0.215,-0.105
7.488,-0.145,-0.11
7.49,-0.12,-0.11
7.492,-0.1,-0.105
7.494,-0.17,-0.09
7.496,-0.155,-0.075
7.498,-0.11,-0.055
7.5,-0.05,-0.035
7.502,-0.055,-0.01
7.504,-0.06,0.01
7.506,-0.015,0.04
7.508,-0.005,0.07
7.51,0.06,0.11
7.512,0.15,0.165
7.514,0.205,0.23
7.516,0.275,0.305
7.518,0.36,0.385
7.52,0.425,0.46
7.522,0.44,0.52
7.524,0.575,0.56
7.526,0.615,0.565
7.528,0.48,0.535
7.53,0.415,0.465
7.532,0.305,0.365
7.534,0.14,0.245
7.536,0.035,0.11
7.538,-0.1,-0.02
7.54,-0.255,-0.13
7.542,-0.365,-0.22
7.544,-0.35,-0.28
7.546,-0.33,-0.305
7.548,-0.325,-0.305
7.55,-0.315,-0.285
7.552,-0.3,-0.25
7.554,-0.25,-0.21
7.556,-0.22,-0.165
7.558,-0.17,-0.135
7.56,-0.195,-0.105
7.562,-0.15,-0.09
7.564,-0.15,-0.08
7.566,-0.06,-0.08
7.568,-0.125,-0.08
7.57,-0.175,-0.08
7.572,-0.165,-0.08
7.574,-0.17,-0.08
7.576,-0.105,-0.075
7.578,-0.13,-0.07
7.58,-0.07,-0.06
7.582,-0.035,-0.055
7.584,-0.17,-0.05
7.586,-0.11,-0.045
7.588,-0.08,-0.045
7.59,-0.07,-0.05
7.592,-0.085,-0.05
7.594,-0.08,-0.055
7.596,-0.155,-0.06
7.598,-0.135,-0.065
7.6,-0.18,-0.065
7.602,-0.11,-0.07
7.604,-0.08,-0.07
7.606,-0.1,-0.065
7.608,-0.125,-0.065
7.61,-0.13,-0.065
7.612,-0.105,-0.06
7.614,-0.085,-0.06
7.616,-0.115,-0.055
7.618,-0.105,-0.05
7.62,-0.065,-0.045
7.622,-0.13,-0.035
7.624,-0.075,-0.025
7.626,-0.05,-0.015
7.628,-0.025,-0.01
7.63,-0.04,0.0
7.632,-0.065,0.0
7.634,-0.06,0.0
7.636,-0.095,-0.005
7.638,-0.1,-0.01
7.64,-0.075,-0.02
7.642,-0.085,-0.025
7.644,-0.08,-0.03
7.646,-0.095,-0.035
7.648,-0.145,-0.03
7.65,-0.065,-0.025
7.652,-0.055,-0.02
7.654,-0.025,-0.015
7.656,-0.045,-0.01
7.658,-0.045,-0.01
7.66,-0.03,-0.01
7.662,-0.09,-0.015
7.664,-0.07,-0.02
7.666,-0.05,-0.025
7.668,-0.14,-0.025
7.67,-0.095,-0.02
7.672,-0.04,-0.01
7.674,-0.085,0.0
7.676,0.005,0.01
7.678,0.04,0.025
7.68,0.035,0.035
7.682,-0.02,0.04
7.684,-0.025,0.045
7.686,-0.005,0.05
7.688,-0.075,0.05
7.69,0.02,0.055
7.692,0.055,0.065
7.694,0.01,0.08
7.696,-0.01,0.09
7.698,0.08,0.11
7.7,0.145,0.12
7.702,0.105,0.135
7.704,0.065,0.145
7.706,0.06,0.15
7.708,0.08,0.155
7.71,0.07,0.155
7.712,0.17,0.16
7.714,0.095,0.16
7.716,0.155,0.165
7.718,0.12,0.175
7.72,0.135,0.18
7.722,0.125,0.19
7.724,0.13,0.2
7.726,0.145,0.205
7.728,0.16,0.21
7.73,0.16,0.21
7.732,0.195,0.21
7.734,0.15,0.21
7.736,0.12,0.205
7.738,0.115,0.205
7.74,0.155,0.2
7.742,0.22,0.2
7.744,0.155,0.2
7.746,0.18,0.205
7.748,0.185,0.205
7.75,0.18,0.21
7.752,0.14,0.215
7.754,0.145,0.215
7.756,0.14,0.22
7.758,0.205,0.22
7.76,0.19,0.22
7.762,0.17,0.215
7.764,0.12,0.205
7.766,0.125,0.195
7.768,0.115,0.18
7.77,0.08,0.16
7.772,0.115,0.145
7.774,0.065,0.13
7.776,0.05,0.11
7.778,0.025,0.095
7.78,0.045,0.08
7.782,0.015,0.065
7.784,-0.045,0.05
7.786,-0.02,0.04
7.788,0.0,0.03
7.79,-0.02,0.02
7.792,-0.015,0.015
7.794,-0.055,0.01
7.796,-0.005,0.005
7.798,-0.05,0.005
7.8,-0.065,0.0
7.802,-0.08,0.0
7.804,-0.11,0.0
7.806,-0.06,-0.005
7.808,-0.05,-0.01
7.81,-0.05,-0.015
7.812,-0.08,-0.02
7.814,-0.105,-0.025
7.816,-0.085,-0.03
7.818,-0.09,-0.035
7.82,-0.115,-0.035
7.822,-0.085,-0.035
7.824,-0.075,-0.035
7.826,-0.095,-0.03
7.828,-0.13,-0.025
7.83,-0.075,-0.025
7.832,-0.035,-0.02
7.834,-0.09,-0.02
7.836,-0.01,-0.025
7.838,-0.05,-0.025
7.84,-0.06,-0.03
7.842,-0.125,-0.035
7.844,-0.12,-0.04
7.846,-0.1,-0.04
7.848,-0.115,-0.045
7.85,-0.08,-0.05
7.852,-0.08,-0.05
7.854,-0.06,-0.055
7.856,-0.1,-0.055
7.858,-0.145,-0.055
7.86,-0.115,-0.055
7.862,-0.11,-0.055
7.864,-0.09,-0.05
7.866,-0.09,-0.045
7.868,-0.07,-0.04
7.87,-0.075,-0.04
7.872,-0.08,-0.035
7.874,-0.025,-0.04
7.876,-0.105,-0.045
7.878,-0.14,-0.05
7.88,-0.13,-0.055
7.882,-0.155,-0.06
7.884,-0.125,-0.065
7.886,-0.09,-0.065
7.888,-0.055,-0.06
7.89,-0.045,-0.05
7.892,-0.055,-0.04
7.894,-0.06,-0.03
7.896,-0.07,-0.02
7.898,-0.095,-0.01
7.9,-0.08,-0.01
7.902,-0.02,-0.01
7.904,-0.105,-0.02
7.906,-0.115,-0.025
7.908,-0.07,-0.035
7.91,-0.04,-0.04
7.912,-0.03,-0.045
7.914,-0.075,-0.045
7.916,-0.08,-0.04
7.918,-0.09,-0.035
7.92,-0.075,-0.03
7.922,-0.07,-0.03
7.924,-0.095,-0.03
7.926,-0.1,-0.03
7.928,-0.08,-0.035
7.93,-0.1,-0.04
7.932,-0.125,-0.045
7.934,-0.105,-0.045
7.936,-0.035,-0.045
7.938,-0.105,-0.045
7.94,-0.055,-0.04
7.942,-0.055,-0.035
7.944,-0.09,-0.035
7.946,-0.075,-0.035
7.948,-0.105,-0.035
7.95,-0.1,-0.04
7.952,-0.075,-0.045
7.954,-0.115,-0.05
7.956,-0.115,-0.055
7.958,-0.095,-0.055
7.96,-0.09,-0.06
7.962,-0.04,-0.055
7.964,-0.07,-0.055
7.966,-0.14,-0.055
7.968,-0.13,-0.05
7.97,-0.13,-0.05
7.972,-0.08,-0.05
7.974,-0.09,-0.055
7.976,-0.075,-0.055
7.978,-0.085,-0.055
7.98,-0.125,-0.055
7.982,-0.095,-0.05
7.984,-0.1,-0.05
7.986,-0.075,-0.045
7.988,-0.09,-0.045
7.99,-0.095,-0.05
7.992,-0.1,-0.055
7.994,-0.16,-0.065
7.996,-0.13,-0.08
7.998,-0.135,-0.095
8.0,-0.115,-0.105
8.002,-0.16,-0.11
8.004,-0.125,-0.11
8.006,-0.225,-0.1
8.008,-0.14,-0.085
8.01,-0.1,-0.07
8.012,-0.06,-0.05
8.014,-0.04,-0.03
8.016,0.005,-0.015
8.018,-0.01,-0.01
8.02,-0.1,-0.005
8.022,-0.085,-0.01
8.024,-0.1,-0.02
8.026,-0.115,-0.025
8.028,-0.145,-0.035
8.03,-0.1,-0.04
8.032,-0.085,-0.04
8.034,-0.02,-0.04
8.036,-0.04,-0.04
8.038,-0.07,-0.035
8.04,-0.08,-0.035
8.042,-0.075,-0.035
8.044,-0.065,-0.04
8.046,-0.125,-0.045
8.048,-0.175,-0.05
8.05,-0.16,-0.05
8.052,-0.04,-0.05
8.054,0.005,-0.045
8.056,-0.035,-0.04
8.058,-0.115,-0.035
8.06,-0.075,-0.025
8.062,-0.035,-0.02
8.064,-0.135,-0.01
8.066,-0.07,-0.005
8.068,-0.01,-0.005
8.07,-0.055,0.0
8.072,-0.085,0.005
8.074,0.005,0.01
8.076,-0.01,0.015
8.078,-0.015,0.02
8.08,0.0,0.025
8.082,-0.01,0.03
8.084,-0.045,0.035
8.086,-0.08,0.035
8.088,-0.05,0.03
8.09,0.02,0.025
8.092,-0.01,0.02
8.094,-0.015,0.01
8.096,-0.055,0.005
8.098,-0.03,-0.005
8.1,-0.065,-0.01
8.102,-0.135,-0.02
8.104,-0.09,-0.025
8.106,-0.03,-0.03
8.108,-0.075,-0.04
8.11,-0.115,-0.045
8.112,-0.135,-0.05
8.114,-0.09,-0.05
8.116,-0.11,-0.055
8.118,-0.075,-0.055
8.12,-0.03,-0.055
8.122,-0.11,-0.06
8.124,-0.15,-0.06
8.126,-0.17,-0.065
8.128,-0.175,-0.075
8.13,-0.1,-0.08
8.132,-0.055,-0.085
8.134,-0.1,-0.095
8.136,-0.16,-0.095
8.138,-0.13,-0.095
8.14,-0.14,-0.095
8.142,-0.165,-0.09
8.144,-0.15,-0.085
8.146,-0.135,-0.085
8.148,-0.135,-0.08
8.15,-0.095,-0.08
8.152,-0.105,-0.08
8.154,-0.075,-0.08
8.156,-0.125,-0.085
8.158,-0.17,-0.09
8.16,-0.22,-0.09
8.162,-0.22,-0.09
8.164,-0.085,-0.09
8.166,-0.06,-0.09
8.168,-0.12,-0.09
8.17,-0.095,-0.085
8.172,-0.11,-0.085
8.174,-0.115,-0.08
8.176,-0.14,-0.08
8.178,-0.165,-0.08
8.18,-0.15,-0.075
8.182,-0.16,-0.075
8.184,-0.075,-0.075
8.186,-0.095,-0.075
8.188,-0.125,-0.08
8.19,-0.1,-0.085
8.192,-0.15,-0.09
8.194,-0.175,-0.095
8.196,-0.19,-0.1
8.198,-0.1,-0.105
8.2,-0.155,-0.11
8.202,-0.185,-0.105
8.204,-0.15,-0.1
8.206,-0.165,-0.095
8.208,-0.12,-0.09
8.21,-0.08,-0.085
8.212,-0.125,-0.085
8.214,-0.115,-0.085
8.216,-0.11,-0.09
8.218,-0.135,-0.095
8.22,-0.17,-0.105
8.222,-0.205,-0.105
8.224,-0.245,-0.105
8.226,-0.21,-0.1
8.228,-0.08,-0.085
8.23,-0.035,-0.065
8.232,-0.03,-0.035
8.234,-0.04,0.0
8.236,-0.02,0.04
8.238,0.065,0.085
8.24,0.055,0.135
8.242,0.11,0.2
8.244,0.21,0.265
8.246,0.33,0.34
8.248,0.45,0.41
8.25,0.46,0.475
8.252,0.525,0.525
8.254,0.51,0.55
8.256,0.575,0.545
8.258,0.49,0.505
8.26,0.385,0.425
8.262,0.22,0.32
8.264,0.12,0.19
8.266,0.0,0.055
8.268,-0.165,-0.07
8.27,-0.305,-0.18
8.272,-0.375,-0.255
8.274,-0.345,-0.3
8.276,-0.34,-0.315
8.278,-0.28,-0.3
8.28,-0.27,-0.27
8.282,-0.235,-0.235
8.284,-0.22,-0.195
8.286,-0.205,-0.165
8.288,-0.255,-0.145
8.29,-0.22,-0.135
8.292,-0.165,-0.125
8.294,-0.185,-0.12
8.296,-0.14,-0.115
8.298,-0.065,-0.105
8.3,-0.025,-0.09
8.302,-0.12,-0.07
8.304,-0.17,-0.055
8.306,-0.115,-0.045
8.308,-0.115,-0.04
8.31,-0.11,-0.045
8.312,-0.115,-0.055
8.314,-0.135,-0.065
8.316,-0.14,-0.08
8.318,-0.105,-0.09
8.32,-0.085,-0.09
8.322,-0.14,-0.09
8.324,-0.11,-0.075
8.326,-0.08,-0.06
8.328,-0.08,-0.04
8.33,-0.105,-0.025
8.332,-0.04,-0.015
8.334,-0.07,-0.015
8.336,-0.095,-0.02
8.338,-0.125,-0.035
8.34,-0.125,-0.05
8.342,-0.15,-0.065
8.344,-0.115,-0.075
8.346,-0.065,-0.08
8.348,-0.095,-0.075
8.35,-0.115,-0.065
8.352,-0.1,-0.05
8.354,-0.08,-0.03
8.356,-0.035,-0.02
8.358,-0.045,-0.01
8.36,-0.11,-0.015
8.362,-0.085,-0.02
8.364,-0.1,-0.03
8.366,-0.055,-0.045
8.368,-0.105,-0.055
8.37,-0.085,-0.06
8.372,-0.08,-0.06
8.374,-0.08,-0.05
8.376,-0.03,-0.035
8.378,-0.085,-0.02
8.38,-0.075,-0.01
8.382,-0.03,0.0
8.384,-0.025,0.005
8.386,-0.11,0.005
8.388,-0.07,0.0
8.39,-0.07,-0.005
8.392,-0.06,-0.01
8.394,-0.02,-0.005
8.396,-0.01,0.0
8.398,-0.015,0.01
8.4,0.0,0.025
8.402,-0.02,0.04
8.404,-0.045,0.05
8.406,-0.06,0.055
8.408,-0.025,0.06
8.41,-0.02,0.06
8.412,0.065,0.055
8.414,0.06,0.055
8.416,0.01,0.055
8.418,0.025,0.06
8.42,-0.005,0.065
8.422,0.01,0.08
8.424,0.065,0.09
8.426,0.055,0.105
8.428,0.04,0.12
8.43,0.04,0.13
8.432,0.04,0.135
8.434,0.035,0.135
8.436,0.11,0.135
8.438,0.185,0.135
8.44,0.16,0.13
8.442,0.04,0.13
8.444,0.075,0.13
8.446,0.05,0.135
8.448,0.045,0.14
8.45,0.095,0.145
8.452,0.135,0.155
8.454,0.145,0.17
8.456,0.115,0.18
8.458,0.19,0.195
8.46,0.15,0.215
8.462,0.195,0.225
8.464,0.195,0.24
8.466,0.155,0.25
8.468,0.22,0.255
8.47,0.225,0.26
8.472,0.185,0.255
8.474,0.25,0.255
8.476,0.18,0.25
8.478,0.19,0.245
8.48,0.135,0.24
8.482,0.215,0.235
8.484,0.21,0.235
8.486,0.17,0.23
8.488,0.175,0.23
8.49,0.145,0.225
8.492,0.21,0.215
8.494,0.12,0.205
8.496,0.14,0.19
8.498,0.11,0.175
8.5,0.1,0.155
8.502,0.125,0.14
8.504,0.06,0.125
8.506,0.07,0.115
8.508,0.095,0.105
8.51,0.02,0.095
8.512,0.0,0.085
8.514,0.02,0.07
8.516,0.0,0.06
8.518,-0.055,0.05
8.52,0.0,0.035
8.522,0.065,0.025
8.524,-0.05,0.015
8.526,-0.075,0.01
8.528,-0.05,0.005
8.53,-0.055,0.005
8.532,-0.035,0.005
8.534,-0.055,0.01
8.536,-0.08,0.005
8.538,-0.06,0.005
8.54,-0.05,0.0
8.542,-0.045,-0.005
8.544,-0.035,-0.01
8.546,-0.07,-0.015
8.548,-0.11,-0.015
8.55,-0.085,-0.015
8.552,-0.04,-0.01
8.554,-0.065,0.0
8.556,-0.02,0.005
8.558,-0.03,0.005
8.56,-0.03,0.0
8.562,-0.04,-0.01
8.564,-0.16,-0.025
8.566,-0.05,-0.04
8.568,-0.15,-0.06
8.57,-0.115,-0.075
8.572,-0.175,-0.085
8.574,-0.125,-0.09
8.576,-0.115,-0.085
8.578,-0.125,-0.08
8.58,-0.055,-0.07
8.582,-0.115,-0.06
8.584,-0.115,-0.055
8.586,-0.12,-0.05
8.588,-0.11,-0.05
8.59,-0.13,-0.06
8.592,-0.08,-0.065
8.594,-0.125,-0.075
8.596,-0.09,-0.08
8.598,-0.145,-0.08
8.6,-0.15,-0.075
8.602,-0.135,-0.07
8.604,-0.085,-0.055
8.606,-0.05,-0.04
8.608,-0.035,-0.025
8.61,-0.07,-0.01
8.612,-0.09,0.0
8.614,-0.06,0.005
8.616,0.005,0.005
8.618,-0.055,0.0
8.62,-0.11,-0.005
8.622,-0.09,-0.015
8.624,-0.105,-0.02
8.626,-0.03,-0.025
8.628,-0.09,-0.03
8.63,-0.105,-0.035
8.632,-0.065,-0.035
8.634,-0.055,-0.035
8.636,-0.03,-0.035
8.638,-0.125,-0.04
8.64,-0.13,-0.04
8.642,-0.085,-0.04
8.644,-0.11,-0.04
8.646,-0.075,-0.04
8.648,-0.06,-0.04
8.65,-0.085,-0.035
8.652,-0.115,-0.03
8.654,-0.075,-0.025
8.656,-0.07,-0.02
8.658,-0.06,-0.015
8.66,-0.06,-0.015
8.662,-0.075,-0.015
8.664,-0.1,-0.015
8.666,-0.05,-0.025
8.668,-0.105,-0.03
8.67,-0.145,-0.035
8.672,-0.13,-0.045
8.674,-0.055,-0.045
8.676,-0.07,-0.045
8.678,-0.095,-0.045
8.68,-0.11,-0.04
8.682,-0.13,-0.035
8.684,-0.115,-0.03
8.686,-0.125,-0.025
8.688,-0.09,-0.025
8.69,-0.05,-0.025
8.692,-0.05,-0.03
8.694,0.005,-0.035
8.696,-0.09,-0.04
8.698,-0.14,-0.05
8.7,-0.14,-0.055
8.702,-0.145,-0.06
8.704,-0.17,-0.06
8.706,-0.115,-0.06
8.708,-0.095,-0.06
8.71,-0.07,-0.055
8.712,-0.095,-0.05
8.714,-0.1,-0.045
8.716,-0.14,-0.045
8.718,-0.145,-0.04
8.72,-0.07,-0.035
8.722,-0.1,-0.035
8.724,-0.08,-0.035
8.726,-0.045,-0.04
8.728,-0.07,-0.045
8.73,-0.16,-0.05
8.732,-0.135,-0.06
8.734,-0.16,-0.065
8.736,-0.1,-0.065
8.738,-0.07,-0.065
8.74,-0.13,-0.055
8.742,-0.12,-0.04
8.744,-0.12,-0.025
8.746,-0.05,-0.005
8.748,0.0,0.015
8.75,-0.01,0.03
8.752,-0.03,0.04
8.754,-0.01,0.04
8.756,-0.055,0.035
8.758,-0.045,0.025
8.76,-0.02,0.015
8.762,-0.055,0.0
8.764,-0.05,-0.005
8.766,-0.11,-0.005
8.768,-0.08,0.0
8.77,-0.085,0.015
8.772,0.035,0.035
8.774,0.025,0.05
8.776,0.015,0.065
8.778,-0.015,0.075
8.78,0.02,0.08
8.782,-0.015,0.08
8.784,-0.025,0.07
8.786,-0.045,0.06
8.788,-0.04,0.05
8.79,0.01,0.035
8.792,-0.015,0.03
8.794,-0.005,0.02
8.796,0.005,0.015
8.798,-0.05,0.005
8.8,-0.125,0.0
8.802,-0.05,-0.01
8.804,-0.135,-0.02
8.806,-0.12,-0.035
8.808,-0.065,-0.045
8.81,-0.13,-0.06
8.812,-0.145,-0.065
8.814,-0.1,-0.07
8.816,-0.15,-0.07
8.818,-0.12,-0.07
8.82,-0.135,-0.07
8.822,-0.115,-0.07
8.824,-0.12,-0.075
8.826,-0.235,-0.08
8.828,-0.185,-0.085
8.83,-0.19,-0.09
8.832,-0.085,-0.095
8.834,-0.12,-0.095
8.836,-0.16,-0.095
8.838,-0.15,-0.095
8.84,-0.155,-0.09
8.842,-0.14,-0.08
8.844,-0.17,-0.075
8.846,-0.13,-0.07
8.848,-0.13,-0.07
8.85,-0.06,-0.07
8.852,-0.135,-0.075
8.854,-0.21,-0.08
8.856,-0.22,-0.09
8.858,-0.155,-0.1
8.86,-0.205,-0.11
8.862,-0.17,-0.115
8.864,-0.155,-0.12
8.866,-0.15,-0.12
8.868,-0.155,-0.115
8.87,-0.165,-0.105
8.872,-0.16,-0.095
8.874,-0.17,-0.085
8.876,-0.185,-0.075
8.878,-0.125,-0.07
8.88,-0.165,-0.07
8.882,-0.17,-0.07
8.884,-0.17,-0.08
8.886,-0.11,-0.085
8.888,-0.105,-0.09
8.89,-0.17,-0.095
8.892,-0.215,-0.095
8.894,-0.18,-0.09
8.896,-0.13,-0.09
8.898,-0.145,-0.085
8.9,-0.175,-0.085
8.902,-0.215,-0.09
8.904,-0.14,-0.095
8.906,-0.12,-0.105
8.908,-0.185,-0.115
8.91,-0.175,-0.12
8.912,-0.2,-0.115
8.914,-0.165,-0.105
8.916,-0.14,-0.085
8.918,-0.115,-0.055
8.92,-0.07,-0.02
8.922,-0.085,0.025
8.924,0.0,0.075
8.926,-0.01,0.13
8.928,0.125,0.195
8.93,0.295,0.265
8.932,0.325,0.345
8.934,0.375,0.425
8.936,0.45,0.5
8.938,0.515,0.56
8.94,0.575,0.6
8.942,0.565,0.6
8.944,0.575,0.565
8.946,0.525,0.485
8.948,0.315,0.37
8.95,0.055,0.225
8.952,-0.095,0.065
8.954,-0.175,-0.085
8.956,-0.305,-0.22
8.958,-0.52,-0.32
8.96,-0.475,-0.38
8.962,-0.44,-0.4
8.964,-0.4,-0.385
8.966,-0.39,-0.355
8.968,-0.31,-0.305
8.97,-0.29,-0.26
8.972,-0.285,-0.22
8.974,-0.275,-0.19
8.976,-0.265,-0.175
8.978,-0.23,-0.16
8.98,-0.235,-0.155
8.982,-0.23,-0.145
8.984,-0.14,-0.135
8.986,-0.17,-0.12
8.988,-0.195,-0.105
8.99,-0.16,-0.09
8.992,-0.115,-0.075
8.994,-0.14,-0.06
8.996,-0.195,-0.055
8.998,-0.145,-0.05
9.0,-0.075,-0.05
9.002,-0.13,-0.05
9.004,-0.09,-0.05
9.006,-0.055,-0.055
9.008,-0.11,-0.055
9.01,-0.185,-0.06
9.012,-0.14,-0.06
9.014,-0.12,-0.065
9.016,-0.195,-0.065
9.018,-0.155,-0.07
9.02,-0.13,-0.065
9.022,-0.13,-0.06
9.024,-0.145,-0.055
9.026,-0.17,-0.05
9.028,-0.105,-0.045
9.03,-0.075,-0.04
9.032,-0.115,-0.035
9.034,-0.11,-0.035
9.036,-0.095,-0.035
9.038,-0.135,-0.035
9.04,-0.105,-0.035
9.042,-0.085,-0.035
9.044,-0.105,-0.03
9.046,-0.135,-0.03
9.048,-0.1,-0.025
9.05,-0.085,-0.03
9.052,-0.09,-0.03
9.054,-0.15,-0.035
9.056,-0.085,-0.04
9.058,-0.12,-0.045
9.06,-0.165,-0.04
9.062,-0.115,-0.035
9.064,-0.15,-0.025
9.066,-0.055,-0.015
9.068,-0.07,0.0
9.07,-0.08,0.01
9.072,-0.035,0.015
9.074,-0.02,0.02
9.076,-0.07,0.02
9.078,-0.055,0.02
9.08,-0.015,0.02
9.082,-0.065,0.02
9.084,-0.115,0.025
9.086,-0.055,0.035
9.088,0.02,0.05
9.09,-0.005,0.06
9.092,-0.045,0.065
9.094,-0.035,0.065
9.096,-0.05,0.06
9.098,-0.01,0.055
9.1,-0.05,0.05
9.102,-0.045,0.045
9.104,-0.02,0.045
9.106,0.015,0.055
9.108,0.02,0.07
9.11,0.035,0.09
9.112,0.075,0.115
9.114,0.07,0.135
9.116,0.055,0.15
9.118,0.07,0.16
9.12,0.115,0.165
9.122,0.14,0.165
9.124,0.035,0.16
9.126,0.08,0.16
9.128,0.06,0.16
9.13,0.12,0.17
9.132,0.12,0.175
9.134,0.13,0.19
9.136,0.125,0.2
9.138,0.145,0.21
9.14,0.18,0.22
9.142,0.12,0.22
9.144,0.125,0.225
9.146,0.165,0.225
9.148,0.12,0.225
9.15,0.145,0.23
9.152,0.235,0.24
9.154,0.195,0.255
9.156,0.125,0.265
9.158,0.175,0.28
9.16,0.23,0.29
9.162,0.225,0.3
9.164,0.235,0.3
9.166,0.24,0.295
9.168,0.185,0.285
9.17,0.21,0.27
9.172,0.15,0.255
9.174,0.115,0.245
9.176,0.11,0.23
9.178,0.075,0.22
9.18,0.17,0.21
9.182,0.14,0.2
9.184,0.11,0.195
9.186,0.09,0.19
9.188,0.09,0.18
9.19,0.09,0.17
9.192,0.065,0.16
9.194,0.045,0.145
9.196,0.015,0.135
9.198,0.025,0.12
9.2,-0.01,0.105
9.202,0.02,0.085
9.204,0.03,0.07
9.206,-0.01,0.05
9.208,-0.085,0.035
9.21,-0.065,0.015
9.212,-0.085,0.0
9.214,-0.155,-0.015
9.216,-0.155,-0.03
9.218,-0.105,-0.04
9.22,-0.095,-0.045
9.222,-0.145,-0.055
9.224,-0.125,-0.055
9.226,-0.12,-0.06
9.228,-0.135,-0.06
9.23,-0.135,-0.055
9.232,-0.135,-0.055
9.234,-0.095,-0.045
9.236,-0.14,-0.04
9.238,-0.135,-0.035
9.24,-0.145,-0.025
9.242,-0.15,-0.02
9.244,-0.055,-0.02
9.246,-0.075,-0.02
9.248,-0.12,-0.02
9.25,-0.14,-0.025
9.252,-0.16,-0.035
9.254,-0.17,-0.04
9.256,-0.16,-0.05
9.258,-0.1,-0.05
9.26,-0.11,-0.055
9.262,-0.1,-0.05
9.264,-0.115,-0.05
9.266,-0.15,-0.045
9.268,-0.135,-0.04
9.27,-0.135,-0.04
9.272,-0.125,-0.04
9.274,-0.155,-0.045
9.276,-0.12,-0.05
9.278,-0.14,-0.06
9.28,-0.115,-0.065
9.282,-0.145,-0.07
9.284,-0.175,-0.07
9.286,-0.18,-0.075
9.288,-0.16,-0.07
9.29,-0.18,-0.07
9.292,-0.135,-0.07
9.294,-0.17,-0.07
9.296,-0.185,-0.075
9.298,-0.14,-0.075
9.3,-0.17,-0.08
9.302,-0.125,-0.085
9.304,-0.19,-0.085
9.306,-0.215,-0.08
9.308,-0.205,-0.075
9.31,-0.125,-0.07
9.312,-0.15,-0.06
9.314,-0.095,-0.05
9.316,-0.18,-0.045
9.318,-0.065,-0.035
9.32,-0.115,-0.03
9.322,-0.11,-0.03
9.324,-0.1,-0.03
9.326,-0.14,-0.035
9.328,-0.18,-0.04
9.33,-0.175,-0.045
9.332,-0.08,-0.055
9.334,-0.135,-0.06
9.336,-0.16,-0.065
9.338,-0.16,-0.065
9.34,-0.13,-0.065
9.342,-0.13,-0.065
9.344,-0.16,-0.06
9.346,-0.115,-0.055
9.348,-0.17,-0.05
9.35,-0.145,-0.045
9.352,-0.125,-0.04
9.354,-0.135,-0.04
9.356,-0.095,-0.04
9.358,-0.12,-0.04
9.36,-0.14,-0.045
9.362,-0.165,-0.05
9.364,-0.2,-0.055
9.366,-0.165,-0.055
9.368,-0.13,-0.055
9.37,-0.1,-0.055
9.372,-0.115,-0.05
9.374,-0.12,-0.045
9.376,-0.155,-0.045
9.378,-0.14,-0.04
9.38,-0.125,-0.045
9.382,-0.145,-0.045
9.384,-0.18,-0.05
9.386,-0.17,-0.055
9.388,-0.135,-0.055
9.39,-0.115,-0.055
9.392,-0.1,-0.055
9.394,-0.115,-0.05
9.396,-0.125,-0.05
9.398,-0.14,-0.045
9.4,-0.13,-0.04
9.402,-0.165,-0.035
9.404,-0.11,-0.035
9.406,-0.09,-0.03
9.408,-0.165,-0.02
9.41,-0.08,-0.015
9.412,-0.015,0.0
9.414,-0.055,0.01
9.416,-0.095,0.025
9.418,-0.15,0.035
9.42,-0.055,0.045
9.422,-0.03,0.045
9.424,-0.055,0.045
9.426,-0.065,0.04
9.428,-0.015,0.035
9.43,0.01,0.035
9.432,-0.005,0.03
9.434,-0.125,0.035
9.436,-0.1,0.04
9.438,-0.04,0.05
9.44,-0.01,0.06
9.442,-0.03,0.065
9.444,-0.005,0.07
9.446,0.0,0.065
9.448,-0.045,0.055
9.45,-0.04,0.04
9.452,-0.08,0.025
9.454,-0.085,0.01
9.456,-0.115,-0.005
9.458,-0.1,-0.015
9.46,-0.16,-0.02
9.462,-0.095,-0.025
9.464,-0.095,-0.025
9.466,-0.13,-0.03
9.468,-0.145,-0.035
9.47,-0.185,-0.045
9.472,-0.15,-0.055
9.474,-0.19,-0.07
9.476,-0.155,-0.08
9.478,-0.195,-0.09
9.48,-0.145,-0.1
9.482,-0.18,-0.105
9.484,-0.185,-0.11
9.486,-0.225,-0.11
9.488,-0.215,-0.11
9.49,-0.21,-0.11
9.492,-0.19,-0.11
9.494,-0.16,-0.11
9.496,-0.18,-0.11
9.498,-0.205,-0.105
9.5,-0.19,-0.105
9.502,-0.22,-0.1
9.504,-0.215,-0.095
9.506,-0.185,-0.09
9.508,-0.18,-0.085
9.51,-0.2,-0.08
9.512,-0.13,-0.075
9.514,-0.125,-0.075
9.516,-0.195,-0.08
9.518,-0.21,-0.085
9.52,-0.225,-0.09
9.522,-0.225,-0.1
9.524,-0.205,-0.105
9.526,-0.17,-0.11
9.528,-0.185,-0.115
9.53,-0.155,-0.115
9.532,-0.145,-0.11
9.534,-0.135,-0.11
9.536,-0.24,-0.105
9.538,-0.225,-0.1
9.54,-0.225,-0.1
9.542,-0.255,-0.1
9.544,-0.205,-0.105
9.546,-0.14,-0.105
9.548,-0.17,-0.11
9.55,-0.185,-0.11
9.552,-0.185,-0.11
9.554,-0.19,-0.11
9.556,-0.23,-0.105
9.558,-0.19,-0.1
9.56,-0.19,-0.095
9.562,-0.21,-0.085
9.564,-0.175,-0.08
9.566,-0.175,-0.075
9.568,-0.18,-0.065
9.57,-0.16,-0.045
9.572,-0.065,-0.015
9.574,-0.04,0.03
9.576,0.02,0.1
9.578,0.09,0.18
9.58,0.2,0.27
9.582,0.3,0.37
9.584,0.375,0.455
9.586,0.445,0.52
9.588,0.515,0.555
9.59,0.545,0.555
9.592,0.485,0.51
9.594,0.385,0.425
9.596,0.17,0.31
9.598,0.025,0.175
9.6,-0.125,0.03
9.602,-0.245,-0.11
9.604,-0.38,-0.225
9.606,-0.5,-0.32
9.608,-0.5,-0.38
9.61,-0.48,-0.415
9.612,-0.495,-0.42
9.614,-0.475,-0.4
9.616,-0.43,-0.37
9.618,-0.455,-0.335
9.62,-0.44,-0.295
9.622,-0.35,-0.255
9.624,-0.25,-0.22
9.626,-0.305,-0.19
9.628,-0.26,-0.165
9.63,-0.225,-0.145
9.632,-0.165,-0.125
9.634,-0.17,-0.11
9.636,-0.195,-0.1
9.638,-0.195,-0.09
9.64,-0.2,-0.085
9.642,-0.18,-0.085
9.644,-0.15,-0.085
9.646,-0.2,-0.085
9.648,-0.17,-0.085
9.65,-0.115,-0.085
9.652,-0.17,-0.08
9.654,-0.145,-0.07
9.656,-0.16,-0.06
9.658,-0.15,-0.05
9.66,-0.125,-0.045
9.662,-0.15,-0.035
9.664,-0.1,-0.03
9.666,-0.12,-0.03
9.668,-0.105,-0.035
9.67,-0.135,-0.035
9.672,-0.21,-0.04
9.674,-0.125,-0.045
9.676,-0.14,-0.05
9.678,-0.145,-0.05
9.68,-0.135,-0.05
9.682,-0.17,-0.05
9.684,-0.2,-0.05
9.686,-0.15,-0.045
9.688,-0.11,-0.045
9.69,-0.04,-0.04
9.692,-0.1,-0.035
9.694,-0.09,-0.025
9.696,-0.145,-0.02
9.698,-0.155,-0.015
9.7,-0.105,-0.01
9.702,-0.15,-0.005
9.704,-0.06,-0.005
9.706,-0.12,-0.005
9.708,-0.05,-0.01
9.71,-0.055,-0.02
9.712,-0.06,-0.025
9.714,-0.19,-0.035
9.716,-0.205,-0.045
9.718,-0.18,-0.05
9.72,-0.095,-0.055
9.722,-0.125,-0.055
9.724,-0.105,-0.05
9.726,-0.175,-0.04
9.728,-0.125,-0.03
9.73,-0.115,-0.02
9.732,0.0,-0.01
9.734,-0.07,-0.005
9.736,-0.22,-0.005
9.738,-0.135,-0.005
9.74,-0.08,-0.005
9.742,-0.085,-0.01
9.744,-0.075,-0.01
9.746,-0.08,-0.005
9.748,-0.065,0.0
9.75,-0.105,0.015
9.752,-0.085,0.035
9.754,-0.115,0.055
9.756,0.035,0.075
9.758,0.005,0.095
9.76,0.0,0.11
9.762,0.025,0.12
9.764,0.05,0.13
9.766,0.06,0.135
9.768,0.055,0.14
9.77,0.01,0.15
9.772,0.045,0.16
9.774,0.085,0.17
9.776,0.13,0.185
9.778,0.135,0.2
9.78,0.135,0.21
9.782,0.12,0.22
9.784,0.14,0.225
9.786,0.095,0.22
9.788,0.135,0.215
9.79,0.095,0.21
9.792,0.115,0.205
9.794,0.14,0.2
9.796,0.165,0.2
9.798,0.07,0.21
9.8,0.145,0.22
9.802,0.12,0.235
9.804,0.18,0.25
9.806,0.175,0.26
9.808,0.18,0.27
9.81,0.2,0.275
9.812,0.195,0.27
9.814,0.16,0.265
9.816,0.225,0.255
9.818,0.105,0.245
9.82,0.11,0.235
9.822,0.125,0.225
9.824,0.155,0.215
9.826,0.135,0.21
9.828,0.12,0.2
9.83,0.09,0.195
9.832,0.075,0.19
9.834,0.05,0.18
9.836,0.085,0.17
9.838,0.055,0.16
9.84,0.085,0.15
9.842,0.045,0.14
9.844,0.005,0.125
9.846,0.04,0.105
9.848,-0.015,0.085
9.85,0.01,0.065
9.852,-0.045,0.05
9.854,-0.04,0.03
9.856,-0.175,0.015
9.858,-0.09,0.005
9.86,-0.095,0.0
9.862,-0.115,-0.005
9.864,-0.055,-0.005
9.866,-0.105,-0.005
9.868,-0.085,-0.01
9.87,-0.115,-0.01
9.872,-0.105,-0.015
9.874,-0.12,-0.02
9.876,-0.15,-0.025
9.878,-0.12,-0.035
9.88,-0.15,-0.04
9.882,-0.135,-0.04
9.884,-0.095,-0.04
9.886,-0.125,-0.04
9.888,-0.105,-0.04
9.89,-0.12,-0.035
9.892,-0.15,-0.035
9.894,-0.155,-0.035
9.896,-0.15,-0.035
9.898,-0.1,-0.035
9.9,-0.13,-0.035
9.902,-0.11,-0.035
9.904,-0.045,-0.03
9.906,-0.12,-0.025
9.908,-0.12,-0.02
9.91,-0.12,-0.015
9.912,-0.08,-0.015
9.914,-0.06,-0.015
9.916,-0.12,-0.015
9.918,-0.155,-0.025
9.92,-0.11,-0.03
9.922,-0.155,-0.04
9.924,-0.19,-0.045
9.926,-0.135,-0.05
9.928,-0.1,-0.05
9.93,-0.08,-0.05
9.932,-0.115,-0.04
9.934,-0.12,-0.035
9.936,-0.11,-0.03
9.938,-0.145,-0.025
9.94,-0.125,-0.02
9.942,-0.1,-0.02
9.944,-0.105,-0.02
9.946,-0.1,-0.02
9.948,-0.125,-0.02
9.95,-0.125,-0.015
9.952,-0.13,-0.015
9.954,-0.15,-0.015
9.956,-0.09,-0.01
9.958,-0.06,-0.015
9.96,-0.115,-0.015
9.962,-0.13,-0.02
9.964,-0.08,-0.03
9.966,-0.14,-0.04
9.968,-0.155,-0.045
9.97,-0.155,-0.05
9.972,-0.15,-0.055
9.974,-0.125,-0.05
9.976,-0.105,-0.05
9.978,-0.115,-0.045
9.98,-0.09,-0.035
9.982,-0.14,-0.03
9.984,-0.13,-0.03
9.986,-0.12,-0.025
9.988,-0.07,-0.025
9.99,-0.115,-0.025
9.992,-0.1,-0.03
9.994,-0.16,-0.03
9.996,-0.175,-0.03
9.998,-0.155,-0.03
10.0,-0.045,-0.025
10.002,-0.04,-0.015
10.004,-0.085,-0.005
10.006,-0.085,0.005
10.008,-0.085,0.015
10.01,-0.015,0.025
10.012,-0.01,0.035
10.014,-0.085,0.04
10.016,-0.07,0.045
10.018,-0.06,0.045
10.02,0.0,0.045
10.022,0.01,0.035
10.024,0.0,0.03
10.026,-0.11,0.025
10.028,-0.145,0.02
10.03,-0.1,0.02
10.032,-0.07,0.03
10.034,0.015,0.045
10.036,-0.065,0.06
10.038,-0.01,0.08
10.04,0.07,0.095
10.042,0.09,0.105
10.044,0.135,0.105
10.046,0.01,0.1
10.048,-0.08,0.085
10.05,-0.1,0.07
10.052,-0.105,0.05
10.054,-0.055,0.035
10.056,-0.085,0.025
10.058,-0.09,0.02
10.06,0.045,0.02
10.062,0.015,0.02
10.064,-0.145,0.015
10.066,-0.115,0.01
10.068,-0.105,-0.005
10.07,-0.095,-0.025
10.072,-0.055,-0.05
10.074,-0.105,-0.075
10.076,-0.305,-0.1
10.078,-0.235,-0.115
10.08,-0.205,-0.125
10.082,-0.21,-0.13
10.084,-0.18,-0.125
10.086,-0.2,-0.12
10.088,-0.2,-0.115
10.09,-0.205,-0.11
10.092,-0.175,-0.11
10.094,-0.205,-0.11
10.096,-0.255,-0.11
10.098,-0.265,-0.115
10.1,-0.205,-0.115
10.102,-0.145,-0.11
10.104,-0.155,-0.105
10.106,-0.205,-0.1
10.108,-0.14,-0.095
10.11,-0.2,-0.09
10.112,-0.185,-0.085
10.114,-0.175,-0.09
10.116,-0.195,-0.095
10.118,-0.17,-0.1
10.12,-0.15,-0.11
10.122,-0.21,-0.12
10.124,-0.245,-0.125
10.126,-0.205,-0.13
10.128,-0.21,-0.13
10.13,-0.195,-0.13
10.132,-0.205,-0.125
10.134,-0.235,-0.125
10.136,-0.23,-0.12
10.138,-0.19,-0.12
10.14,-0.22,-0.115
10.142,-0.16,-0.11
10.144,-0.175,-0.1
10.146,-0.19,-0.095
10.148,-0.18,-0.09
10.15,-0.205,-0.085
10.152,-0.185,-0.085
10.154,-0.185,-0.085
10.156,-0.17,-0.09
10.158,-0.16,-0.095
10.16,-0.185,-0.105
10.162,-0.2,-0.11
10.164,-0.165,-0.12
10.166,-0.205,-0.12
10.168,-0.145,-0.12
10.17,-0.32,-0.115
10.172,-0.27,-0.105
10.174,-0.12,-0.085
10.176,-0.095,-0.055
10.178,-0.075,-0.01
10.18,-0.02,0.05
10.182,0.075,0.12
10.184,0.15,0.205
10.186,0.24,0.295
10.188,0.35,0.39
10.19,0.33,0.475
10.192,0.405,0.54
10.194,0.545,0.58
10.196,0.495,0.58
10.198,0.48,0.545
10.2,0.47,0.465
10.202,0.335,0.355
10.204,0.195,0.22
10.206,-0.07,0.075
10.208,-0.22,-0.06
10.21,-0.415,-0.185
10.212,-0.52,-0.28
10.214,-0.525,-0.345
10.216,-0.33,-0.375
10.218,-0.375,-0.38
10.22,-0.495,-0.37
10.222,-0.425,-0.345
10.224,-0.37,-0.315
10.226,-0.355,-0.28
10.228,-0.325,-0.255
10.23,-0.32,-0.225
10.232,-0.29,-0.2
10.234,-0.23,-0.175
10.236,-0.19,-0.15
10.238,-0.2,-0.125
10.24,-0.16,-0.1
10.242,-0.18,-0.08
10.244,-0.14,-0.07
10.246,-0.135,-0.065
10.248,-0.17,-0.07
10.25,-0.195,-0.08
10.252,-0.21,-0.095
10.254,-0.22,-0.11
10.256,-0.22,-0.115
10.258,-0.17,-0.12
10.26,-0.175,-0.115
10.262,-0.175,-0.105
10.264,-0.155,-0.095
10.266,-0.1,-0.08
10.268,-0.13,-0.07
10.27,-0.225,-0.065
10.272,-0.185,-0.06
10.274,-0.15,-0.065
10.276,-0.155,-0.065
10.278,-0.16,-0.07
10.28,-0.175,-0.075
10.282,-0.145,-0.075
10.284,-0.14,-0.075
10.286,-0.125,-0.07
10.288,-0.16,-0.07
10.29,-0.19,-0.065
10.292,-0.17,-0.065
10.294,-0.115,-0.065
10.296,-0.18,-0.065
10.298,-0.125,-0.065
10.3,-0.08,-0.065
10.302,-0.14,-0.06
10.304,-0.145,-0.055
10.306,-0.11,-0.05
10.308,-0.135,-0.04
10.31,-0.105,-0.03
10.312,-0.145,-0.03
10.314,-0.12,-0.03
10.316,-0.135,-0.035
10.318,-0.095,-0.045
10.32,-0.06,-0.055
10.322,-0.18,-0.06
10.324,-0.13,-0.065
10.326,-0.12,-0.065
10.328,-0.135,-0.06
10.33,-0.1,-0.05
10.332,-0.13,-0.03
10.334,-0.11,-0.015
10.336,-0.09,0.0
10.338,-0.085,0.01
10.34,-0.025,0.015
10.342,-0.075,0.015
10.344,-0.085,0.015
10.346,-0.055,0.01
10.348,-0.075,0.01
10.35,-0.105,0.005
10.352,-0.085,0.005
10.354,-0.07,0.01
10.356,-0.045,0.015
10.358,-0.01,0.025
10.36,-0.015,0.03
10.362,-0.01,0.04
10.364,-0.025,0.05
10.366,-0.015,0.06
10.368,-0.03,0.07
10.37,0.0,0.08
10.372,0.04,0.085
10.374,0.045,0.095
10.376,0.04,0.105
10.378,0.035,0.115
10.38,0.055,0.125
10.382,0.075,0.13
10.384,0.05,0.135
10.386,0.055,0.14
10.388,0.08,0.145
10.39,0.085,0.155
10.392,0.095,0.16
10.394,0.125,0.165
10.396,0.125,0.17
10.398,0.14,0.175
10.4,0.12,0.185
10.402,0.095,0.19
10.404,0.085,0.195
10.406,0.05,0.205
10.408,0.155,0.21
10.41,0.145,0.22
10.412,0.145,0.225
10.414,0.155,0.23
10.416,0.15,0.235
10.418,0.165,0.235
10.42,0.235,0.23
10.422,0.135,0.22
10.424,0.085,0.205
10.426,0.105,0.185
10.428,0.1,0.165
10.43,0.07,0.145
10.432,0.02,0.13
10.434,-0.05,0.115
10.436,0.01,0.105
10.438,0.08,0.1
10.44,0.05,0.1
10.442,0.03,0.105
10.444,0.03,0.11
10.446,0.055,0.11
10.448,0.03,0.105
10.45,-0.02,0.095
10.452,-0.015,0.08
10.454,-0.045,0.065
10.456,-0.06,0.045
10.458,-0.06,0.025
10.46,-0.085,0.01
10.462,-0.06,0.0
10.464,-0.07,0.0
10.466,-0.11,0.0
10.468,-0.12,0.005
10.47,-0.05,0.01
10.472,-0.07,0.015
10.474,-0.085,0.015
10.476,-0.09,0.015
10.478,-0.09,0.005
10.48,-0.095,0.0
10.482,-0.12,-0.01
10.484,-0.085,-0.02
10.486,-0.115,-0.025
10.488,-0.145,-0.03
10.49,-0.07,-0.03
10.492,-0.08,-0.025
10.494,-0.105,-0.025
10.496,-0.135,-0.025
10.498,-0.165,-0.025
10.5,-0.155,-0.03
10.502,-0.13,-0.035
10.504,-0.09,-0.035
10.506,-0.075,-0.04
10.508,-0.125,-0.04
10.51,-0.09,-0.04
10.512,-0.115,-0.035
10.514,-0.115,-0.03
10.516,-0.075,-0.03
10.518,-0.15,-0.025
10.52,-0.105,-0.025
10.522,-0.14,-0.03
10.524,-0.095,-0.03
10.526,-0.1,-0.035
10.528,-0.105,-0.04
10.53,-0.135,-0.045
10.532,-0.135,-0.05
10.534,-0.18,-0.055
10.536,-0.15,-0.06
10.538,-0.125,-0.065
10.54,-0.13,-0.065
10.542,-0.115,-0.07
10.544,-0.13,-0.07
10.546,-0.16,-0.065
10.548,-0.14,-0.065
10.55,-0.14,-0.055
10.552,-0.135,-0.05
10.554,-0.13,-0.04
10.556,-0.145,-0.03
10.558,-0.085,-0.025
10.56,-0.065,-0.02
10.562,-0.075,-0.015
10.564,-0.05,-0.01
10.566,-0.05,-0.01
10.568,-0.08,-0.01
10.57,-0.14,-0.015
10.572,-0.15,-0.015
10.574,-0.16,-0.02
10.576,-0.065,-0.02
10.578,-0.085,-0.015
10.58,-0.09,-0.01
10.582,-0.065,-0.005
10.584,-0.04,0.01
10.586,-0.025,0.02
10.588,0.01,0.035
10.59,-0.03,0.045
10.592,-0.065,0.05
10.594,-0.045,0.055
10.596,-0.035,0.05
10.598,-0.05,0.04
10.6,-0.085,0.03
10.602,-0.085,0.015
10.604,-0.08,0.005
10.606,-0.06,-0.005
10.608,-0.04,-0.01
10.61,-0.065,-0.005
10.612,-0.07,0.005
10.614,-0.09,0.015
10.616,-0.085,0.03
10.618,-0.02,0.04
10.62,-0.015,0.05
10.622,-0.035,0.05
10.624,-0.015,0.05
10.626,-0.065,0.04
10.628,-0.065,0.03
10.63,-0.035,0.015
10.632,-0.08,0.005
10.634,-0.075,-0.01
10.636,-0.1,-0.015
10.638,-0.1,-0.02
10.64,-0.085,-0.025
10.642,-0.085,-0.025
10.644,-0.075,-0.025
10.646,-0.13,-0.02
10.648,-0.145,-0.025
10.65,-0.095,-0.025
10.652,-0.12,-0.03
10.654,-0.135,-0.035
10.656,-0.125,-0.045
10.658,-0.115,-0.05
10.66,-0.14,-0.055
10.662,-0.12,-0.06
10.664,-0.165,-0.065
10.666,-0.14,-0.06
10.668,-0.15,-0.06
10.67,-0.11,-0.055
10.672,-0.13,-0.055
10.674,-0.13,-0.055
10.676,-0.12,-0.055
10.678,-0.115,-0.055
10.68,-0.165,-0.06
10.682,-0.14,-0.07
10.684,-0.165,-0.075
10.686,-0.185,-0.08
10.688,-0.195,-0.08
10.69,-0.215,-0.08
10.692,-0.135,-0.08
10.694,-0.135,-0.075
10.696,-0.15,-0.075
10.698,-0.165,-0.07
10.7,-0.16,-0.07
10.702,-0.16,-0.07
10.704,-0.125,-0.075
10.706,-0.085,-0.08
10.708,-0.14,-0.085
10.71,-0.22,-0.09
10.712,-0.22,-0.095
10.714,-0.165,-0.095
10.716,-0.15,-0.095
10.718,-0.145,-0.09
10.72,-0.16,-0.085
10.722,-0.135,-0.08
10.724,-0.15,-0.075
10.726,-0.17,-0.075
10.728,-0.22,-0.08
10.73,-0.205,-0.09
10.732,-0.165,-0.095
10.734,-0.135,-0.105
10.736,-0.155,-0.115
10.738,-0.155,-0.12
10.74,-0.195,-0.115
10.742,-0.225,-0.11
10.744,-0.215,-0.095
10.746,-0.15,-0.08
10.748,-0.155,-0.06
10.75,-0.095,-0.04
10.752,-0.09,-0.02
10.754,-0.095,0.0
10.756,-0.055,0.025
10.758,-0.005,0.055
10.76,0.03,0.1
10.762,0.13,0.16
10.764,0.165,0.23
10.766,0.255,0.31
10.768,0.33,0.39
10.77,0.445,0.47
10.772,0.39,0.525
10.774,0.5,0.555
10.776,0.58,0.55
10.778,0.435,0.505
10.78,0.415,0.425
10.782,0.25,0.32
10.784,0.06,0.2
10.786,-0.035,0.07
10.788,-0.19,-0.045
10.79,-0.295,-0.14
10.792,-0.355,-0.21
10.794,-0.34,-0.255
10.796,-0.33,-0.27
10.798,-0.33,-0.27
10.8,-0.315,-0.25
10.802,-0.275,-0.23
10.804,-0.29,-0.205
10.806,-0.265,-0.18
10.808,-0.235,-0.16
10.81,-0.21,-0.145
10.812,-0.18,-0.13
10.814,-0.15,-0.115
10.816,-0.135,-0.105
10.818,-0.17,-0.095
10.82,-0.14,-0.085
10.822,-0.155,-0.08
10.824,-0.155,-0.08
10.826,-0.17,-0.08
10.828,-0.165,-0.08
10.83,-0.155,-0.08
10.832,-0.145,-0.08
10.834,-0.135,-0.075
10.836,-0.15,-0.07
10.838,-0.125,-0.06
10.84,-0.145,-0.055
10.842,-0.12,-0.045
10.844,-0.115,-0.04
10.846,-0.11,-0.04
10.848,-0.12,-0.045
10.85,-0.16,-0.055
10.852,-0.155,-0.06
10.854,-0.145,-0.07
10.856,-0.13,-0.075
10.858,-0.095,-0.075
10.86,-0.08,-0.075
10.862,-0.135,-0.07
10.864,-0.155,-0.065
10.866,-0.12,-0.06
10.868,-0.185,-0.055
10.87,-0.155,-0.05
10.872,-0.12,-0.05
10.874,-0.13,-0.05
10.876,-0.1,-0.055
10.878,-0.105,-0.055
10.88,-0.105,-0.055
10.882,-0.12,-0.05
10.884,-0.12,-0.05
10.886,-0.145,-0.045
10.888,-0.145,-0.04
10.89,-0.16,-0.04
10.892,-0.105,-0.04
10.894,-0.07,-0.035
10.896,-0.085,-0.035
10.898,-0.11,-0.035
10.9,-0.105,-0.035
10.902,-0.095,-0.035
10.904,-0.1,-0.035
10.906,-0.1,-0.035
10.908,-0.105,-0.035
10.91,-0.095,-0.03
10.912,-0.055,-0.03
10.914,-0.075,-0.02
10.916,-0.085,-0.015
10.918,-0.085,-0.005
10.92,-0.105,0.005
10.922,-0.065,0.015
10.924,-0.09,0.025
10.926,-0.005,0.03
10.928,-0.02,0.035
10.93,-0.07,0.035
10.932,-0.075,0.035
10.934,-0.02,0.035
10.936,-0.005,0.04
10.938,-0.055,0.05
10.94,0.005,0.065
10.942,0.03,0.08
10.944,0.02,0.095
10.946,0.02,0.115
10.948,0.08,0.125
10.95,0.095,0.135
10.952,0.1,0.14
10.954,0.13,0.14
10.956,0.11,0.135
10.958,-0.1,0.13
10.96,0.03,0.125
10.962,0.055,0.12
10.964,0.04,0.12
10.966,0.075,0.125
10.968,0.09,0.13
10.97,0.105,0.14
10.972,0.09,0.145
10.974,0.075,0.155
10.976,0.065,0.165
10.978,0.065,0.17
10.98,0.12,0.18
10.982,0.145,0.19
10.984,0.135,0.2
10.986,0.12,0.21
10.988,0.17,0.215
10.99,0.14,0.22
10.992,0.075,0.22
10.994,0.16,0.215
10.996,0.16,0.21
10.998,0.09,0.2
11.0,0.13,0.195
11.002,0.105,0.19
11.004,0.065,0.185
11.006,0.145,0.185
11.008,0.115,0.18
11.01,0.09,0.175
11.012,0.06,0.17
11.014,0.06,0.16
11.016,0.065,0.14
11.018,0.075,0.125
11.02,0.035,0.1
11.022,-0.065,0.085
11.024,-0.035,0.065
11.026,-0.03,0.05
11.028,-0.04,0.04
11.03,0.005,0.035
11.032,-0.055,0.03
11.034,-0.065,0.02
11.036,-0.065,0.015
11.038,-0.05,0.005
11.04,-0.075,-0.005
11.042,-0.115,-0.015
11.044,-0.145,-0.025
11.046,-0.155,-0.035
11.048,-0.09,-0.04
11.05,-0.12,-0.045
11.052,-0.11,-0.045
11.054,-0.13,-0.045
11.056,-0.13,-0.05
11.058,-0.135,-0.05
11.06,-0.13,-0.055
11.062,-0.145,-0.055
11.064,-0.12,-0.06
11.066,-0.145,-0.06
11.068,-0.13,-0.06
11.07,-0.14,-0.055
11.072,-0.105,-0.055
11.074,-0.125,-0.055
11.076,-0.15,-0.055
11.078,-0.16,-0.065
11.08,-0.2,-0.075
11.082,-0.165,-0.085
11.084,-0.14,-0.095
11.086,-0.18,-0.1
11.088,-0.16,-0.1
11.09,-0.11,-0.09
11.092,-0.135,-0.075
11.094,-0.16,-0.055
11.096,-0.1,-0.035
11.098,-0.04,-0.015
11.1,-0.055,0.0
11.102,-0.115,0.005
11.104,-0.135,0.0
11.106,-0.115,-0.01
11.108,-0.11,-0.025
11.11,-0.1,-0.04
11.112,-0.115,-0.06
11.114,-0.1,-0.07
11.116,-0.175,-0.08
11.118,-0.16,-0.08
11.12,-0.17,-0.075
11.122,-0.15,-0.07
11.124,-0.15,-0.065
11.126,-0.165,-0.06
11.128,-0.13,-0.055
11.13,-0.13,-0.055
11.132,-0.115,-0.055
11.134,-0.115,-0.055
11.136,-0.115,-0.06
11.138,-0.09,-0.06
11.14,-0.125,-0.055
11.142,-0.16,-0.045
11.144,-0.13,-0.035
11.146,-0.115,-0.025
11.148,-0.085,-0.015
11.15,0.0,-0.005
11.152,-0.045,0.0
11.154,-0.095,0.0
11.156,-0.055,-0.005
11.158,-0.105,-0.015
11.16,-0.14,-0.025
11.162,-0.14,-0.035
11.164,-0.115,-0.04
11.166,-0.075,-0.04
11.168,-0.095,-0.03
11.17,-0.105,-0.015
11.172,-0.125,0.005
11.174,-0.03,0.025
11.176,0.03,0.04
11.178,-0.005,0.055
11.18,-0.05,0.06
11.182,-0.045,0.055
11.184,-0.045,0.045
11.186,-0.075,0.035
11.188,-0.08,0.02
11.19,-0.025,0.01
11.192,-0.015,0.0
11.194,-0.065,0.0
11.196,-0.05,0.0
11.198,-0.085,0.0
11.2,-0.12,-0.005
11.202,-0.1,-0.005
11.204,-0.11,-0.015
11.206,-0.135,-0.025
11.208,-0.135,-0.035
11.21,-0.135,-0.05
11.212,-0.14,-0.06
11.214,-0.135,-0.07
11.216,-0.17,-0.075
11.218,-0.14,-0.07
11.22,-0.15,-0.07
11.222,-0.155,-0.065
11.224,-0.16,-0.06
11.226,-0.17,-0.055
11.228,-0.12,-0.055
11.23,-0.135,-0.06
11.232,-0.13,-0.06
11.234,-0.15,-0.065
11.236,-0.13,-0.07
11.238,-0.125,-0.075
11.24,-0.155,-0.08
11.242,-0.185,-0.085
11.244,-0.135,-0.09
11.246,-0.18,-0.09
11.248,-0.18,-0.095
11.25,-0.19,-0.095
11.252,-0.175,-0.095
11.254,-0.165,-0.095
11.256,-0.14,-0.095
11.258,-0.15,-0.09
11.26,-0.165,-0.085
11.262,-0.205,-0.085
11.264,-0.165,-0.085
11.266,-0.18,-0.085
11.268,-0.17,-0.085
11.27,-0.195,-0.09
11.272,-0.155,-0.095
11.274,-0.18,-0.105
11.276,-0.135,-0.11
11.278,-0.17,-0.11
11.28,-0.21,-0.115
11.282,-0.175,-0.11
11.284,-0.185,-0.11
11.286,-0.195,-0.105
11.288,-0.17,-0.095
11.29,-0.175,-0.09
11.292,-0.155,-0.09
11.294,-0.13,-0.085
11.296,-0.105,-0.085
11.298,-0.13,-0.09
11.3,-0.155,-0.095
11.302,-0.16,-0.105
11.304,-0.165,-0.11
11.306,-0.21,-0.12
11.308,-0.27,-0.12
11.31,-0.25,-0.12
11.312,-0.16,-0.11
11.314,-0.135,-0.09
11.316,-0.13,-0.065
11.318,-0.09,-0.03
11.32,-0.075,0.015
11.322,0.01,0.07
11.324,0.11,0.135
11.326,0.155,0.205
11.328,0.26,0.275
11.33,0.235,0.35
11.332,0.33,0.415
11.334,0.405,0.47
11.336,0.475,0.505
11.338,0.5,0.515
11.34,0.48,0.5
11.342,0.47,0.45
11.344,0.325,0.37
11.346,0.15,0.27
11.348,0.06,0.155
11.35,-0.07,0.035
11.352,-0.21,-0.08
11.354,-0.36,-0.18
11.356,-0.41,-0.25
11.358,-0.4,-0.29
11.36,-0.38,-0.305
11.362,-0.295,-0.29
11.364,-0.25,-0.26
11.366,-0.285,-0.225
11.368,-0.255,-0.185
11.37,-0.275,-0.15
11.372,-0.185,-0.125
11.374,-0.14,-0.11
11.376,-0.155,-0.105
11.378,-0.18,-0.11
11.38,-0.235,-0.11
11.382,-0.18,-0.115
11.384,-0.23,-0.115
11.386,-0.18,-0.115
11.388,-0.17,-0.115
11.39,-0.135,-0.11
11.392,-0.17,-0.105
11.394,-0.2,-0.105
11.396,-0.185,-0.105
11.398,-0.195,-0.105
11.4,-0.19,-0.105
11.402,-0.175,-0.105
11.404,-0.175,-0.1
11.406,-0.1,-0.095
11.408,-0.095,-0.09
11.41,-0.17,-0.08
11.412,-0.145,-0.075
11.414,-0.175,-0.075
11.416,-0.195,-0.075
11.418,-0.175,-0.075
11.42,-0.115,-0.08
11.422,-0.105,-0.08
11.424,-0.185,-0.085
11.426,-0.145,-0.085
11.428,-0.155,-0.085
11.43,-0.14,-0.08
11.432,-0.16,-0.08
11.434,-0.15,-0.08
11.436,-0.12,-0.08
11.438,-0.11,-0.08
11.44,-0.17,-0.085
11.442,-0.14,-0.085
11.444,-0.135,-0.085
11.446,-0.205,-0.08
11.448,-0.145,-0.075
11.45,-0.1,-0.07
11.452,-0.085,-0.06
11.454,-0.09,-0.055
11.456,-0.165,-0.05
11.458,-0.135,-0.05
11.46,-0.145,-0.05
11.462,-0.155,-0.055
11.464,-0.18,-0.06
11.466,-0.17,-0.06
11.468,-0.11,-0.06
11.47,-0.055,-0.055
11.472,-0.06,-0.05
11.474,-0.16,-0.04
11.476,-0.095,-0.03
11.478,-0.115,-0.025
11.48,-0.085,-0.02
11.482,-0.065,-0.02
11.484,-0.095,-0.02
11.486,-0.13,-0.025
11.488,-0.135,-0.03
11.49,-0.12,-0.03
11.492,-0.065,-0.03
11.494,-0.06,-0.02
11.496,-0.05,-0.015
11.498,-0.03,0.0
11.5,-0.06,0.015
11.502,-0.05,0.03
11.504,-0.02,0.04
11.506,-0.02,0.05
11.508,0.005,0.055
11.51,-0.015,0.06
11.512,-0.02,0.065
11.514,0.03,0.065
11.516,0.04,0.07
11.518,-0.015,0.08
11.52,0.015,0.085
11.522,0.02,0.1
11.524,0.085,0.11
11.526,0.06,0.12
11.528,0.07,0.13
11.53,0.09,0.135
11.532,0.105,0.14
11.534,0.105,0.14
11.536,0.065,0.14
11.538,0.05,0.135
11.54,0.045,0.14
11.542,-0.03,0.145
11.544,0.105,0.155
11.546,0.14,0.165
11.548,0.15,0.175
11.55,0.175,0.185
11.552,0.145,0.19
11.554,0.07,0.19
11.556,0.115,0.185
11.558,0.035,0.175
11.56,0.095,0.165
11.562,0.12,0.15
11.564,0.105,0.14
11.566,0.04,0.135
11.568,0.05,0.13
11.57,0.12,0.135
11.572,0.085,0.135
11.574,0.065,0.14
11.576,0.105,0.14
11.578,0.04,0.13
11.58,0.015,0.12
11.582,0.045,0.1
11.584,-0.01,0.075
11.586,-0.04,0.055
11.588,-0.055,0.035
11.59,-0.03,0.02
11.592,-0.06,0.01
11.594,-0.05,0.005
11.596,-0.065,0.005
11.598,-0.025,0.005
11.6,-0.085,0.0
11.602,-0.105,-0.01
11.604,-0.08,-0.025
11.606,-0.065,-0.04
11.608,-0.17,-0.055
11.61,-0.145,-0.07
11.612,-0.12,-0.085
11.614,-0.13,-0.09
11.616,-0.12,-0.085
11.618,-0.115,-0.08
11.62,-0.16,-0.07
11.622,-0.155,-0.06
11.624,-0.135,-0.055
11.626,-0.125,-0.05
11.628,-0.115,-0.045
11.63,-0.135,-0.05
11.632,-0.095,-0.05
11.634,-0.13,-0.055
11.636,-0.135,-0.06
11.638,-0.15,-0.06
11.64,-0.115,-0.06
11.642,-0.14,-0.065
11.644,-0.19,-0.065
11.646,-0.13,-0.065
11.648,-0.075,-0.065
11.65,-0.055,-0.06
11.652,-0.1,-0.06
11.654,-0.165,-0.06
11.656,-0.13,-0.055
11.658,-0.125,-0.055
11.66,-0.09,-0.05
11.662,-0.14,-0.05
11.664,-0.14,-0.055
11.666,-0.125,-0.055
11.668,-0.125,-0.06
11.67,-0.095,-0.065
11.672,-0.13,-0.07
11.674,-0.125,-0.07
11.676,-0.15,-0.07
11.678,-0.145,-0.065
11.68,-0.115,-0.055
11.682,-0.095,-0.05
11.684,-0.005,-0.04
11.686,-0.15,-0.035
11.688,-0.075,-0.025
11.69,-0.06,-0.02
11.692,-0.06,-0.015
11.694,-0.055,-0.01
11.696,-0.075,-0.005
11.698,-0.06,0.0
11.7,-0.055,0.0
11.702,-0.055,0.005
11.704,-0.085,0.005
11.706,-0.07,0.005
11.708,-0.055,0.005
11.71,-0.04,0.0
11.712,-0.065,0.0
11.714,-0.05,-0.005
11.716,-0.055,-0.01
11.718,-0.1,-0.01
11.72,-0.095,-0.01
11.722,-0.035,-0.005
11.724,-0.025,0.0
11.726,-0.055,0.005
11.728,-0.03,0.015
11.73,-0.03,0.025
11.732,-0.02,0.03
11.734,-0.03,0.035
11.736,-0.025,0.04
11.738,-0.05,0.04
11.74,-0.005,0.035
11.742,-0.02,0.025
11.744,-0.05,0.02
11.746,-0.1,0.01
11.748,-0.08,0.0
11.75,-0.105,-0.005
11.752,-0.1,-0.015
11.754,-0.05,-0.025
11.756,-0.07,-0.03
11.758,-0.09,-0.04
11.76,-0.1,-0.05
11.762,-0.105,-0.06
11.764,-0.165,-0.065
11.766,-0.155,-0.07
11.768,-0.12,-0.075
11.77,-0.095,-0.075
11.772,-0.135,-0.075
11.774,-0.11,-0.07
11.776,-0.135,-0.07
11.778,-0.16,-0.065
11.78,-0.12,-0.06
11.782,-0.16,-0.055
11.784,-0.12,-0.055
11.786,-0.13,-0.055
11.788,-0.12,-0.06
11.79,-0.13,-0.06
11.792,-0.095,-0.065
11.794,-0.12,-0.065
11.796,-0.12,-0.07
11.798,-0.125,-0.07
11.8,-0.145,-0.07
11.802,-0.12,-0.07
11.804,-0.105,-0.07
11.806,-0.135,-0.065
11.808,-0.105,-0.065
11.81,-0.145,-0.065
11.812,-0.115,-0.065
11.814,-0.135,-0.065
11.816,-0.15,-0.07
11.818,-0.15,-0.075
11.82,-0.13,-0.08
11.822,-0.135,-0.085
11.824,-0.12,-0.095
11.826,-0.165,-0.095
11.828,-0.145,-0.095
11.83,-0.13,-0.095
11.832,-0.16,-0.09
11.834,-0.145,-0.085
11.836,-0.15,-0.085
11.838,-0.155,-0.085
11.84,-0.185,-0.085
11.842,-0.13,-0.085
11.844,-0.1,-0.09
11.846,-0.165,-0.09
11.848,-0.145,-0.09
11.85,-0.1,-0.085
11.852,-0.095,-0.075
11.854,-0.13,-0.065
11.856,-0.15,-0.05
11.858,-0.115,-0.03
11.86,-0.025,-0.015
11.862,0.02,0.0
11.864,-0.08,0.02
11.866,-0.04,0.045
11.868,0.0,0.08
11.87,0.1,0.125
11.872,0.135,0.185
11.874,0.27,0.255
11.876,0.34,0.33
11.878,0.3,0.41
11.88,0.385,0.475
11.882,0.46,0.52
11.884,0.53,0.54
11.886,0.51,0.525
11.888,0.47,0.475
11.89,0.415,0.395
11.892,0.21,0.295
11.894,0.05,0.18
11.896,-0.04,0.06
11.898,-0.2,-0.045
11.9,-0.285,-0.135
11.902,-0.275,-0.195
11.904,-0.28,-0.235
11.906,-0.31,-0.25
11.908,-0.335,-0.25
11.91,-0.305,-0.23
11.912,-0.235,-0.205
11.914,-0.235,-0.18
11.916,-0.16,-0.15
11.918,-0.225,-0.125
11.92,-0.185,-0.105
11.922,-0.135,-0.09
11.924,-0.125,-0.075
11.926,-0.06,-0.065
11.928,-0.045,-0.055
11.93,-0.075,-0.045
11.932,-0.09,-0.04
11.934,-0.16,-0.04
11.936,-0.105,-0.04
11.938,-0.145,-0.045
11.94,-0.15,-0.055
11.942,-0.14,-0.065
11.944,-0.16,-0.07
11.946,-0.13,-0.075
11.948,-0.13,-0.07
11.95,-0.05,-0.065
11.952,-0.08,-0.05
11.954,-0.12,-0.035
11.956,-0.12,-0.02
11.958,-0.07,-0.01
11.96,-0.035,-0.005
11.962,0.0,-0.005
11.964,-0.085,-0.015
11.966,-0.095,-0.03
11.968,-0.09,-0.04
11.97,-0.115,-0.055
11.972,-0.115,-0.06
11.974,-0.165,-0.06
11.976,-0.145,-0.05
11.978,-0.05,-0.035
11.98,-0.03,-0.02
11.982,-0.025,-0.005
11.984,0.0,0.015
11.986,-0.075,0.025
11.988,-0.055,0.03
11.99,0.005,0.025
11.992,-0.045,0.02
11.994,-0.085,0.01
11.996,-0.02,0.0
11.998,-0.08,-0.005
12.0,-0.11,-0.01
12.002,-0.08,-0.015
12.004,-0.07,-0.01
12.006,-0.05,-0.005
12.008,-0.005,0.0
12.01,-0.02,0.01
12.012,0.0,0.015
12.014,-0.085,0.025
12.016,-0.04,0.025
12.018,-0.045,0.03
12.02,-0.045,0.03
12.022,0.005,0.03
12.024,0.01,0.03
12.026,-0.025,0.035
12.028,-0.06,0.04
12.03,-0.065,0.045
12.032,0.03,0.05
12.034,0.01,0.06
12.036,0.04,0.06
12.038,-0.01,0.065
12.04,0.035,0.065
12.042,0.02,0.065
12.044,0.02,0.065
12.046,-0.005,0.07
12.048,0.01,0.075
12.05,0.025,0.08
12.052,0.02,0.09
12.054,0.06,0.105
12.056,0.055,0.115
12.058,0.105,0.125
12.06,0.085,0.135
12.062,0.095,0.14
12.064,0.1,0.145
12.066,0.145,0.155
12.068,0.07,0.16
12.07,0.055,0.17
12.072,0.145,0.175
12.074,0.135,0.185
12.076,0.14,0.19
12.078,0.13,0.19
12.08,0.145,0.19
12.082,0.105,0.185
12.084,0.15,0.18
12.086,0.155,0.175
12.088,0.09,0.17
12.09,0.095,0.175
12.092,0.14,0.185
12.094,0.165,0.2
12.096,0.115,0.22
12.098,0.24,0.235
12.1,0.18,0.245
12.102,0.245,0.25
12.104,0.19,0.245
12.106,0.22,0.23
12.108,0.065,0.21
12.11,0.11,0.19
12.112,0.155,0.17
12.114,0.185,0.155
12.116,0.075,0.14
12.118,0.11,0.13
12.12,0.04,0.12
12.122,0.025,0.115
12.124,0.045,0.105
12.126,0.115,0.095
12.128,0.0,0.085
12.13,0.075,0.08
12.132,-0.015,0.07
12.134,-0.055,0.07
12.136,0.045,0.075
12.138,0.025,0.085
12.14,0.03,0.095
12.142,0.07,0.105
12.144,0.08,0.11
12.146,0.065,0.105
12.148,0.08,0.095
12.15,0.01,0.07
12.152,-0.06,0.045
12.154,-0.065,0.01
12.156,-0.065,-0.02
12.158,-0.15,-0.04
12.16,-0.135,-0.06
12.162,-0.135,-0.065
12.164,-0.06,-0.06
12.166,-0.035,-0.05
12.168,-0.07,-0.035
12.17,-0.045,-0.02
12.172,-0.155,-0.005
12.174,-0.04,0.0
12.176,-0.07,0.0
12.178,-0.08,-0.01
12.18,-0.07,-0.02
12.182,-0.065,-0.035
12.184,-0.175,-0.05
12.186,-0.065,-0.055
12.188,-0.095,-0.06
12.19,-0.08,-0.055
12.192,-0.135,-0.05
12.194,-0.125,-0.04
12.196,-0.07,-0.025
12.198,-0.045,-0.015
12.2,0.005,-0.01
12.202,-0.045,-0.005
12.204,0.01,-0.005
12.206,-0.085,-0.01
12.208,-0.16,-0.015
12.21,-0.12,-0.02
12.212,-0.14,-0.025
12.214,-0.03,-0.03
12.216,-0.025,-0.035
12.218,-0.075,-0.04
12.22,-0.115,-0.04
12.222,-0.105,-0.04
12.224,-0.105,-0.04
12.226,-0.135,-0.035
12.228,-0.145,-0.03
12.23,-0.15,-0.025
12.232,-0.075,-0.015
12.234,0.065,-0.005
12.236,0.005,0.005
12.238,-0.03,0.015
12.24,-0.12,0.025
12.242,-0.035,0.03
12.244,0.02,0.035
12.246,-0.035,0.035
12.248,-0.045,0.04
12.25,0.01,0.04
12.252,-0.025,0.045
12.254,0.005,0.045
12.256,-0.005,0.05
12.258,0.03,0.055
12.26,0.01,0.06
12.262,0.035,0.07
12.264,0.045,0.075
12.266,0.05,0.075
12.268,-0.025,0.08
12.27,0.04,0.08
12.272,0.06,0.075
12.274,0.035,0.075
12.276,0.02,0.065
12.278,0.015,0.06
12.28,-0.1,0.05
12.282,-0.035,0.04
12.284,0.035,0.025
12.286,0.04,0.015
12.288,-0.085,0.0
12.29,-0.035,-0.01
12.292,-0.115,-0.025
12.294,-0.125,-0.035
12.296,-0.045,-0.045
12.298,-0.115,-0.05
12.3,-0.16,-0.055
12.302,-0.115,-0.055
12.304,-0.07,-0.055
12.306,-0.07,-0.055
12.308,-0.055,-0.055
12.31,-0.125,-0.05
12.312,-0.17,-0.05
12.314,-0.115,-0.05
12.316,-0.12,-0.05
12.318,-0.1,-0.05
12.32,-0.11,-0.05
12.322,-0.095,-0.055
12.324,-0.075,-0.06
12.326,-0.11,-0.06
12.328,-0.14,-0.065
12.33,-0.16,-0.07
12.332,-0.175,-0.075
12.334,-0.105,-0.08
12.336,-0.125,-0.085
12.338,-0.105,-0.09
12.34,-0.16,-0.09
12.342,-0.125,-0.085
12.344,-0.12,-0.08
12.346,-0.05,-0.075
12.348,-0.115,-0.065
12.35,-0.205,-0.055
12.352,-0.08,-0.05
12.354,-0.15,-0.045
12.356,-0.085,-0.05
12.358,-0.09,-0.055
12.36,-0.125,-0.065
12.362,-0.09,-0.075
12.364,-0.155,-0.085
12.366,-0.15,-0.1
12.368,-0.125,-0.105
12.37,-0.125,-0.11
12.372,-0.14,-0.11
12.374,-0.165,-0.105
12.376,-0.15,-0.1
12.378,-0.135,-0.09
12.38,-0.14,-0.085
12.382,-0.175,-0.08
12.384,-0.18,-0.08
12.386,-0.205,-0.08
12.388,-0.09,-0.08
12.39,-0.095,-0.085
12.392,-0.12,-0.09
12.394,-0.11,-0.095
12.396,-0.195,-0.095
12.398,-0.16,-0.09
12.4,-0.115,-0.08
12.402,-0.095,-0.06
12.404,-0.05,-0.025
12.406,-0.025,0.025
12.408,0.02,0.09
12.41,0.165,0.165
12.412,0.265,0.255
12.414,0.305,0.35
12.416,0.335,0.445
12.418,0.51,0.53
12.42,0.635,0.595
12.422,0.645,0.63
12.424,0.66,0.63
12.426,0.58,0.59
12.428,0.465,0.515
12.43,0.32,0.4
12.432,0.19,0.26
12.434,0.005,0.105
12.436,-0.105,-0.05
12.438,-0.31,-0.19
12.44,-0.45,-0.305
12.442,-0.485,-0.385
12.444,-0.54,-0.43
12.446,-0.41,-0.44
12.448,-0.495,-0.415
12.45,-0.4,-0.375
12.452,-0.36,-0.32
12.454,-0.305,-0.27
12.456,-0.25,-0.22
12.458,-0.295,-0.185
12.46,-0.175,-0.16
12.462,-0.14,-0.145
12.464,-0.18,-0.14
12.466,-0.18,-0.135
12.468,-0.18,-0.13
12.47,-0.155,-0.12
12.472,-0.07,-0.105
12.474,-0.135,-0.09
12.476,-0.23,-0.07
12.478,-0.18,-0.05
12.48,-0.03,-0.035
12.482,-0.085,-0.025
12.484,-0.01,-0.02
12.486,0.02,-0.015
12.488,-0.01,-0.02
12.49,-0.155,-0.025
12.492,-0.135,-0.03
12.494,-0.065,-0.035
12.496,-0.12,-0.04
12.498,-0.08,-0.05
12.5,-0.125,-0.055
12.502,-0.16,-0.065
12.504,-0.09,-0.07
12.506,0.0,-0.075
12.508,-0.12,-0.075
12.51,-0.21,-0.075
12.512,-0.14,-0.075
12.514,-0.17,-0.07
12.516,-0.115,-0.065
12.518,-0.12,-0.06
12.52,-0.085,-0.06
12.522,-0.125,-0.055
12.524,-0.035,-0.055
12.526,-0.01,-0.055
12.528,-0.13,-0.05
12.53,-0.135,-0.045
12.532,-0.115,-0.035
12.534,-0.06,-0.025
12.536,-0.075,-0.02
12.538,-0.035,-0.01
12.54,-0.04,-0.005
12.542,-0.07,0.0
12.544,-0.065,0.0
12.546,-0.03,0.0
12.548,-0.065,-0.005
12.55,-0.09,-0.005
12.552,-0.01,0.0
12.554,-0.015,0.005
12.556,-0.07,0.01
12.558,-0.005,0.015
12.56,-0.045,0.015
12.562,-0.105,0.01
12.564,-0.035,0.005
12.566,-0.015,-0.005
12.568,-0.125,-0.015
12.57,0.035,-0.02
12.572,-0.095,-0.02
12.574,-0.09,-0.01
12.576,-0.025,0.005
12.578,-0.07,0.025
12.58,0.03,0.045
12.582,0.01,0.07
12.584,0.04,0.085
12.586,0.045,0.1
12.588,0.01,0.105
12.59,0.085,0.11
12.592,0.03,0.105
12.594,0.1,0.105
12.596,0.065,0.105
12.598,0.045,0.11
12.6,0.06,0.115
12.602,0.075,0.125
12.604,0.065,0.14
12.606,0.04,0.15
12.608,0.135,0.165
12.61,0.13,0.175
12.612,0.185,0.18
12.614,0.155,0.185
12.616,0.115,0.19
12.618,0.065,0.195
12.62,0.115,0.195
12.622,0.135,0.2
12.624,0.24,0.21
12.626,0.23,0.215
12.628,0.155,0.225
12.63,0.19,0.23
12.632,0.16,0.24
12.634,0.12,0.245
12.636,0.2,0.25
12.638,0.22,0.255
12.64,0.225,0.26
12.642,0.22,0.26
12.644,0.18,0.265
12.646,0.2,0.265
12.648,0.285,0.265
12.65,0.225,0.26
12.652,0.205,0.255
12.654,0.14,0.25
12.656,0.1,0.235
12.658,0.16,0.22
12.66,0.2,0.2
12.662,0.155,0.175
12.664,0.095,0.15
12.666,0.05,0.125
12.668,0.065,0.1
12.67,0.07,0.075
12.672,-0.015,0.055
12.674,0.005,0.04
12.676,-0.075,0.025
12.678,-0.07,0.01
12.68,-0.045,0.0
12.682,-0.08,-0.01
12.684,0.0,-0.02
12.686,0.01,-0.03
12.688,-0.165,-0.035
12.69,-0.15,-0.04
12.692,-0.09,-0.045
12.694,-0.12,-0.045
12.696,-0.15,-0.045
12.698,-0.06,-0.045
12.7,-0.035,-0.045
12.702,-0.04,-0.05
12.704,-0.105,-0.055
12.706,-0.185,-0.055
12.708,-0.2,-0.06
12.71,-0.165,-0.065
12.712,-0.095,-0.065
12.714,-0.035,-0.06
12.716,-0.03,-0.055
12.718,-0.08,-0.05
12.72,-0.16,-0.045
12.722,-0.13,-0.04
12.724,-0.07,-0.04
12.726,-0.105,-0.04
12.728,-0.13,-0.05
12.73,-0.135,-0.06
12.732,-0.135,-0.07
12.734,-0.1,-0.08
12.736,-0.15,-0.09
12.738,-0.18,-0.095
12.74,-0.145,-0.095
12.742,-0.12,-0.09
12.744,-0.12,-0.085
12.746,-0.135,-0.08
12.748,-0.12,-0.07
12.75,-0.125,-0.065
12.752,-0.105,-0.06
12.754,-0.115,-0.055
12.756,-0.1,-0.05
12.758,-0.05,-0.045
12.76,-0.065,-0.04
12.762,-0.12,-0.035
12.764,-0.1,-0.025
12.766,-0.075,-0.015
12.768,-0.02,-0.01
12.77,-0.04,0.0
12.772,-0.08,0.0
12.774,-0.05,0.0
12.776,-0.08,-0.005
12.778,-0.065,-0.015
12.78,0.035,-0.025
12.782,-0.09,-0.03
12.784,-0.14,-0.04
12.786,-0.155,-0.045
12.788,-0.13,-0.045
12.79,-0.085,-0.04
12.792,-0.075,-0.03
12.794,-0.1,-0.015
12.796,-0.015,0.0
12.798,0.045,0.015
12.8,0.08,0.025
12.802,-0.075,0.03
12.804,-0.125,0.035
12.806,-0.065,0.035
12.808,0.025,0.03
12.81,-0.025,0.025
12.812,0.01,0.02
12.814,-0.035,0.015
12.816,-0.015,0.01
12.818,-0.095,0.01
12.82,-0.01,0.01
12.822,-0.015,0.01
12.824,-0.05,0.005
12.826,-0.135,-0.005
12.828,-0.035,-0.02
12.83,-0.025,-0.04
12.832,-0.105,-0.065
12.834,-0.18,-0.09
12.836,-0.245,-0.11
12.838,-0.22,-0.13
12.84,-0.155,-0.14
12.842,-0.155,-0.15
12.844,-0.165,-0.15
12.846,-0.2,-0.145
12.848,-0.215,-0.14
12.85,-0.205,-0.13
12.852,-0.16,-0.12
12.854,-0.13,-0.115
12.856,-0.105,-0.105
12.858,-0.125,-0.095
12.86,-0.15,-0.09
12.862,-0.16,-0.09
12.864,-0.225,-0.09
12.866,-0.15,-0.095
12.868,-0.175,-0.105
12.87,-0.16,-0.12
12.872,-0.11,-0.14
12.874,-0.215,-0.155
12.876,-0.275,-0.17
12.878,-0.26,-0.18
12.88,-0.24,-0.185
12.882,-0.19,-0.175
12.884,-0.2,-0.165
12.886,-0.14,-0.145
12.888,-0.13,-0.13
12.89,-0.14,-0.115
12.892,-0.265,-0.11
12.894,-0.195,-0.105
12.896,-0.16,-0.11
12.898,-0.17,-0.125
12.9,-0.21,-0.135
12.902,-0.135,-0.15
12.904,-0.22,-0.155
12.906,-0.215,-0.16
12.908,-0.19,-0.16
12.91,-0.205,-0.155
12.912,-0.22,-0.145
12.914,-0.24,-0.14
12.916,-0.225,-0.135
12.918,-0.17,-0.135
12.92,-0.165,-0.14
12.922,-0.2,-0.145
12.924,-0.2,-0.15
12.926,-0.195,-0.155
12.928,-0.305,-0.155
12.93,-0.155,-0.15
12.932,-0.125,-0.145
12.934,-0.185,-0.135
12.936,-0.175,-0.12
12.938,-0.22,-0.11
12.94,-0.105,-0.095
12.942,-0.195,-0.08
12.944,-0.205,-0.06
12.946,-0.09,-0.03
12.948,0.015,0.02
12.95,0.115,0.085
12.952,0.065,0.165
12.954,0.275,0.26
12.956,0.3,0.36
12.958,0.355,0.45
12.96,0.445,0.52
12.962,0.635,0.56
12.964,0.59,0.555
12.966,0.52,0.505
12.968,0.37,0.405
12.97,0.155,0.265
12.972,-0.015,0.1
12.974,-0.17,-0.065
12.976,-0.315,-0.225
12.978,-0.465,-0.355
12.98,-0.59,-0.445
12.982,-0.555,-0.495
12.984,-0.51,-0.505
12.986,-0.495,-0.485
12.988,-0.475,-0.445
12.99,-0.375,-0.395
12.992,-0.445,-0.345
12.994,-0.4,-0.305
12.996,-0.33,-0.275
12.998,-0.3,-0.255
13.0,-0.295,-0.24
13.002,-0.28,-0.23
13.004,-0.25,-0.215
13.006,-0.165,-0.195
13.008,-0.21,-0.175
13.01,-0.225,-0.15
13.012,-0.145,-0.125
13.014,-0.15,-0.105
13.016,-0.165,-0.1
13.018,-0.185,-0.1
13.02,-0.215,-0.105
13.022,-0.24,-0.12
13.024,-0.21,-0.14
13.026,-0.145,-0.15
13.028,-0.145,-0.16
13.03,-0.195,-0.155
13.032,-0.225,-0.145
13.034,-0.175,-0.13
13.036,-0.21,-0.11
13.038,-0.285,-0.09
13.04,-0.12,-0.075
13.042,-0.1,-0.07
13.044,-0.125,-0.075
13.046,-0.115,-0.09
13.048,-0.11,-0.11
13.05,-0.24,-0.13
13.052,-0.235,-0.145
13.054,-0.2,-0.155
13.056,-0.18,-0.15
13.058,-0.17,-0.14
13.06,-0.19,-0.12
13.062,-0.125,-0.095
13.064,-0.16,-0.075
13.066,-0.085,-0.055
13.068,-0.12,-0.045
13.07,-0.075,-0.04
13.072,-0.125,-0.045
13.074,-0.115,-0.055
13.076,-0.145,-0.065
13.078,-0.16,-0.07
13.08,-0.15,-0.07
13.082,-0.08,-0.065
13.084,-0.1,-0.055
13.086,-0.085,-0.045
13.088,-0.105,-0.035
13.09,-0.055,-0.03
13.092,-0.03,-0.025
13.094,0.0,-0.03
13.096,-0.2,-0.035
13.098,-0.15,-0.04
13.1,-0.095,-0.04
13.102,0.0,-0.04
13.104,-0.07,-0.035
13.106,-0.065,-0.025
13.108,-0.05,-0.015
13.11,-0.105,0.0
13.112,-0.125,0.01
13.114,-0.03,0.015
13.116,0.025,0.02
13.118,0.0,0.02
13.12,-0.045,0.02
13.122,-0.115,0.025
13.124,-0.085,0.03
13.126,-0.015,0.045
13.128,0.105,0.06
13.13,0.07,0.085
13.132,0.09,0.11
13.134,0.065,0.135
13.136,0.04,0.155
13.138,0.115,0.17
13.14,0.035,0.185
13.142,0.14,0.19
13.144,0.19,0.195
13.146,0.15,0.2
13.148,0.18,0.21
13.15,0.24,0.22
13.152,0.245,0.24
13.154,0.23,0.26
13.156,0.25,0.285
13.158,0.175,0.305
13.16,0.205,0.325
13.162,0.295,0.335
13.164,0.295,0.335
13.166,0.28,0.325
13.168,0.225,0.305
13.17,0.245,0.27
13.172,0.235,0.235
13.174,0.225,0.195
13.176,0.035,0.16
13.178,-0.13,0.13
13.18,-0.025,0.11
13.182,0.085,0.105
13.184,0.13,0.11
13.186,0.125,0.12
13.188,0.14,0.135
13.19,0.18,0.15
13.192,0.08,0.165
13.194,0.035,0.17
13.196,0.045,0.17
13.198,0.09,0.165
13.2,0.08,0.15
13.202,0.085,0.135
13.204,0.07,0.12
13.206,0.11,0.105
13.208,0.055,0.09
13.21,-0.015,0.08
13.212,-0.06,0.07
13.214,-0.01,0.06
13.216,0.015,0.05
13.218,0.035,0.045
13.22,0.02,0.03
13.222,-0.095,0.02
13.224,-0.09,0.005
13.226,-0.06,-0.005
13.228,-0.055,-0.02
13.23,-0.1,-0.03
13.232,-0.105,-0.045
13.234,0.01,-0.05
13.236,-0.15,-0.06
13.238,-0.15,-0.065
13.24,-0.115,-0.07
13.242,-0.115,-0.07
13.244,-0.155,-0.075
13.246,-0.19,-0.075
13.248,-0.175,-0.08
13.25,-0.135,-0.08
13.252,-0.075,-0.085
13.254,-0.05,-0.085
13.256,-0.1,-0.085
13.258,-0.175,-0.085
13.26,-0.185,-0.085
13.262,-0.155,-0.08
13.264,-0.145,-0.07
13.266,-0.085,-0.065
13.268,-0.07,-0.06
13.27,-0.12,-0.05
13.272,-0.18,-0.05
13.274,-0.125,-0.055
13.276,-0.04,-0.06
13.278,-0.135,-0.07
13.28,-0.07,-0.085
13.282,-0.21,-0.095
13.284,-0.2,-0.105
13.286,-0.13,-0.105
13.288,-0.16,-0.1
13.29,-0.13,-0.09
13.292,-0.105,-0.07
13.294,-0.13,-0.05
13.296,-0.095,-0.035
13.298,-0.065,-0.02
13.3,-0.07,-0.01
13.302,-0.025,-0.01
13.304,-0.045,-0.015
13.306,-0.105,-0.025
13.308,-0.105,-0.04
13.31,-0.15,-0.045
13.312,-0.135,-0.05
13.314,-0.155,-0.05
13.316,-0.075,-0.045
13.318,-0.06,-0.04
13.32,-0.005,-0.03
13.322,-0.005,-0.025
13.324,-0.07,-0.02
13.326,-0.1,-0.015
13.328,-0.095,-0.015
13.33,-0.09,-0.01
13.332,-0.065,-0.005
13.334,-0.06,0.005
13.336,-0.035,0.015
13.338,0.02,0.025
13.34,0.01,0.035
13.342,-0.02,0.04
13.344,-0.055,0.045
13.346,-0.015,0.04
13.348,-0.035,0.035
13.35,-0.12,0.02
13.352,-0.075,0.01
13.354,-0.03,0.0
13.356,-0.005,-0.005
13.358,-0.02,-0.01
13.36,-0.06,-0.01
13.362,-0.115,-0.015
13.364,-0.105,-0.015
13.366,-0.105,-0.02
13.368,-0.08,-0.03
13.37,-0.095,-0.04
13.372,-0.115,-0.055
13.374,-0.085,-0.065
13.376,-0.125,-0.07
13.378,-0.14,-0.075
13.38,-0.105,-0.075
13.382,-0.075,-0.065
13.384,-0.135,-0.06
13.386,-0.16,-0.055
13.388,-0.115,-0.05
13.39,-0.125,-0.05
13.392,-0.165,-0.05
13.394,-0.175,-0.055
13.396,-0.05,-0.06
13.398,-0.05,-0.065
13.4,-0.13,-0.07
13.402,-0.14,-0.07
13.404,-0.105,-0.07
13.406,-0.135,-0.07
13.408,-0.185,-0.07
13.41,-0.18,-0.07
13.412,-0.125,-0.075
13.414,-0.115,-0.08
13.416,-0.025,-0.085
13.418,-0.11,-0.095
13.42,-0.215,-0.1
13.422,-0.215,-0.105
13.424,-0.235,-0.105
13.426,-0.165,-0.1
13.428,-0.105,-0.095
13.43,-0.135,-0.09
13.432,-0.13,-0.085
13.434,-0.16,-0.08
13.436,-0.105,-0.075
13.438,-0.14,-0.07
13.44,-0.13,-0.07
13.442,-0.115,-0.075
13.444,-0.145,-0.075
13.446,-0.175,-0.08
13.448,-0.16,-0.085
13.45,-0.12,-0.09
13.452,-0.09,-0.1
13.454,-0.115,-0.1
13.456,-0.18,-0.105
13.458,-0.18,-0.105
13.46,-0.17,-0.105
13.462,-0.2,-0.1
13.464,-0.22,-0.09
13.466,-0.135,-0.085
13.468,-0.14,-0.075
13.47,-0.05,-0.065
13.472,-0.045,-0.055
13.474,-0.14,-0.05
13.476,-0.11,-0.045
13.478,-0.105,-0.035
13.48,-0.09,-0.02
13.482,-0.095,0.0
13.484,-0.01,0.025
13.486,0.04,0.06
13.488,0.065,0.105
13.49,0.12,0.16
13.492,0.185,0.22
13.494,0.295,0.285
13.496,0.31,0.345
13.498,0.35,0.4
13.5,0.4,0.44
13.502,0.41,0.455
13.504,0.44,0.45
13.506,0.4,0.42
13.508,0.35,0.36
13.51,0.21,0.275
13.512,0.085,0.175
13.514,-0.065,0.065
13.516,-0.115,-0.045
13.518,-0.25,-0.145
13.52,-0.38,-0.23
13.522,-0.36,-0.29
13.524,-0.395,-0.325
13.526,-0.395,-0.335
13.528,-0.325,-0.325
13.53,-0.32,-0.3
13.532,-0.305,-0.265
13.534,-0.245,-0.225
13.536,-0.23,-0.19
13.538,-0.24,-0.155
13.54,-0.235,-0.13
13.542,-0.15,-0.11
13.544,-0.105,-0.095
13.546,-0.14,-0.085
13.548,-0.14,-0.08
13.55,-0.155,-0.075
13.552,-0.135,-0.07
13.554,-0.105,-0.065
13.556,-0.085,-0.065
13.558,-0.1,-0.06
13.56,-0.145,-0.06
13.562,-0.115,-0.06
13.564,-0.11,-0.06
13.566,-0.085,-0.06
13.568,-0.11,-0.06
13.57,-0.11,-0.06
13.572,-0.09,-0.06
13.574,-0.14,-0.055
13.576,-0.09,-0.055
13.578,-0.12,-0.05
13.58,-0.145,-0.045
13.582,-0.11,-0.045
13.584,-0.075,-0.045
13.586,-0.09,-0.045
13.588,-0.08,-0.045
13.59,-0.12,-0.05
13.592,-0.1,-0.05
13.594,-0.07,-0.05
13.596,-0.065,-0.05
13.598,-0.11,-0.045
13.6,-0.085,-0.035
13.602,-0.095,-0.025
13.604,-0.105,-0.015
13.606,-0.11,-0.01
13.608,0.01,0.0
13.61,-0.025,0.0
13.612,-0.06,0.0
13.614,-0.07,-0.005
13.616,-0.065,-0.01
13.618,-0.13,-0.015
13.62,-0.1,-0.02
13.622,-0.095,-0.02
13.624,-0.04,-0.02
13.626,-0.05,-0.015
13.628,-0.08,-0.005
13.63,-0.01,0.0
13.632,-0.095,0.005
13.634,-0.03,0.01
13.636,-0.08,0.01
13.638,-0.04,0.015
13.64,-0.035,0.015
13.642,-0.07,0.02
13.644,-0.005,0.025
13.646,-0.03,0.03
13.648,-0.04,0.04
13.65,0.0,0.05
13.652,0.01,0.055
13.654,0.01,0.065
13.656,0.045,0.07
13.658,0.02,0.07
13.66,0.0,0.075
13.662,0.005,0.075
13.664,0.045,0.08
13.666,0.025,0.08
13.668,-0.015,0.09
13.67,0.035,0.1
13.672,0.04,0.11
13.674,0.09,0.125
13.676,0.15,0.14
13.678,0.09,0.15
13.68,0.135,0.165
13.682,0.145,0.175
13.684,0.11,0.18
13.686,0.125,0.185
13.688,0.105,0.185
13.69,0.15,0.19
13.692,0.075,0.19
13.694,0.15,0.19
13.696,0.165,0.195
13.698,0.14,0.195
13.7,0.165,0.2
13.702,0.165,0.205
13.704,0.18,0.21
13.706,0.185,0.215
13.708,0.2,0.22
13.71,0.175,0.23
13.712,0.175,0.235
13.714,0.145,0.24
13.716,0.18,0.24
13.718,0.225,0.245
13.72,0.2,0.245
13.722,0.16,0.24
13.724,0.17,0.235
13.726,0.2,0.23
13.728,0.18,0.215
13.73,0.155,0.205
13.732,0.145,0.19
13.734,0.105,0.175
13.736,0.125,0.165
13.738,0.06,0.155
13.74,0.03,0.15
13.742,0.105,0.145
13.744,0.1,0.14
13.746,0.09,0.135
13.748,0.055,0.13
13.75,0.03,0.115
13.752,0.12,0.1
13.754,-0.02,0.075
13.756,-0.05,0.05
13.758,-0.035,0.025
13.76,0.01,0.005
13.762,-0.07,-0.005
13.764,-0.045,-0.015
13.766,-0.075,-0.015
13.768,-0.11,-0.01
13.77,-0.04,-0.005
13.772,-0.04,-0.005
13.774,-0.09,-0.005
13.776,-0.065,-0.005
13.778,-0.08,-0.015
13.78,-0.03,-0.02
13.782,-0.015,-0.03
13.784,-0.075,-0.035
13.786,-0.115,-0.04
13.788,-0.19,-0.04
13.79,-0.105,-0.04
13.792,-0.13,-0.035
13.794,-0.07,-0.035
13.796,-0.065,-0.04
13.798,-0.085,-0.045
13.8,-0.125,-0.055
13.802,-0.16,-0.065
13.804,-0.14,-0.07
13.806,-0.07,-0.075
13.808,-0.09,-0.07
13.81,-0.1,-0.065
13.812,-0.17,-0.055
13.814,-0.185,-0.04
13.816,-0.045,-0.03
13.818,-0.07,-0.02
13.82,-0.035,-0.02
13.822,0.0,-0.025
13.824,-0.085,-0.03
13.826,-0.165,-0.04
13.828,-0.08,-0.055
13.83,-0.08,-0.06
13.832,-0.13,-0.06
13.834,-0.11,-0.055
13.836,-0.095,-0.04
13.838,-0.075,-0.025
13.84,-0.085,0.0
13.842,-0.125,0.02
13.844,0.06,0.035
13.846,0.025,0.045
13.848,-0.025,0.05
13.85,0.025,0.04
13.852,0.035,0.03
13.854,-0.07,0.015
13.856,-0.1,0.0
13.858,-0.09,-0.015
13.86,-0.065,-0.02
13.862,-0.015,-0.02
13.864,-0.04,-0.015
13.866,-0.035,-0.005
13.868,-0.05,0.005
13.87,-0.02,0.015
13.872,0.05,0.025
13.874,-0.045,0.025
13.876,-0.065,0.025
13.878,-0.09,0.02
13.88,-0.09,0.015
13.882,-0.045,0.015
13.884,0.025,0.015
13.886,0.02,0.02
13.888,0.075,0.03
13.89,0.07,0.04
13.892,-0.075,0.045
13.894,-0.095,0.05
13.896,-0.03,0.05
13.898,0.07,0.045
13.9,0.005,0.035
13.902,-0.03,0.02
13.904,-0.08,0.01
13.906,-0.065,0.0
13.908,-0.04,-0.005
13.91,-0.015,-0.01
13.912,-0.055,-0.015
13.914,-0.075,-0.025
13.916,-0.045,-0.035
13.918,-0.11,-0.05
13.92,-0.21,-0.07
13.922,-0.17,-0.095
13.924,-0.195,-0.12
13.926,-0.15,-0.14
13.928,-0.215,-0.15
13.93,-0.185,-0.155
13.932,-0.125,-0.145
13.934,-0.125,-0.13
13.936,-0.135,-0.105
13.938,-0.12,-0.08
13.94,-0.115,-0.06
13.942,-0.15,-0.05
13.944,-0.13,-0.04
13.946,-0.025,-0.04
13.948,-0.04,-0.045
13.95,-0.115,-0.055
13.952,-0.18,-0.055
13.954,-0.065,-0.06
13.956,-0.145,-0.055
13.958,-0.165,-0.055
13.96,-0.05,-0.05
13.962,-0.08,-0.055
13.964,-0.125,-0.06
13.966,-0.125,-0.075
13.968,-0.205,-0.09
13.97,-0.195,-0.105
13.972,-0.145,-0.12
13.974,-0.12,-0.125
13.976,-0.205,-0.125
13.978,-0.14,-0.11
13.98,-0.195,-0.095
13.982,-0.02,-0.075
13.984,-0.08,-0.06
13.986,-0.145,-0.05
13.988,-0.16,-0.045
13.99,-0.18,-0.055
13.992,-0.155,-0.07
13.994,-0.11,-0.085
13.996,-0.1,-0.1
13.998,-0.125,-0.11
14.0,-0.165,-0.115
14.002,-0.22,-0.11
14.004,-0.14,-0.1
14.006,-0.165,-0.09
14.008,-0.105,-0.07
14.01,-0.14,-0.05
14.012,-0.13,-0.03
14.014,-0.03,0.0
14.016,-0.015,0.035
14.018,0.065,0.08
14.02,0.125,0.14
14.022,0.19,0.21
14.024,0.245,0.29
14.026,0.36,0.375
14.028,0.475,0.46
14.03,0.445,0.53
14.032,0.56,0.585
14.034,0.605,0.61
14.036,0.575,0.6
14.038,0.505,0.555
14.04,0.42,0.475
14.042,0.35,0.37
14.044,0.25,0.24
14.046,0.075,0.105
14.048,-0.15,-0.025
14.05,-0.275,-0.14
14.052,-0.4,-0.23
14.054,-0.395,-0.295
14.056,-0.365,-0.325
14.058,-0.375,-0.33
14.06,-0.27,-0.315
14.062,-0.295,-0.285
14.064,-0.295,-0.25
14.066,-0.295,-0.215
14.068,-0.245,-0.18
14.07,-0.175,-0.155
14.072,-0.135,-0.135
14.074,-0.115,-0.125
14.076,-0.085,-0.11
14.078,-0.15,-0.1
14.08,-0.14,-0.095
14.082,-0.22,-0.085
14.084,-0.115,-0.08
14.086,-0.155,-0.08
14.088,-0.1,-0.085
14.09,-0.08,-0.09
14.092,-0.155,-0.1
14.094,-0.2,-0.11
14.096,-0.21,-0.115
14.098,-0.2,-0.12
14.1,-0.145,-0.115
14.102,-0.06,-0.11
14.104,-0.095,-0.095
14.106,-0.105,-0.085
14.108,-0.11,-0.07
14.11,-0.17,-0.06
14.112,-0.085,-0.055
14.114,-0.09,-0.055
14.116,-0.09,-0.06
14.118,-0.175,-0.065
14.12,-0.11,-0.07
14.122,-0.125,-0.075
14.124,0.005,-0.08
14.126,-0.155,-0.08
14.128,-0.17,-0.075
14.13,-0.145,-0.065
14.132,-0.075,-0.055
14.134,-0.095,-0.04
14.136,-0.045,-0.03
14.138,-0.045,-0.02
14.14,-0.075,-0.015
14.142,-0.06,-0.015
14.144,-0.09,-0.02
14.146,-0.045,-0.03
14.148,-0.075,-0.04
14.15,-0.105,-0.045
14.152,-0.07,-0.05
14.154,-0.165,-0.05
14.156,-0.11,-0.04
14.158,-0.035,-0.025
14.16,0.005,-0.01
14.162,0.04,0.005
14.164,0.02,0.02
14.166,0.03,0.025
14.168,-0.125,0.025
14.17,-0.065,0.015
14.172,-0.035,0.0
14.174,-0.04,-0.02
14.176,-0.08,-0.035
14.178,-0.065,-0.045
14.18,-0.1,-0.05
14.182,-0.15,-0.045
14.184,-0.045,-0.03
14.186,-0.045,-0.01
14.188,0.02,0.015
14.19,0.035,0.035
14.192,0.005,0.05
14.194,0.035,0.055
14.196,0.045,0.06
14.198,-0.02,0.055
14.2,0.005,0.05
14.202,0.035,0.05
14.204,0.05,0.055
14.206,-0.005,0.06
14.208,0.035,0.08
14.21,0.075,0.1
14.212,0.065,0.125
14.214,0.145,0.15
14.216,0.175,0.17
14.218,0.135,0.185
14.22,0.17,0.195
14.222,0.155,0.2
14.224,0.12,0.195
14.226,0.135,0.195
14.228,0.115,0.19
14.23,0.16,0.185
14.232,0.16,0.18
14.234,0.165,0.18
14.236,0.215,0.185
14.238,0.145,0.19
14.24,0.135,0.195
14.242,0.16,0.2
14.244,0.205,0.21
14.246,0.145,0.215
14.248,0.19,0.22
14.25,0.16,0.22
14.252,0.205,0.225
14.254,0.19,0.225
14.256,0.155,0.225
14.258,0.195,0.22
14.26,0.175,0.22
14.262,0.17,0.215
14.264,0.16,0.21
14.266,0.095,0.2
14.268,0.09,0.19
14.27,0.16,0.185
14.272,0.15,0.175
14.274,0.175,0.16
14.276,0.155,0.15
14.278,0.075,0.135
14.28,0.095,0.125
14.282,0.04,0.11
14.284,0.04,0.095
14.286,0.045,0.075
14.288,-0.01,0.06
14.29,0.01,0.04
14.292,0.04,0.025
14.294,0.025,0.005
14.296,0.02,-0.01
14.298,-0.105,-0.02
14.3,-0.115,-0.03
14.302,-0.155,-0.035
14.304,-0.06,-0.04
14.306,-0.09,-0.045
14.308,-0.065,-0.045
14.31,-0.085,-0.05
14.312,-0.07,-0.05
14.314,-0.035,-0.05
14.316,-0.06,-0.05
14.318,-0.05,-0.05
14.32,-0.145,-0.05
14.322,-0.145,-0.045
14.324,-0.08,-0.045
14.326,-0.02,-0.04
14.328,-0.07,-0.035
14.33,-0.07,-0.035
14.332,-0.09,-0.04
14.334,-0.13,-0.04
14.336,-0.09,-0.045
14.338,-0.06,-0.05
14.34,-0.1,-0.055
14.342,-0.04,-0.055
14.344,-0.085,-0.05
14.346,-0.09,-0.045
14.348,-0.1,-0.035
14.35,-0.065,-0.03
14.352,-0.045,-0.025
14.354,-0.055,-0.025
14.356,-0.05,-0.03
14.358,-0.025,-0.04
14.36,-0.07,-0.045
14.362,-0.135,-0.055
14.364,-0.145,-0.06
14.366,-0.1,-0.06
14.368,-0.06,-0.055
14.37,-0.02,-0.045
14.372,-0.015,-0.035
14.374,-0.07,-0.02
14.376,-0.04,0.0
14.378,0.0,0.01
14.38,-0.015,0.02
14.382,-0.045,0.03
14.384,-0.02,0.03
14.386,-0.065,0.03
14.388,0.005,0.025
14.39,-0.005,0.02
14.392,0.045,0.015
14.394,0.02,0.005
14.396,-0.08,0.0
14.398,-0.055,-0.01
14.4,-0.045,-0.015
14.402,-0.045,-0.025
14.404,-0.03,-0.03
14.406,-0.1,-0.03
14.408,-0.065,-0.03
14.41,-0.03,-0.025
14.412,-0.025,-0.02
14.414,-0.005,-0.01
14.416,0.005,0.005
14.418,0.0,0.015
14.42,0.02,0.025
14.422,0.025,0.03
14.424,0.02,0.035
14.426,-0.015,0.04
14.428,-0.065,0.035
14.43,-0.095,0.03
14.432,0.02,0.025
14.434,0.03,0.015
14.436,-0.05,0.005
14.438,-0.01,-0.01
14.44,-0.05,-0.02
14.442,-0.07,-0.03
14.444,-0.105,-0.04
14.446,-0.115,-0.05
14.448,-0.135,-0.06
14.45,-0.14,-0.065
14.452,-0.11,-0.075
14.454,-0.025,-0.08
14.456,-0.025,-0.08
14.458,-0.195,-0.085
14.46,-0.115,-0.085
14.462,-0.17,-0.085
14.464,-0.115,-0.09
14.466,-0.135,-0.095
14.468,-0.12,-0.095
14.47,-0.17,-0.105
14.472,-0.11,-0.11
14.474,-0.105,-0.115
14.476,-0.175,-0.12
14.478,-0.2,-0.125
14.48,-0.22,-0.125
14.482,-0.18,-0.125
14.484,-0.16,-0.125
14.486,-0.09,-0.12
14.488,-0.11,-0.12
14.49,-0.115,-0.115
14.492,-0.205,-0.115
14.494,-0.17,-0.115
14.496,-0.135,-0.11
14.498,-0.145,-0.105
14.5,-0.18,-0.1
14.502,-0.15,-0.095
14.504,-0.1,-0.09
14.506,-0.055,-0.085
14.508,-0.06,-0.08
14.51,-0.06,-0.085
14.512,-0.14,-0.085
14.514,-0.15,-0.095
14.516,-0.18,-0.1
14.518,-0.165,-0.11
14.52,-0.145,-0.115
14.522,-0.135,-0.12
14.524,-0.19,-0.125
14.526,-0.19,-0.125
14.528,-0.14,-0.12
14.53,-0.09,-0.12
14.532,-0.1,-0.12
14.534,-0.195,-0.12
14.536,-0.185,-0.115
14.538,-0.14,-0.11
14.54,-0.165,-0.1
14.542,-0.13,-0.08
14.544,-0.07,-0.05
14.546,0.025,-0.01
14.548,0.005,0.04
14.55,0.05,0.1
14.552,0.135,0.175
14.554,0.235,0.255
14.556,0.345,0.34
14.558,0.47,0.425
14.56,0.49,0.5
14.562,0.505,0.56
14.564,0.585,0.595
14.566,0.64,0.595
14.568,0.64,0.56
14.57,0.51,0.48
14.572,0.38,0.365
14.574,0.145,0.22
14.576,-0.015,0.06
14.578,-0.21,-0.1
14.58,-0.39,-0.245
14.582,-0.525,-0.365
14.584,-0.53,-0.44
14.586,-0.505,-0.475
14.588,-0.405,-0.47
14.59,-0.365,-0.435
14.592,-0.34,-0.375
14.594,-0.325,-0.31
14.596,-0.29,-0.245
14.598,-0.315,-0.19
14.6,-0.255,-0.15
14.602,-0.14,-0.12
14.604,-0.105,-0.105
14.606,-0.1,-0.1
14.608,-0.115,-0.095
14.61,-0.095,-0.095
14.612,-0.08,-0.09
14.614,-0.13,-0.085
14.616,-0.125,-0.085
14.618,-0.11,-0.085
14.62,-0.13,-0.09
14.622,-0.165,-0.095
14.624,-0.165,-0.1
14.626,-0.155,-0.105
14.628,-0.14,-0.11
14.63,-0.11,-0.11
14.632,-0.095,-0.105
14.634,-0.105,-0.105
14.636,-0.16,-0.1
14.638,-0.11,-0.1
14.64,-0.17,-0.105
14.642,-0.165,-0.11
14.644,-0.155,-0.12
14.646,-0.17,-0.13
14.648,-0.16,-0.13
14.65,-0.13,-0.13
14.652,-0.185,-0.125
14.654,-0.16,-0.115
14.656,-0.105,-0.1
14.658,-0.105,-0.085
14.66,-0.055,-0.075
14.662,-0.03,-0.065
14.664,-0.04,-0.065
14.666,-0.165,-0.065
14.668,-0.175,-0.065
14.67,-0.115,-0.065
14.672,-0.1,-0.065
14.674,-0.09,-0.065
14.676,-0.105,-0.065
14.678,-0.12,-0.06
14.68,-0.115,-0.055
14.682,-0.035,-0.055
14.684,-0.005,-0.055
14.686,-0.09,-0.055
14.688,-0.07,-0.055
14.69,-0.07,-0.05
14.692,-0.08,-0.04
14.694,-0.11,-0.025
14.696,-0.02,-0.015
14.698,-0.04,0.0
14.7,-0.03,0.005
14.702,-0.04,0.01
14.704,-0.035,0.0
14.706,-0.01,-0.01
14.708,-0.02,-0.03
14.71,-0.125,-0.045
14.712,-0.1,-0.055
14.714,-0.09,-0.055
14.716,-0.08,-0.05
14.718,-0.01,-0.03
14.72,-0.005,-0.005
14.722,-0.02,0.02
14.724,0.025,0.045
14.726,0.05,0.06
14.728,0.07,0.07
14.73,0.015,0.07
14.732,-0.005,0.065
14.734,0.02,0.065
14.736,0.045,0.065
14.738,0.065,0.07
14.74,0.07,0.085
14.742,0.04,0.105
14.744,0.11,0.13
14.746,0.14,0.15
14.748,0.135,0.17
14.75,0.165,0.18
14.752,0.115,0.18
14.754,0.17,0.175
14.756,0.15,0.165
14.758,0.04,0.155
14.76,0.14,0.145
14.762,0.15,0.145
14.764,0.155,0.15
14.766,0.16,0.165
14.768,0.115,0.185
14.77,0.185,0.205
14.772,0.215,0.22
14.774,0.18,0.235
14.776,0.15,0.245
14.778,0.255,0.25
14.78,0.32,0.25
14.782,0.17,0.25
14.784,0.145,0.25
14.786,0.14,0.245
14.788,0.285,0.245
14.79,0.27,0.24
14.792,0.2,0.23
14.794,0.12,0.22
14.796,0.085,0.2
14.798,0.145,0.18
14.8,0.165,0.16
14.802,0.12,0.14
14.804,0.045,0.125
14.806,0.06,0.11
14.808,0.1,0.1
14.81,0.115,0.095
14.812,0.095,0.09
14.814,0.045,0.085
14.816,0.0,0.08
14.818,-0.04,0.07
14.82,0.0,0.055
14.822,-0.02,0.035
14.824,-0.025,0.02
14.826,-0.05,0.0
14.828,-0.015,-0.015
14.83,-0.015,-0.025
14.832,-0.065,-0.035
14.834,-0.07,-0.04
14.836,-0.08,-0.04
14.838,-0.06,-0.04
14.84,-0.035,-0.04
14.842,-0.11,-0.04
14.844,-0.125,-0.035
14.846,-0.05,-0.035
14.848,-0.05,-0.04
14.85,-0.075,-0.04
14.852,-0.115,-0.05
14.854,-0.125,-0.055
14.856,-0.165,-0.06
14.858,-0.085,-0.065
14.86,-0.095,-0.07
14.862,-0.115,-0.07
14.864,-0.09,-0.07
14.866,-0.06,-0.06
14.868,-0.085,-0.05
14.87,-0.05,-0.035
14.872,0.015,-0.02
14.874,-0.055,-0.01
14.876,-0.11,-0.005
14.878,-0.09,-0.01
14.88,-0.08,-0.015
14.882,-0.06,-0.025
14.884,-0.07,-0.035
14.886,-0.08,-0.045
14.888,-0.095,-0.055
14.89,-0.09,-0.055
14.892,-0.095,-0.05
14.894,-0.035,-0.045
14.896,-0.11,-0.04
14.898,-0.135,-0.035
14.9,-0.04,-0.035
14.902,-0.035,-0.035
14.904,-0.105,-0.04
14.906,-0.135,-0.05
14.908,-0.105,-0.06
14.91,-0.06,-0.065
14.912,-0.105,-0.07
14.914,-0.065,-0.065
14.916,-0.07,-0.055
14.918,-0.03,-0.045
14.92,-0.065,-0.03
14.922,-0.07,-0.02
14.924,-0.055,-0.01
14.926,-0.07,-0.005
14.928,-0.03,-0.005
14.93,-0.065,-0.01
14.932,-0.065,-0.02
14.934,-0.03,-0.03
14.936,-0.01,-0.04
14.938,-0.095,-0.045
14.94,-0.16,-0.045
14.942,-0.075,-0.045
14.944,-0.07,-0.035
14.946,-0.04,-0.025
14.948,0.025,-0.01
14.95,-0.01,0.005
14.952,-0.06,0.015
14.954,-0.005,0.025
14.956,-0.01,0.03
14.958,-0.01,0.035
14.96,-0.015,0.03
14.962,-0.04,0.025
14.964,-0.06,0.02
14.966,-0.025,0.01
14.968,0.01,0.01
14.97,-0.025,0.005
14.972,0.025,0.01
14.974,-0.005,0.02
14.976,0.005,0.035
14.978,0.0,0.05
14.98,0.025,0.065
14.982,0.055,0.075
14.984,0.055,0.08
14.986,0.05,0.08
14.988,0.04,0.075
14.99,-0.065,0.06
14.992,0.01,0.04
14.994,-0.03,0.02
14.996,-0.04,0.005
14.998,-0.025,-0.015
15.0,-0.035,-0.025
15.002,-0.095,-0.03
15.004,-0.065,-0.035
15.006,-0.06,-0.035
15.008,-0.08,-0.035
15.01,-0.095,-0.04
15.012,-0.135,-0.05
15.014,-0.105,-0.06
15.016,-0.06,-0.07
15.018,-0.095,-0.08
15.02,-0.135,-0.09
15.022,-0.135,-0.095
15.024,-0.185,-0.095
15.026,-0.11,-0.095
15.028,-0.1,-0.09
15.03,-0.065,-0.08
15.032,-0.105,-0.075
15.034,-0.125,-0.07
15.036,-0.15,-0.07
15.038,-0.155,-0.07
15.04,-0.145,-0.08
15.042,-0.14,-0.085
15.044,-0.135,-0.095
15.046,-0.085,-0.1
15.048,-0.155,-0.105
15.05,-0.115,-0.11
15.052,-0.155,-0.105
15.054,-0.195,-0.1
15.056,-0.135,-0.095
15.058,-0.09,-0.085
15.06,-0.105,-0.08
15.062,-0.13,-0.07
15.064,-0.15,-0.07
15.066,-0.105,-0.07
15.068,-0.125,-0.075
15.07,-0.125,-0.085
15.072,-0.17,-0.09
15.074,-0.13,-0.1
15.076,-0.13,-0.11
15.078,-0.125,-0.115
15.08,-0.1,-0.115
15.082,-0.165,-0.12
15.084,-0.17,-0.12
15.086,-0.175,-0.12
15.088,-0.195,-0.125
15.09,-0.155,-0.125
15.092,-0.175,-0.13
15.094,-0.12,-0.13
15.096,-0.105,-0.13
15.098,-0.2,-0.13
15.1,-0.195,-0.125
15.102,-0.22,-0.12
15.104,-0.125,-0.105
15.106,-0.14,-0.09
15.108,-0.09,-0.075
15.11,-0.06,-0.055
15.112,-0.02,-0.025
15.114,-0.065,0.01
15.116,0.0,0.055
15.118,0.055,0.11
15.12,0.15,0.185
15.122,0.21,0.265
15.124,0.385,0.35
15.126,0.46,0.43
15.128,0.53,0.5
15.13,0.53,0.545
15.132,0.495,0.56
15.134,0.56,0.535
15.136,0.44,0.475
15.138,0.365,0.375
15.14,0.2,0.25
15.142,0.025,0.115
15.144,-0.115,-0.025
15.146,-0.225,-0.155
15.148,-0.355,-0.255
15.15,-0.435,-0.33
15.152,-0.41,-0.37
15.154,-0.435,-0.375
15.156,-0.365,-0.36
15.158,-0.38,-0.325
15.16,-0.325,-0.285
15.162,-0.245,-0.24
15.164,-0.26,-0.2
15.166,-0.25,-0.17
15.168,-0.125,-0.15
15.17,-0.145,-0.14
15.172,-0.145,-0.13
15.174,-0.2,-0.13
15.176,-0.195,-0.125
15.178,-0.15,-0.12
15.18,-0.135,-0.115
15.182,-0.09,-0.1
15.184,-0.065,-0.09
15.186,-0.12,-0.08
15.188,-0.115,-0.075
15.19,-0.145,-0.07
15.192,-0.155,-0.075
15.194,-0.12,-0.085
15.196,-0.14,-0.1
15.198,-0.18,-0.115
15.2,-0.16,-0.125
15.202,-0.115,-0.13
15.204,-0.155,-0.13
15.206,-0.165,-0.12
15.208,-0.145,-0.105
15.21,-0.125,-0.09
15.212,-0.065,-0.075
15.214,-0.085,-0.06
15.216,-0.145,-0.055
15.218,-0.145,-0.06
15.22,-0.135,-0.065
15.222,-0.135,-0.075
15.224,-0.1,-0.085
15.226,-0.115,-0.09
15.228,-0.105,-0.09
15.23,-0.1,-0.085
15.232,-0.09,-0.07
15.234,-0.16,-0.055
15.236,-0.065,-0.045
15.238,-0.01,-0.035
15.24,-0.06,-0.035
15.242,-0.155,-0.04
15.244,-0.145,-0.05
15.246,-0.07,-0.06
15.248,-0.14,-0.065
15.25,-0.095,-0.07
15.252,-0.03,-0.065
15.254,-0.05,-0.05
15.256,-0.075,-0.035
15.258,-0.05,-0.015
15.26,-0.09,0.0
15.262,-0.05,0.015
15.264,-0.055,0.02
15.266,-0.055,0.015
15.268,-0.045,0.01
15.27,-0.01,0.0
15.272,0.0,-0.005
15.274,-0.1,-0.015
15.276,-0.04,-0.015
15.278,-0.07,-0.015
15.28,-0.105,-0.01
15.282,-0.105,-0.005
15.284,-0.01,0.0
15.286,0.005,0.005
15.288,-0.04,0.015
15.29,-0.01,0.025
15.292,0.01,0.04
15.294,0.005,0.055
15.296,-0.04,0.07
15.298,0.09,0.09
15.3,-0.005,0.105
15.302,0.08,0.115
15.304,0.17,0.125
15.306,0.11,0.125
15.308,0.035,0.125
15.31,0.035,0.12
15.312,0.07,0.12
15.314,0.085,0.12
15.316,0.055,0.125
15.318,0.105,0.135
15.32,0.145,0.15
15.322,0.13,0.165
15.324,0.12,0.18
15.326,0.13,0.19
15.328,0.165,0.2
15.33,0.195,0.205
15.332,0.18,0.21
15.334,0.14,0.215
15.336,0.1,0.215
15.338,0.175,0.22
15.34,0.2,0.22
15.342,0.215,0.225
15.344,0.21,0.235
15.346,0.18,0.24
15.348,0.2,0.245
15.35,0.235,0.245
15.352,0.19,0.245
15.354,0.2,0.245
15.356,0.125,0.235
15.358,0.2,0.225
15.36,0.18,0.215
15.362,0.14,0.2
15.364,0.155,0.185
15.366,0.175,0.175
15.368,0.085,0.165
15.37,0.1,0.155
15.372,0.125,0.15
15.374,0.11,0.145
15.376,0.08,0.14
15.378,0.065,0.13
15.38,0.105,0.115
15.382,0.045,0.095
15.384,0.01,0.075
15.386,-0.07,0.05
15.388,-0.075,0.03
15.39,-0.015,0.015
15.392,-0.025,0.005
15.394,-0.04,0.01
15.396,-0.025,0.015
15.398,0.0,0.025
15.4,-0.01,0.03
15.402,-0.03,0.03
15.404,-0.055,0.025
15.406,-0.1,0.01
15.408,-0.08,-0.015
15.41,-0.065,-0.04
15.412,-0.155,-0.06
15.414,-0.125,-0.075
15.416,-0.05,-0.08
15.418,-0.05,-0.075
15.42,-0.175,-0.065
15.422,-0.1,-0.045
15.424,-0.03,-0.025
15.426,-0.065,-0.01
15.428,-0.07,0.0
15.43,-0.07,0.0
15.432,-0.11,-0.005
15.434,-0.07,-0.02
15.436,-0.06,-0.03
15.438,-0.05,-0.045
15.44,-0.075,-0.05
15.442,-0.075,-0.05
15.444,-0.115,-0.045
15.446,-0.105,-0.04
15.448,-0.1,-0.03
15.45,-0.09,-0.025
15.452,-0.07,-0.025
15.454,-0.025,-0.02
15.456,-0.06,-0.025
15.458,-0.085,-0.025
15.46,-0.07,-0.025
15.462,-0.11,-0.02
15.464,-0.09,-0.02
15.466,-0.04,-0.015
15.468,-0.035,-0.015
15.47,-0.095,-0.015
15.472,-0.075,-0.02
15.474,-0.085,-0.03
15.476,-0.09,-0.045
15.478,-0.11,-0.055
15.48,-0.105,-0.065
15.482,-0.215,-0.07
15.484,-0.16,-0.07
15.486,-0.045,-0.065
15.488,-0.065,-0.055
15.49,-0.085,-0.04
15.492,-0.11,-0.03
15.494,-0.08,-0.025
15.496,-0.09,-0.02
15.498,-0.14,-0.02
15.5,-0.12,-0.025
15.502,-0.015,-0.03
15.504,-0.065,-0.03
15.506,0.0,-0.03
15.508,-0.075,-0.03
15.51,-0.085,-0.025
15.512,-0.12,-0.015
15.514,-0.06,-0.01
15.516,-0.105,-0.01
15.518,-0.115,-0.01
15.52,-0.055,-0.01
15.522,0.015,-0.015
15.524,-0.04,-0.02
15.526,-0.11,-0.02
15.528,-0.08,-0.02
15.53,-0.07,-0.015
15.532,-0.035,-0.01
15.534,-0.015,-0.01
15.536,-0.015,-0.005
15.538,-0.06,-0.005
15.54,-0.105,-0.01
15.542,-0.095,-0.015
15.544,-0.095,-0.02
15.546,-0.175,-0.02
15.548,-0.065,-0.015
15.55,0.01,0.0
15.552,-0.02,0.015
15.554,0.055,0.035
15.556,0.06,0.05
15.558,0.03,0.065
15.56,-0.09,0.07
15.562,-0.055,0.065
15.564,0.035,0.06
15.566,0.01,0.045
15.568,-0.035,0.035
15.57,-0.085,0.03
15.572,0.015,0.03
15.574,0.03,0.03
15.576,0.01,0.04
15.578,-0.05,0.045
15.58,-0.02,0.05
15.582,0.03,0.05
15.584,-0.015,0.04
15.586,-0.06,0.025
15.588,-0.09,0.005
15.59,-0.075,-0.02
15.592,-0.125,-0.04
15.594,-0.075,-0.06
15.596,-0.075,-0.07
15.598,-0.15,-0.08
15.6,-0.145,-0.08
15.602,-0.15,-0.085
15.604,-0.18,-0.085
15.606,-0.135,-0.08
15.608,-0.135,-0.08
15.61,-0.13,-0.08
15.612,-0.09,-0.075
15.614,-0.065,-0.07
15.616,-0.11,-0.06
15.618,-0.135,-0.05
15.62,-0.185,-0.045
15.622,-0.09,-0.035
15.624,-0.105,-0.035
15.626,-0.15,-0.04
15.628,-0.13,-0.055
15.63,-0.09,-0.07
15.632,-0.11,-0.085
15.634,-0.15,-0.1
15.636,-0.145,-0.11
15.638,-0.155,-0.11
15.64,-0.165,-0.105
15.642,-0.15,-0.095
15.644,-0.18,-0.085
15.646,-0.085,-0.07
15.648,-0.11,-0.065
15.65,-0.17,-0.065
15.652,-0.17,-0.075
15.654,-0.175,-0.09
15.656,-0.185,-0.105
15.658,-0.21,-0.12
15.66,-0.2,-0.135
15.662,-0.19,-0.135
15.664,-0.215,-0.13
15.666,-0.155,-0.12
15.668,-0.065,-0.1
15.67,-0.15,-0.08
15.672,-0.12,-0.065
15.674,-0.155,-0.06
15.676,-0.09,-0.06
15.678,-0.175,-0.065
15.68,-0.135,-0.08
15.682,-0.17,-0.095
15.684,-0.165,-0.105
15.686,-0.19,-0.11
15.688,-0.15,-0.11
15.69,-0.125,-0.1
15.692,-0.15,-0.08
15.694,-0.12,-0.055
15.696,-0.1,-0.03
15.698,-0.035,0.0
15.7,-0.005,0.035
15.702,0.02,0.075
15.704,0.08,0.12
15.706,0.17,0.18
15.708,0.215,0.255
15.71,0.275,0.345
15.712,0.395,0.435
15.714,0.475,0.52
15.716,0.52,0.59
15.718,0.655,0.63
15.72,0.645,0.63
15.722,0.525,0.585
15.724,0.49,0.495
15.726,0.33,0.37
15.728,0.1,0.22
15.73,-0.095,0.06
15.732,-0.17,-0.09
15.734,-0.31,-0.215
15.736,-0.46,-0.3
15.738,-0.5,-0.355
15.74,-0.405,-0.37
15.742,-0.39,-0.36
15.744,-0.325,-0.33
15.746,-0.245,-0.29
15.748,-0.345,-0.255
15.75,-0.315,-0.225
15.752,-0.28,-0.205
15.754,-0.25,-0.185
15.756,-0.23,-0.17
15.758,-0.24,-0.155
15.76,-0.18,-0.135
15.762,-0.105,-0.115
15.764,-0.115,-0.095
15.766,-0.13,-0.075
15.768,-0.11,-0.065
15.77,-0.145,-0.055
15.772,-0.155,-0.055
15.774,-0.175,-0.06
15.776,-0.165,-0.065
15.778,-0.1,-0.075
15.78,-0.115,-0.08
15.782,-0.13,-0.08
15.784,-0.15,-0.075
15.786,-0.135,-0.07
15.788,-0.07,-0.06
15.79,-0.125,-0.06
15.792,-0.19,-0.055
15.794,-0.13,-0.06
15.796,-0.135,-0.065
15.798,-0.115,-0.07
15.8,-0.16,-0.08
15.802,-0.16,-0.08
15.804,-0.12,-0.08
15.806,-0.09,-0.075
15.808,-0.135,-0.07
15.81,-0.145,-0.06
15.812,-0.15,-0.05
15.814,-0.1,-0.04
15.816,-0.09,-0.035
15.818,-0.065,-0.03
15.82,-0.08,-0.03
15.822,-0.14,-0.035
15.824,-0.09,-0.035
15.826,-0.11,-0.04
15.828,-0.125,-0.04
15.83,-0.09,-0.035
15.832,-0.13,-0.035
15.834,-0.1,-0.03
15.836,-0.085,-0.025
15.838,-0.085,-0.025
15.84,-0.065,-0.025
15.842,-0.07,-0.03
15.844,-0.12,-0.035
15.846,-0.175,-0.04
15.848,-0.14,-0.04
15.85,-0.135,-0.04
15.852,-0.1,-0.035
15.854,-0.025,-0.025
15.856,-0.015,-0.015
15.858,-0.06,0.005
15.86,-0.085,0.02
15.862,-0.005,0.035
15.864,-0.03,0.05
15.866,-0.02,0.055
15.868,-0.015,0.06
15.87,-0.05,0.055
15.872,0.0,0.045
15.874,0.0,0.04
15.876,-0.055,0.03
15.878,-0.07,0.025
15.88,-0.045,0.025
15.882,0.0,0.025
15.884,-0.05,0.035
15.886,-0.045,0.045
15.888,0.06,0.06
15.89,0.005,0.08
15.892,0.03,0.095
15.894,0.085,0.115
15.896,0.04,0.135
15.898,0.095,0.15
15.9,0.08,0.165
15.902,0.135,0.18
15.904,0.105,0.185
15.906,0.1,0.19
15.908,0.095,0.195
15.91,0.14,0.195
15.912,0.105,0.195
15.914,0.16,0.2
15.916,0.17,0.205
15.918,0.11,0.21
15.92,0.13,0.225
15.922,0.205,0.235
15.924,0.22,0.25
15.926,0.185,0.26
15.928,0.215,0.27
15.93,0.21,0.275
15.932,0.18,0.28
15.934,0.2,0.28
15.936,0.23,0.28
15.938,0.235,0.28
15.94,0.195,0.28
15.942,0.185,0.28
15.944,0.215,0.275
15.946,0.2,0.27
15.948,0.175,0.26
15.95,0.145,0.25
15.952,0.14,0.235
15.954,0.17,0.215
15.956,0.145,0.195
15.958,0.09,0.175
15.96,0.065,0.155
15.962,0.04,0.135
15.964,0.03,0.115
15.966,0.0,0.1
15.968,-0.005,0.08
15.97,0.04,0.055
15.972,0.01,0.035
15.974,-0.065,0.015
15.976,-0.15,0.0
15.978,-0.135,-0.01
15.98,-0.1,-0.015
15.982,-0.07,-0.015
15.984,0.045,-0.01
15.986,0.025,-0.01
15.988,-0.06,-0.005
15.99,-0.225,-0.01
15.992,-0.16,-0.02
15.994,-0.12,-0.03
15.996,-0.1,-0.05
15.998,-0.125,-0.065
16.0,-0.135,-0.08
16.002,-0.12,-0.085
16.004,-0.15,-0.08
16.006,-0.145,-0.075
16.008,-0.175,-0.06
16.01,-0.145,-0.045
16.012,-0.06,-0.03
16.014,-0.055,-0.025
16.016,-0.11,-0.02
16.018,-0.08,-0.025
16.02,-0.145,-0.035
16.022,-0.115,-0.04
16.024,-0.125,-0.045
16.026,-0.075,-0.045
16.028,-0.105,-0.045
16.03,-0.11,-0.04
16.032,-0.125,-0.035
16.034,-0.095,-0.03
16.036,-0.1,-0.03
16.038,-0.165,-0.03
16.04,-0.11,-0.035
16.042,-0.055,-0.045
16.044,-0.08,-0.05
16.046,-0.16,-0.055
16.048,-0.15,-0.055
16.05,-0.11,-0.055
16.052,-0.11,-0.045
16.054,-0.065,-0.04
16.056,-0.11,-0.035
16.058,-0.085,-0.03
16.06,-0.105,-0.03
16.062,-0.07,-0.04
16.064,-0.16,-0.05
16.066,-0.195,-0.06
16.068,-0.17,-0.07
16.07,-0.1,-0.075
16.072,-0.135,-0.08
16.074,-0.13,-0.075
16.076,-0.105,-0.07
16.078,-0.14,-0.06
16.08,-0.1,-0.045
16.082,-0.11,-0.035
16.084,-0.025,-0.025
16.086,-0.11,-0.015
16.088,-0.13,-0.015
16.09,-0.125,-0.02
16.092,-0.14,-0.025
16.094,-0.08,-0.035
16.096,-0.1,-0.045
16.098,-0.115,-0.055
16.1,-0.115,-0.06
16.102,-0.11,-0.06
16.104,-0.105,-0.055
16.106,-0.105,-0.04
16.108,-0.085,-0.02
16.11,-0.115,-0.005
16.112,-0.015,0.015
16.114,-0.005,0.025
16.116,-0.06,0.035
16.118,-0.085,0.035
16.12,-0.1,0.025
16.122,0.005,0.015
16.124,-0.095,0.005
16.126,-0.11,-0.005
16.128,-0.085,-0.01
16.13,-0.1,-0.01
16.132,-0.04,-0.005
16.134,0.005,0.005
16.136,-0.065,0.02
16.138,-0.07,0.025
16.14,-0.065,0.035
16.142,0.0,0.035
16.144,0.02,0.035
16.146,-0.045,0.03
16.148,-0.045,0.025
16.15,-0.035,0.025
16.152,-0.025,0.03
16.154,-0.005,0.035
16.156,-0.04,0.04
16.158,-0.07,0.045
16.16,-0.06,0.045
16.162,-0.025,0.04
16.164,-0.035,0.025
16.166,-0.065,0.01
16.168,-0.045,-0.01
16.17,-0.125,-0.03
16.172,-0.115,-0.05
16.174,-0.145,-0.065
16.176,-0.155,-0.07
16.178,-0.17,-0.07
16.18,-0.165,-0.07
16.182,-0.1,-0.07
16.184,-0.125,-0.07
16.186,-0.155,-0.075
16.188,-0.2,-0.085
16.19,-0.215,-0.095
16.192,-0.205,-0.105
16.194,-0.185,-0.115
16.196,-0.135,-0.12
16.198,-0.155,-0.115
16.2,-0.18,-0.11
16.202,-0.23,-0.105
16.204,-0.185,-0.1
16.206,-0.195,-0.095
16.208,-0.21,-0.1
16.21,-0.18,-0.11
16.212,-0.19,-0.125
16.214,-0.245,-0.14
16.216,-0.245,-0.155
16.218,-0.27,-0.165
16.22,-0.225,-0.17
16.222,-0.18,-0.165
16.224,-0.26,-0.155
16.226,-0.225,-0.135
16.228,-0.18,-0.12
16.23,-0.2,-0.105
16.232,-0.13,-0.095
16.234,-0.16,-0.09
16.236,-0.19,-0.095
16.238,-0.215,-0.1
16.24,-0.21,-0.105
16.242,-0.17,-0.11
16.244,-0.175,-0.11
16.246,-0.185,-0.11
16.248,-0.155,-0.105
16.25,-0.175,-0.095
16.252,-0.205,-0.09
16.254,-0.165,-0.09
16.256,-0.195,-0.09
16.258,-0.21,-0.1
16.26,-0.15,-0.11
16.262,-0.195,-0.12
16.264,-0.17,-0.13
16.266,-0.23,-0.135
16.268,-0.265,-0.13
16.27,-0.205,-0.12
16.272,-0.18,-0.1
16.274,-0.085,-0.07
16.276,-0.085,-0.035
16.278,-0.03,0.01
16.28,-0.015,0.06
16.282,0.045,0.12
16.284,0.1,0.185
16.286,0.205,0.26
16.288,0.27,0.335
16.29,0.415,0.415
16.292,0.44,0.48
16.294,0.445,0.535
16.296,0.525,0.56
16.298,0.53,0.555
16.3,0.495,0.51
16.302,0.43,0.43
16.304,0.21,0.315
16.306,0.045,0.175
16.308,-0.07,0.025
16.31,-0.28,-0.12
16.312,-0.385,-0.245
16.314,-0.52,-0.34
16.316,-0.52,-0.4
16.318,-0.49,-0.42
16.32,-0.435,-0.41
16.322,-0.385,-0.37
16.324,-0.34,-0.315
16.326,-0.305,-0.26
16.328,-0.275,-0.21
16.33,-0.23,-0.17
16.332,-0.275,-0.145
16.334,-0.29,-0.135
16.336,-0.215,-0.135
16.338,-0.23,-0.14
16.34,-0.22,-0.15
16.342,-0.175,-0.15
16.344,-0.15,-0.145
16.346,-0.215,-0.135
16.348,-0.215,-0.12
16.35,-0.2,-0.105
16.352,-0.17,-0.095
16.354,-0.13,-0.085
16.356,-0.13,-0.085
16.358,-0.165,-0.09
16.36,-0.175,-0.095
16.362,-0.165,-0.105
16.364,-0.26,-0.115
16.366,-0.205,-0.115
16.368,-0.23,-0.115
16.37,-0.15,-0.105
16.372,-0.175,-0.095
16.374,-0.115,-0.08
16.376,-0.12,-0.07
16.378,-0.115,-0.065
16.38,-0.13,-0.06
16.382,-0.14,-0.055
16.384,-0.14,-0.06
16.386,-0.125,-0.06
16.388,-0.14,-0.06
16.39,-0.125,-0.06
16.392,-0.11,-0.06
16.394,-0.155,-0.06
16.396,-0.135,-0.06
16.398,-0.09,-0.065
16.4,-0.165,-0.07
16.402,-0.205,-0.08
16.404,-0.17,-0.09
16.406,-0.135,-0.1
16.408,-0.12,-0.1
16.41,-0.245,-0.1
16.412,-0.19,-0.095
16.414,-0.16,-0.085
16.416,-0.085,-0.075
16.418,-0.12,-0.065
16.42,-0.105,-0.055
16.422,-0.175,-0.05
16.424,-0.145,-0.05
16.426,-0.145,-0.045
16.428,-0.2,-0.045
16.43,-0.115,-0.045
16.432,-0.07,-0.045
16.434,-0.09,-0.04
16.436,-0.095,-0.035
16.438,-0.125,-0.03
16.44,-0.15,-0.02
16.442,-0.1,-0.02
16.444,-0.04,-0.015
16.446,-0.105,-0.01
16.448,-0.11,-0.005
16.45,-0.07,0.0
16.452,-0.025,0.01
16.454,-0.08,0.025
16.456,-0.06,0.04
16.458,0.02,0.055
16.46,0.01,0.07
16.462,-0.01,0.08
16.464,-0.05,0.085
16.466,-0.005,0.09
16.468,-0.03,0.09
16.47,0.025,0.09
16.472,0.06,0.095
16.474,0.11,0.105
16.476,0.055,0.115
16.478,0.03,0.13
16.48,0.095,0.145
16.482,0.06,0.155
16.484,0.04,0.165
16.486,0.115,0.17
16.488,0.1,0.17
16.49,0.07,0.165
16.492,0.025,0.165
16.494,0.06,0.165
16.496,0.155,0.17
16.498,0.13,0.175
16.5,0.125,0.185
16.502,0.175,0.2
16.504,0.105,0.21
16.506,0.08,0.225
16.508,0.14,0.23
16.51,0.135,0.24
16.512,0.175,0.245
16.514,0.16,0.25
16.516,0.17,0.25
16.518,0.17,0.255
16.52,0.205,0.255
16.522,0.175,0.25
16.524,0.185,0.245
16.526,0.145,0.23
16.528,0.1,0.21
16.53,0.125,0.19
16.532,0.04,0.165
16.534,0.025,0.145
16.536,0.08,0.125
16.538,0.015,0.115
16.54,0.05,0.105
16.542,0.005,0.1
16.544,0.07,0.095
16.546,0.055,0.09
16.548,-0.065,0.08
16.55,-0.05,0.07
16.552,-0.05,0.05
16.554,-0.07,0.035
16.556,-0.08,0.015
16.558,-0.05,0.0
16.56,-0.095,-0.01
16.562,-0.09,-0.02
16.564,-0.09,-0.025
16.566,-0.055,-0.025
16.568,-0.01,-0.025
16.57,-0.115,-0.025
16.572,-0.16,-0.03
16.574,-0.17,-0.035
16.576,-0.135,-0.045
16.578,-0.145,-0.05
16.58,-0.145,-0.055
16.582,-0.11,-0.06
16.584,-0.14,-0.06
16.586,-0.105,-0.065
16.588,-0.125,-0.065
16.59,-0.115,-0.065
16.592,-0.175,-0.065
16.594,-0.185,-0.065
16.596,-0.14,-0.065
16.598,-0.085,-0.065
16.6,-0.145,-0.065
16.602,-0.135,-0.06
16.604,-0.13,-0.055
16.606,-0.145,-0.05
16.608,-0.07,-0.045
16.61,-0.09,-0.04
16.612,-0.155,-0.04
16.614,-0.15,-0.045
16.616,-0.185,-0.05
16.618,-0.145,-0.055
16.62,-0.125,-0.06
16.622,-0.135,-0.065
16.624,-0.165,-0.065
16.626,-0.105,-0.065
16.628,-0.1,-0.06
16.63,-0.095,-0.055
16.632,-0.145,-0.05
16.634,-0.135,-0.045
16.636,-0.14,-0.045
16.638,-0.14,-0.045
16.64,-0.105,-0.045
16.642,-0.11,-0.045
16.644,-0.135,-0.05
16.646,-0.125,-0.05
16.648,-0.135,-0.05
16.65,-0.115,-0.05
16.652,-0.11,-0.045
16.654,-0.125,-0.04
16.656,-0.125,-0.035
16.658,-0.11,-0.03
16.66,-0.11,-0.025
16.662,-0.09,-0.02
16.664,-0.115,-0.02
16.666,-0.12,-0.02
16.668,-0.125,-0.025
16.67,-0.11,-0.03
16.672,-0.1,-0.035
16.674,-0.08,-0.035
16.676,-0.125,-0.035
16.678,-0.105,-0.03
16.68,-0.09,-0.02
16.682,-0.1,-0.01
16.684,-0.035,0.0
16.686,-0.07,0.01
16.688,-0.09,0.015
16.69,-0.085,0.02
16.692,-0.03,0.015
16.694,-0.07,0.01
16.696,-0.08,0.005
16.698,-0.085,0.0
16.7,-0.095,0.0
16.702,-0.09,0.005
16.704,-0.075,0.015
16.706,0.01,0.025
16.708,0.0,0.04
16.71,-0.035,0.055
16.712,-0.02,0.065
16.714,-0.005,0.065
16.716,-0.005,0.065
16.718,-0.04,0.06
16.72,-0.06,0.05
16.722,-0.075,0.04
16.724,-0.055,0.03
16.726,0.0,0.02
16.728,-0.065,0.01
16.73,-0.085,0.005
16.732,-0.06,0.005
16.734,-0.03,0.0
16.736,-0.06,-0.005
16.738,-0.075,-0.01
16.74,-0.13,-0.015
16.742,-0.17,-0.025
16.744,-0.11,-0.035
16.746,-0.15,-0.045
16.748,-0.11,-0.055
16.75,-0.075,-0.06
16.752,-0.1,-0.065
16.754,-0.15,-0.07
16.756,-0.145,-0.075
16.758,-0.175,-0.075
16.76,-0.16,-0.075
16.762,-0.2,-0.08
16.764,-0.2,-0.08
16.766,-0.15,-0.085
16.768,-0.17,-0.09
16.77,-0.145,-0.095
16.772,-0.14,-0.1
16.774,-0.16,-0.105
16.776,-0.17,-0.105
16.778,-0.185,-0.105
16.78,-0.17,-0.1
16.782,-0.16,-0.095
16.784,-0.16,-0.085
16.786,-0.155,-0.08
16.788,-0.165,-0.075
16.79,-0.12,-0.075
16.792,-0.14,-0.075
16.794,-0.15,-0.075
16.796,-0.195,-0.08
16.798,-0.215,-0.09
16.8,-0.185,-0.095
16.802,-0.15,-0.105
16.804,-0.185,-0.11
16.806,-0.18,-0.115
16.808,-0.18,-0.12
16.81,-0.15,-0.12
16.812,-0.13,-0.12
16.814,-0.22,-0.115
16.816,-0.19,-0.11
16.818,-0.195,-0.11
16.82,-0.2,-0.105
16.822,-0.17,-0.1
16.824,-0.165,-0.095
16.826,-0.165,-0.095
16.828,-0.205,-0.09
16.83,-0.145,-0.085
16.832,-0.165,-0.085
16.834,-0.165,-0.085
16.836,-0.145,-0.085
16.838,-0.145,-0.085
16.84,-0.2,-0.08
16.842,-0.12,-0.08
16.844,-0.195,-0.07
16.846,-0.13,-0.05
16.848,-0.05,-0.02
16.85,-0.03,0.02
16.852,-0.01,0.08
16.854,0.12,0.155
16.856,0.21,0.24
16.858,0.285,0.335
16.86,0.405,0.425
16.862,0.46,0.505
16.864,0.49,0.565
16.866,0.53,0.595
16.868,0.54,0.585
16.87,0.52,0.54
16.872,0.445,0.455
16.874,0.295,0.34
16.876,0.09,0.205
16.878,-0.07,0.055
16.88,-0.19,-0.085
16.882,-0.375,-0.21
16.884,-0.455,-0.305
16.886,-0.46,-0.37
16.888,-0.44,-0.4
16.89,-0.49,-0.395
16.892,-0.425,-0.365
16.894,-0.36,-0.32
16.896,-0.305,-0.265
16.898,-0.215,-0.215
16.9,-0.24,-0.17
16.902,-0.305,-0.14
16.904,-0.18,-0.125
16.906,-0.145,-0.12
16.908,-0.21,-0.12
16.91,-0.215,-0.125
16.912,-0.18,-0.13
16.914,-0.155,-0.13
16.916,-0.13,-0.125
16.918,-0.17,-0.115
16.92,-0.205,-0.1
16.922,-0.17,-0.09
16.924,-0.16,-0.08
16.926,-0.14,-0.07
16.928,-0.145,-0.065
16.93,-0.135,-0.065
16.932,-0.11,-0.07
16.934,-0.125,-0.07
16.936,-0.135,-0.075
16.938,-0.175,-0.075
16.94,-0.16,-0.07
16.942,-0.125,-0.065
16.944,-0.15,-0.055
16.946,-0.1,-0.05
16.948,-0.09,-0.045
16.95,-0.075,-0.04
16.952,-0.08,-0.04
16.954,-0.12,-0.04
16.956,-0.115,-0.04
16.958,-0.15,-0.045
16.96,-0.175,-0.05
16.962,-0.125,-0.05
16.964,-0.11,-0.05
16.966,-0.11,-0.045
16.968,-0.1,-0.04
16.97,-0.08,-0.04
16.972,-0.11,-0.04
16.974,-0.1,-0.04
16.976,-0.11,-0.045
16.978,-0.12,-0.05
16.98,-0.125,-0.06
16.982,-0.11,-0.065
16.984,-0.16,-0.07
16.986,-0.19,-0.07
16.988,-0.115,-0.065
16.99,-0.095,-0.055
16.992,-0.075,-0.045
16.994,-0.075,-0.03
16.996,-0.1,-0.02
16.998,-0.05,-0.01
17.0,-0.095,-0.005
17.002,-0.095,0.0
17.004,-0.035,0.0
17.006,-0.06,0.005
17.008,-0.085,0.005
17.01,-0.03,0.01
17.012,-0.02,0.015
17.014,-0.025,0.025
17.016,-0.05,0.03
17.018,-0.035,0.04
17.02,-0.045,0.04
17.022,0.03,0.045
17.024,0.055,0.045
17.026,0.08,0.045
17.028,-0.095,0.045
17.03,-0.075,0.05
17.032,0.01,0.055
17.034,0.05,0.065
17.036,0.055,0.08
17.038,0.045,0.095
17.04,0.07,0.11
17.042,0.115,0.125
17.044,0.14,0.135
17.046,0.065,0.145
17.048,0.04,0.155
17.05,0.035,0.165
17.052,0.08,0.17
17.054,0.195,0.175
17.056,0.18,0.18
17.058,0.19,0.185
17.06,0.09,0.185
17.062,0.05,0.185
17.064,0.125,0.185
17.066,0.12,0.185
17.068,0.095,0.185
17.07,0.11,0.19
17.072,0.165,0.2
17.074,0.16,0.215
17.076,0.21,0.225
17.078,0.195,0.24
17.08,0.21,0.25
17.082,0.24,0.255
17.084,0.175,0.255
17.086,0.18,0.25
17.088,0.185,0.235
17.09,0.14,0.225
17.092,0.175,0.21
17.094,0.15,0.2
17.096,0.115,0.19
17.098,0.1,0.19
17.1,0.115,0.19
17.102,0.155,0.195
17.104,0.155,0.195
17.106,0.135,0.195
17.108,0.115,0.19
17.11,0.145,0.175
17.112,0.125,0.155
17.114,0.02,0.135
17.116,0.03,0.11
17.118,0.025,0.09
17.12,0.02,0.07
17.122,-0.01,0.055
17.124,-0.05,0.045
17.126,0.0,0.035
17.128,-0.05,0.03
17.13,-0.055,0.02
17.132,-0.02,0.01
17.134,-0.06,0.0
17.136,-0.07,-0.01
17.138,-0.065,-0.02
17.14,-0.085,-0.03
17.142,-0.085,-0.035
17.144,-0.085,-0.035
17.146,-0.16,-0.035
17.148,-0.09,-0.035
17.15,-0.04,-0.035
17.152,-0.085,-0.035
17.154,-0.09,-0.035
17.156,-0.085,-0.04
17.158,-0.11,-0.04
17.16,-0.09,-0.045
17.162,-0.11,-0.045
17.164,-0.12,-0.045
17.166,-0.095,-0.04
17.168,-0.13,-0.035
17.17,-0.045,-0.03
17.172,-0.07,-0.025
17.174,-0.08,-0.025
17.176,-0.105,-0.025
17.178,-0.09,-0.025
17.18,-0.065,-0.035
17.182,0.0,-0.04
17.184,-0.12,-0.045
17.186,-0.11,-0.05
17.188,-0.08,-0.05
17.19,-0.08,-0.05
17.192,-0.065,-0.05
17.194,-0.085,-0.045
17.196,-0.1,-0.045
17.198,-0.12,-0.045
17.2,-0.14,-0.045
17.202,-0.115,-0.045
17.204,-0.11,-0.045
17.206,-0.06,-0.04
17.208,-0.06,-0.035
17.21,-0.085,-0.03
17.212,-0.12,-0.025
17.214,-0.075,-0.02
17.216,0.0,-0.015
17.218,-0.065,-0.015
17.22,-0.085,-0.02
17.222,-0.115,-0.025
17.224,-0.125,-0.03
17.226,-0.11,-0.035
17.228,-0.07,-0.04
17.23,-0.065,-0.04
17.232,-0.06,-0.035
17.234,-0.05,-0.025
17.236,-0.015,-0.01
17.238,-0.025,0.005
17.24,-0.06,0.015
17.242,-0.02,0.025
17.244,-0.03,0.03
17.246,-0.055,0.035
17.248,-0.025,0.03
17.25,-0.02,0.025
17.252,0.005,0.02
17.254,-0.02,0.02
17.256,0.005,0.015
17.258,-0.02,0.02
17.26,-0.015,0.025
17.262,-0.015,0.03
17.264,-0.03,0.04
17.266,0.005,0.045
17.268,0.03,0.055
17.27,0.03,0.06
17.272,-0.005,0.06
17.274,-0.015,0.065
17.276,-0.015,0.065
17.278,0.055,0.06
17.28,0.085,0.06
17.282,0.04,0.055
17.284,-0.01,0.055
17.286,-0.01,0.05
17.288,0.005,0.04
17.29,0.02,0.035
17.292,-0.035,0.03
17.294,-0.015,0.02
17.296,-0.02,0.01
17.298,-0.05,0.0
17.3,-0.05,-0.015
17.302,-0.095,-0.025
17.304,-0.13,-0.04
17.306,-0.1,-0.05
17.308,-0.085,-0.06
17.31,-0.115,-0.07
17.312,-0.09,-0.075
17.314,-0.11,-0.075
17.316,-0.14,-0.075
17.318,-0.12,-0.07
17.32,-0.095,-0.065
17.322,-0.11,-0.06
17.324,-0.12,-0.055
17.326,-0.07,-0.05
17.328,-0.075,-0.05
17.33,-0.095,-0.055
17.332,-0.135,-0.065
17.334,-0.13,-0.07
17.336,-0.11,-0.08
17.338,-0.115,-0.085
17.34,-0.15,-0.095
17.342,-0.125,-0.095
17.344,-0.155,-0.1
17.346,-0.09,-0.095
17.348,-0.075,-0.095
17.35,-0.155,-0.09
17.352,-0.14,-0.09
17.354,-0.13,-0.09
17.356,-0.14,-0.09
17.358,-0.155,-0.095
17.36,-0.175,-0.1
17.362,-0.105,-0.1
17.364,-0.095,-0.1
17.366,-0.145,-0.095
17.368,-0.105,-0.09
17.37,-0.115,-0.08
17.372,-0.105,-0.07
17.374,-0.12,-0.065
17.376,-0.07,-0.06
17.378,-0.105,-0.06
17.38,-0.14,-0.065
17.382,-0.085,-0.075
17.384,-0.115,-0.09
17.386,-0.175,-0.1
17.388,-0.18,-0.105
17.39,-0.15,-0.105
17.392,-0.1,-0.1
17.394,-0.1,-0.09
17.396,-0.105,-0.08
17.398,-0.07,-0.06
17.4,-0.04,-0.045
17.402,-0.035,-0.02
17.404,-0.04,0.005
17.406,0.005,0.04
17.408,0.055,0.085
17.41,0.115,0.145
17.412,0.21,0.225
17.414,0.315,0.315
17.416,0.455,0.41
17.418,0.43,0.505
17.42,0.505,0.575
17.422,0.63,0.62
17.424,0.725,0.62
17.426,0.605,0.58
17.428,0.475,0.495
17.43,0.39,0.375
17.432,0.15,0.23
17.434,0.0,0.08
17.436,-0.16,-0.07
17.438,-0.32,-0.195
17.44,-0.415,-0.295
17.442,-0.425,-0.355
17.444,-0.395,-0.385
17.446,-0.365,-0.385
17.448,-0.325,-0.36
17.45,-0.32,-0.325
17.452,-0.285,-0.28
17.454,-0.235,-0.235
17.456,-0.24,-0.195
17.458,-0.175,-0.165
17.46,-0.17,-0.145
17.462,-0.195,-0.13
17.464,-0.165,-0.12
17.466,-0.07,-0.115
17.468,-0.11,-0.115
17.47,-0.14,-0.11
17.472,-0.14,-0.11
17.474,-0.14,-0.105
17.476,-0.1,-0.095
17.478,-0.08,-0.09
17.48,-0.1,-0.08
17.482,-0.06,-0.075
17.484,-0.165,-0.075
17.486,-0.145,-0.075
17.488,-0.095,-0.08
17.49,-0.09,-0.085
17.492,-0.055,-0.09
17.494,-0.105,-0.095
17.496,-0.105,-0.095
17.498,-0.115,-0.09
17.5,-0.105,-0.085
17.502,-0.17,-0.075
17.504,-0.06,-0.07
17.506,-0.08,-0.06
17.508,-0.075,-0.06
17.51,-0.085,-0.06
17.512,-0.07,-0.065
17.514,-0.045,-0.07
17.516,-0.11,-0.07
17.518,-0.125,-0.075
17.52,-0.12,-0.07
17.522,-0.075,-0.065
17.524,-0.095,-0.06
17.526,-0.065,-0.05
17.528,-0.005,-0.04
17.53,-0.045,-0.03
17.532,-0.065,-0.025
17.534,-0.065,-0.02
17.536,-0.07,-0.01
17.538,-0.01,-0.01
17.54,0.02,-0.005
17.542,-0.01,0.0
17.544,-0.015,0.0
17.546,-0.025,0.0
17.548,-0.05,0.0
17.55,-0.025,-0.005
17.552,-0.055,-0.015
17.554,-0.025,-0.02
17.556,-0.005,-0.03
17.558,-0.075,-0.03
17.56,-0.05,-0.03
17.562,-0.035,-0.025
17.564,0.005,-0.015
17.566,0.025,-0.005
17.568,0.025,0.005
17.57,0.01,0.015
17.572,-0.04,0.02
17.574,0.0,0.025
17.576,0.025,0.025
17.578,-0.015,0.025
17.58,0.025,0.03
17.582,0.0,0.035
17.584,0.0,0.04
17.586,0.09,0.05
17.588,0.08,0.065
17.59,0.075,0.075
17.592,0.08,0.085
17.594,0.085,0.09
17.596,0.06,0.095
17.598,0.05,0.1
17.6,0.07,0.105
17.602,0.115,0.11
17.604,0.11,0.12
17.606,0.115,0.13
17.608,0.11,0.145
17.61,0.175,0.16
17.612,0.195,0.175
17.614,0.18,0.19
17.616,0.19,0.205
17.618,0.21,0.21
17.62,0.205,0.215
17.622,0.16,0.215
17.624,0.195,0.215
17.626,0.205,0.215
17.628,0.19,0.21
17.63,0.22,0.21
17.632,0.21,0.215
17.634,0.24,0.215
17.636,0.2,0.22
17.638,0.2,0.225
17.64,0.215,0.23
17.642,0.235,0.23
17.644,0.24,0.23
17.646,0.2,0.23
17.648,0.21,0.225
17.65,0.215,0.22
17.652,0.19,0.215
17.654,0.215,0.205
17.656,0.215,0.2
17.658,0.155,0.19
17.66,0.13,0.18
17.662,0.155,0.175
17.664,0.13,0.165
17.666,0.1,0.155
17.668,0.085,0.145
17.67,0.125,0.13
17.672,0.25,0.11
17.674,0.11,0.09
17.676,0.035,0.065
17.678,0.02,0.04
17.68,-0.03,0.015
17.682,-0.11,-0.015
17.684,-0.065,-0.035
17.686,-0.045,-0.05
17.688,-0.075,-0.065
17.69,-0.075,-0.065
17.692,-0.05,-0.06
17.694,-0.015,-0.05
17.696,0.005,-0.035
17.698,-0.005,-0.02
17.7,-0.025,-0.005
17.702,-0.055,0.005
17.704,-0.02,0.01
17.706,-0.03,0.01
17.708,-0.025,0.0
17.71,-0.045,-0.01
17.712,-0.05,-0.025
17.714,-0.06,-0.04
17.716,-0.06,-0.05
17.718,-0.055,-0.06
17.72,-0.025,-0.065
17.722,-0.045,-0.06
17.724,-0.06,-0.055
17.726,-0.07,-0.05
17.728,-0.08,-0.045
17.73,-0.09,-0.035
17.732,-0.045,-0.035
17.734,-0.035,-0.035
17.736,-0.04,-0.035
17.738,-0.015,-0.04
17.74,-0.045,-0.04
17.742,-0.085,-0.045
17.744,-0.095,-0.045
17.746,-0.14,-0.05
17.748,0.0,-0.05
17.75,0.01,-0.055
17.752,-0.065,-0.06
17.754,-0.1,-0.06
17.756,-0.115,-0.065
17.758,-0.06,-0.065
17.76,-0.075,-0.065
17.762,-0.105,-0.06
17.764,-0.055,-0.055
17.766,-0.055,-0.05
17.768,-0.055,-0.045
17.77,-0.04,-0.04
17.772,-0.03,-0.035
17.774,-0.065,-0.035
17.776,-0.075,-0.035
17.778,-0.035,-0.04
17.78,-0.02,-0.04
17.782,-0.025,-0.04
17.784,-0.025,-0.04
17.786,-0.025,-0.035
17.788,-0.01,-0.03
17.79,0.0,-0.025
17.792,-0.025,-0.02
17.794,0.0,-0.01
17.796,-0.01,-0.005
17.798,-0.01,0.0
17.8,0.015,0.005
17.802,0.045,0.01
17.804,0.06,0.015
17.806,0.035,0.02
17.808,-0.015,0.03
17.81,0.02,0.035
17.812,-0.01,0.04
17.814,0.045,0.04
17.816,0.055,0.04
17.818,0.015,0.035
17.82,0.0,0.03
17.822,0.03,0.025
17.824,-0.02,0.02
17.826,0.065,0.015
17.828,0.045,0.02
17.83,0.025,0.025
17.832,0.06,0.03
17.834,0.03,0.035
17.836,0.005,0.04
17.838,-0.03,0.04
17.84,0.01,0.035
17.842,0.03,0.025
17.844,0.01,0.01
17.846,-0.015,-0.005
17.848,-0.015,-0.02
17.85,-0.045,-0.035
17.852,-0.04,-0.05
17.854,-0.06,-0.06
17.856,-0.11,-0.06
17.858,-0.11,-0.065
17.86,-0.095,-0.065
17.862,-0.075,-0.065
17.864,-0.02,-0.065
17.866,-0.01,-0.065
17.868,-0.015,-0.07
17.87,-0.145,-0.075
17.872,-0.115,-0.085
17.874,-0.09,-0.09
17.876,-0.095,-0.1
17.878,-0.155,-0.105
17.88,-0.09,-0.11
17.882,-0.07,-0.11
17.884,-0.06,-0.11
17.886,-0.105,-0.11
17.888,-0.16,-0.105
17.89,-0.105,-0.105
17.892,-0.16,-0.105
17.894,-0.1,-0.105
17.896,-0.09,-0.105
17.898,-0.11,-0.105
17.9,-0.115,-0.11
17.902,-0.135,-0.11
17.904,-0.095,-0.11
17.906,-0.085,-0.115
17.908,-0.095,-0.115
17.91,-0.1,-0.115
17.912,-0.11,-0.12
17.914,-0.12,-0.12
17.916,-0.12,-0.125
17.918,-0.13,-0.125
17.92,-0.14,-0.13
17.922,-0.155,-0.13
17.924,-0.205,-0.13
17.926,-0.09,-0.13
17.928,-0.115,-0.125
17.93,-0.095,-0.12
17.932,-0.1,-0.115
17.934,-0.115,-0.115
17.936,-0.12,-0.115
17.938,-0.1,-0.12
17.94,-0.085,-0.125
17.942,-0.105,-0.13
17.944,-0.11,-0.13
17.946,-0.105,-0.13
17.948,-0.2,-0.13
17.95,-0.065,-0.12
17.952,-0.14,-0.105
17.954,-0.12,-0.09
17.956,-0.03,-0.07
17.958,-0.035,-0.05
17.96,0.03,-0.02
17.962,0.06,0.01
17.964,-0.015,0.05
17.966,0.07,0.105
17.968,0.19,0.175
17.97,0.275,0.255
17.972,0.43,0.345
17.974,0.51,0.435
17.976,0.505,0.515
17.978,0.565,0.575
17.98,0.645,0.6
17.982,0.61,0.58
17.984,0.595,0.52
17.986,0.5,0.415
17.988,0.275,0.275
17.99,0.055,0.12
17.992,-0.09,-0.035
17.994,-0.225,-0.18
17.996,-0.39,-0.3
17.998,-0.43,-0.385
18.0,-0.475,-0.43
18.002,-0.4,-0.445
18.004,-0.38,-0.43
18.006,-0.335,-0.39
18.008,-0.285,-0.345
18.01,-0.275,-0.3
18.012,-0.31,-0.255
18.014,-0.215,-0.215
18.016,-0.195,-0.18
18.018,-0.09,-0.155
18.02,-0.055,-0.135
18.022,-0.1,-0.12
18.024,-0.125,-0.11
18.026,-0.145,-0.1
18.028,-0.08,-0.095
18.03,-0.085,-0.09
18.032,-0.095,-0.085
18.034,-0.115,-0.085
18.036,-0.075,-0.085
18.038,-0.07,-0.085
18.04,-0.04,-0.085
18.042,-0.055,-0.09
18.044,-0.1,-0.09
18.046,-0.085,-0.095
18.048,-0.08,-0.1
18.05,-0.105,-0.1
18.052,-0.09,-0.105
18.054,-0.08,-0.105
18.056,-0.065,-0.105
18.058,-0.08,-0.105
18.06,-0.105,-0.105
18.062,-0.1,-0.105
18.064,-0.115,-0.1
18.066,-0.085,-0.1
18.068,-0.125,-0.1
18.07,-0.08,-0.1
18.072,-0.075,-0.1
18.074,-0.04,-0.095
18.076,-0.095,-0.095
18.078,-0.12,-0.09
18.08,-0.065,-0.08
18.082,-0.025,-0.075
18.084,-0.05,-0.06
18.086,-0.045,-0.05
18.088,-0.025,-0.04
18.09,-0.02,-0.035
18.092,-0.015,-0.03
18.094,-0.03,-0.03
18.096,-0.03,-0.03
18.098,-0.035,-0.035
18.1,-0.055,-0.045
18.102,-0.045,-0.05
18.104,-0.045,-0.055
18.106,0.01,-0.06
18.108,-0.06,-0.06
18.11,-0.13,-0.055
18.112,0.0,-0.045
18.114,0.01,-0.035
18.116,0.03,-0.025
18.118,0.02,-0.015
18.12,-0.015,-0.005
18.122,-0.01,0.005
18.124,0.025,0.01
18.126,0.025,0.015
18.128,0.045,0.015
18.13,0.03,0.02
18.132,0.05,0.02
18.134,0.065,0.025
18.136,0.05,0.03
18.138,0.07,0.035
18.14,0.06,0.045
18.142,0.08,0.055
18.144,0.075,0.065
18.146,0.075,0.075
18.148,0.115,0.08
18.15,0.115,0.09
18.152,0.125,0.1
18.154,0.115,0.105
18.156,0.105,0.115
18.158,0.13,0.125
18.16,0.16,0.135
18.162,0.18,0.14
18.164,0.18,0.15
18.166,0.195,0.155
18.168,0.185,0.165
18.17,0.19,0.17
18.172,0.205,0.18
18.174,0.19,0.185
18.176,0.205,0.195
18.178,0.23,0.205
18.18,0.26,0.21
18.182,0.23,0.22
18.184,0.225,0.225
18.186,0.25,0.225
18.188,0.24,0.225
18.19,0.245,0.22
18.192,0.26,0.215
18.194,0.205,0.21
18.196,0.205,0.205
18.198,0.18,0.2
18.2,0.2,0.195
18.202,0.17,0.195
18.204,0.23,0.195
18.206,0.235,0.195
18.208,0.235,0.19
18.21,0.235,0.19
18.212,0.175,0.185
18.214,0.135,0.175
18.216,0.16,0.165
18.218,0.16,0.155
18.22,0.15,0.14
18.222,0.155,0.125
18.224,0.17,0.11
18.226,0.135,0.09
18.228,0.085,0.075
18.23,0.06,0.06
18.232,0.045,0.05
18.234,0.05,0.035
18.236,0.025,0.025
18.238,-0.02,0.015
18.24,0.04,0.01
18.242,0.05,0.005
18.244,0.035,-0.005
18.246,0.05,-0.01
18.248,-0.06,-0.015
18.25,-0.005,-0.025
18.252,-0.03,-0.03
18.254,-0.045,-0.04
18.256,-0.055,-0.045
18.258,-0.005,-0.045
18.26,-0.01,-0.045
18.262,-0.065,-0.045
18.264,-0.135,-0.04
18.266,0.03,-0.035
18.268,0.05,-0.035
18.27,0.025,-0.03
18.272,0.02,-0.03
18.274,0.02,-0.035
18.276,-0.055,-0.04
18.278,-0.05,-0.05
18.28,-0.055,-0.06
18.282,-0.04,-0.065
18.284,-0.045,-0.07
18.286,-0.02,-0.07
18.288,-0.015,-0.065
18.29,-0.01,-0.06
18.292,0.0,-0.05
18.294,-0.035,-0.04
18.296,-0.02,-0.035
18.298,-0.01,-0.03
18.3,-0.02,-0.03
18.302,-0.065,-0.03
18.304,0.0,-0.035
18.306,0.04,-0.035
18.308,-0.035,-0.04
18.31,0.01,-0.045
18.312,0.03,-0.045
18.314,-0.055,-0.045
18.316,-0.115,-0.045
18.318,-0.015,-0.045
18.32,0.025,-0.045
18.322,0.075,-0.045
18.324,-0.08,-0.05
18.326,-0.075,-0.05
18.328,-0.095,-0.05
18.33,-0.045,-0.05
18.332,0.02,-0.05
18.334,0.0,-0.045
18.336,-0.02,-0.035
18.338,0.0,-0.03
18.34,0.02,-0.025
18.342,-0.015,-0.025
18.344,0.015,-0.025
18.346,-0.025,-0.025
18.348,-0.015,-0.02
18.35,-0.025,-0.02
18.352,0.025,-0.015
18.354,0.0,-0.01
18.356,0.045,0.0
18.358,0.02,0.01
18.36,0.075,0.02
18.362,0.08,0.025
18.364,0.065,0.025
18.366,-0.01,0.02
18.368,-0.045,0.015
18.37,0.025,0.005
18.372,0.02,-0.005
18.374,0.02,-0.005
18.376,-0.03,-0.005
18.378,0.025,0.0
18.38,0.06,0.015
18.382,0.095,0.03
18.384,0.12,0.05
18.386,0.13,0.065
18.388,0.15,0.08
18.39,0.1,0.085
18.392,0.085,0.085
18.394,0.08,0.075
18.396,0.135,0.06
18.398,0.045,0.045
18.4,-0.01,0.025
18.402,-0.015,0.005
18.404,0.045,-0.01
18.406,0.07,-0.015
18.408,0.005,-0.015
18.41,-0.01,-0.01
18.412,-0.035,-0.005
18.414,0.05,0.0
18.416,0.005,0.005
18.418,-0.03,0.0
18.42,-0.025,-0.005
18.422,-0.02,-0.015
18.424,-0.01,-0.035
18.426,-0.025,-0.05
18.428,0.005,-0.065
18.43,-0.015,-0.08
18.432,-0.12,-0.09
18.434,-0.11,-0.095
18.436,-0.13,-0.095
18.438,-0.005,-0.095
18.44,-0.105,-0.095
18.442,-0.06,-0.09
18.444,-0.04,-0.085
18.446,-0.03,-0.08
18.448,-0.03,-0.08
18.45,-0.055,-0.08
18.452,-0.075,-0.08
18.454,-0.06,-0.08
18.456,-0.07,-0.085
18.458,-0.065,-0.085
18.46,-0.045,-0.085
18.462,-0.005,-0.085
18.464,-0.06,-0.08
18.466,-0.065,-0.075
18.468,-0.105,-0.07
18.47,-0.06,-0.07
18.472,0.0,-0.065
18.474,-0.07,-0.065
18.476,-0.07,-0.07
18.478,-0.04,-0.075
18.48,-0.035,-0.085
18.482,-0.02,-0.095
18.484,-0.11,-0.105
18.486,-0.1,-0.11
18.488,-0.1,-0.11
18.49,-0.09,-0.105
18.492,-0.02,-0.1
18.494,0.005,-0.09
18.496,-0.04,-0.075
18.498,-0.04,-0.065
18.5,-0.045,-0.06
18.502,-0.04,-0.055
18.504,-0.055,-0.06
18.506,-0.085,-0.07
18.508,-0.1,-0.08
18.51,-0.03,-0.09
18.512,0.015,-0.1
18.514,-0.085,-0.105
18.516,-0.195,-0.105
18.518,-0.055,-0.095
18.52,-0.05,-0.08
18.522,0.01,-0.065
18.524,0.035,-0.04
18.526,-0.01,-0.015
18.528,0.02,0.02
18.53,0.06,0.055
18.532,0.125,0.105
18.534,0.2,0.16
18.536,0.315,0.23
18.538,0.39,0.305
18.54,0.415,0.385
18.542,0.46,0.46
18.544,0.575,0.515
18.546,0.625,0.55
18.548,0.63,0.55
18.55,0.59,0.51
18.552,0.56,0.44
18.554,0.285,0.335
18.556,0.15,0.205
18.558,0.065,0.075
18.56,-0.125,-0.055
18.562,-0.18,-0.165
18.564,-0.29,-0.25
18.566,-0.29,-0.305
18.568,-0.27,-0.325
18.57,-0.24,-0.315
18.572,-0.235,-0.285
18.574,-0.21,-0.25
18.576,-0.16,-0.205
18.578,-0.185,-0.165
18.58,-0.15,-0.13
18.582,-0.055,-0.105
18.584,-0.055,-0.09
18.586,-0.025,-0.08
18.588,-0.08,-0.075
18.59,-0.005,-0.07
18.592,-0.005,-0.065
18.594,-0.075,-0.065
18.596,-0.07,-0.065
18.598,-0.065,-0.065
18.6,-0.01,-0.065
18.602,0.03,-0.065
18.604,-0.02,-0.065
18.606,-0.045,-0.07
18.608,-0.06,-0.07
18.61,-0.06,-0.07
18.612,-0.075,-0.07
18.614,-0.075,-0.065
18.616,-0.055,-0.065
18.618,-0.05,-0.06
18.62,-0.04,-0.06
18.622,0.0,-0.06
18.624,-0.03,-0.06
18.626,-0.02,-0.06
18.628,-0.035,-0.06
18.63,-0.04,-0.06
18.632,-0.04,-0.055
18.634,-0.035,-0.055
18.636,-0.03,-0.05
18.638,0.005,-0.045
18.64,0.025,-0.045
18.642,0.03,-0.04
18.644,-0.045,-0.04
18.646,-0.075,-0.04
18.648,-0.015,-0.04
18.65,-0.015,-0.04
18.652,0.005,-0.04
18.654,-0.005,-0.04
18.656,-0.02,-0.04
18.658,-0.065,-0.04
18.66,-0.02,-0.035
18.662,0.005,-0.035
18.664,-0.005,-0.035
18.666,0.0,-0.035
18.668,-0.005,-0.03
18.67,0.03,-0.03
18.672,-0.03,-0.03
18.674,-0.01,-0.025
18.676,-0.015,-0.02
18.678,-0.025,-0.01
18.68,-0.015,-0.005
18.682,0.065,0.005
18.684,0.06,0.015
18.686,0.05,0.02
18.688,0.085,0.025
18.69,0.035,0.03
18.692,0.01,0.03
18.694,0.025,0.035
18.696,0.06,0.035
18.698,0.07,0.035
18.7,0.065,0.035
18.702,0.07,0.04
18.704,0.065,0.045
18.706,0.08,0.05
18.708,0.09,0.055
18.71,0.085,0.06
18.712,0.085,0.07
18.714,0.085,0.075
18.716,0.17,0.085
18.718,0.13,0.1
18.72,0.13,0.11
18.722,0.155,0.12
18.724,0.14,0.13
18.726,0.17,0.145
18.728,0.18,0.15
18.73,0.175,0.16
18.732,0.175,0.165
18.734,0.21,0.165
18.736,0.245,0.165
18.738,0.3,0.165
18.74,0.13,0.16
18.742,0.135,0.16
18.744,0.195,0.16
18.746,0.2,0.165
18.748,0.165,0.165
18.75,0.185,0.17
18.752,0.25,0.175
18.754,0.215,0.18
18.756,0.185,0.185
18.758,0.175,0.19
18.76,0.18,0.19
18.762,0.225,0.195
18.764,0.245,0.195
18.766,0.265,0.2
18.768,0.25,0.2
18.77,0.23,0.2
18.772,0.215,0.2
18.774,0.23,0.195
18.776,0.24,0.19
18.778,0.155,0.185
18.78,0.185,0.175
18.782,0.165,0.16
18.784,0.17,0.15
18.786,0.15,0.13
18.788,0.155,0.115
18.79,0.1,0.1
18.792,0.115,0.08
18.794,0.095,0.065
18.796,0.035,0.05
18.798,0.015,0.035
18.8,0.025,0.025
18.802,0.02,0.015
18.804,0.06,0.005
18.806,0.045,0.0
18.808,0.005,-0.005
18.81,-0.03,-0.01
18.812,-0.03,-0.01
18.814,0.0,-0.015
18.816,0.01,-0.015
18.818,0.105,-0.02
18.82,-0.01,-0.025
18.822,-0.085,-0.03
18.824,-0.035,-0.04
18.826,-0.005,-0.05
18.828,0.02,-0.055
18.83,-0.04,-0.06
18.832,-0.1,-0.06
18.834,-0.005,-0.06
18.836,-0.095,-0.06
18.838,-0.03,-0.055
18.84,-0.005,-0.05
18.842,0.0,-0.04
18.844,-0.015,-0.035
18.846,-0.055,-0.035
18.848,-0.025,-0.03
18.85,-0.03,-0.03
18.852,-0.015,-0.03
18.854,-0.015,-0.03
18.856,-0.02,-0.03
18.858,0.01,-0.035
18.86,-0.02,-0.035
18.862,-0.005,-0.035
18.864,-0.025,-0.035
18.866,-0.035,-0.035
18.868,-0.05,-0.04
18.87,-0.065,-0.045
18.872,-0.05,-0.05
18.874,-0.05,-0.055
18.876,-0.055,-0.06
18.878,-0.02,-0.06
18.88,0.005,-0.065
18.882,-0.015,-0.065
18.884,-0.045,-0.06
18.886,-0.06,-0.055
18.888,-0.095,-0.05
18.89,-0.02,-0.04
18.892,0.0,-0.03
18.894,-0.01,-0.02
18.896,0.015,-0.015
18.898,0.02,-0.01
18.9,-0.015,-0.015
18.902,0.025,-0.02
18.904,0.02,-0.03
18.906,0.035,-0.04
18.908,-0.01,-0.05
18.91,-0.14,-0.06
18.912,-0.1,-0.065
18.914,-0.085,-0.065
18.916,0.01,-0.055
18.918,0.065,-0.045
18.92,0.01,-0.03
18.922,-0.015,-0.015
18.924,0.02,-0.005
18.926,0.02,0.0
18.928,0.02,0.0
18.93,-0.015,-0.005
18.932,0.025,-0.015
18.934,-0.02,-0.025
18.936,-0.05,-0.03
18.938,-0.075,-0.03
18.94,-0.02,-0.025
18.942,0.06,-0.01
18.944,0.095,0.01
18.946,0.06,0.035
18.948,0.05,0.05
18.95,0.095,0.065
18.952,0.035,0.075
18.954,0.02,0.075
18.956,0.11,0.07
18.958,0.13,0.06
18.96,0.1,0.05
18.962,0.035,0.035
18.964,0.03,0.025
18.966,0.03,0.015
18.968,0.07,0.01
18.97,0.07,0.01
18.972,0.075,0.01
18.974,-0.01,0.005
18.976,0.0,0.0
18.978,0.0,-0.005
18.98,0.01,-0.01
18.982,-0.01,-0.02
18.984,-0.01,-0.03
18.986,-0.025,-0.035
18.988,-0.025,-0.045
18.99,-0.055,-0.055
18.992,-0.09,-0.06
18.994,-0.1,-0.065
18.996,-0.105,-0.07
18.998,-0.02,-0.07
19.0,-0.025,-0.075
19.002,-0.07,-0.08
19.004,-0.065,-0.08
19.006,-0.085,-0.085
19.008,-0.1,-0.09
19.01,-0.07,-0.095
19.012,-0.105,-0.1
19.014,-0.095,-0.1
19.016,-0.11,-0.105
19.018,-0.105,-0.105
19.02,-0.085,-0.1
19.022,-0.035,-0.095
19.024,-0.075,-0.09
19.026,-0.07,-0.08
19.028,-0.065,-0.075
19.03,0.005,-0.07
19.032,-0.03,-0.065
19.034,-0.045,-0.065
19.036,-0.095,-0.065
19.038,-0.08,-0.07
19.04,-0.09,-0.075
19.042,-0.095,-0.075
19.044,-0.11,-0.08
19.046,-0.02,-0.085
19.048,-0.05,-0.085
19.05,-0.105,-0.085
19.052,-0.075,-0.08
19.054,-0.05,-0.08
19.056,-0.065,-0.08
19.058,-0.02,-0.075
19.06,-0.075,-0.075
19.062,-0.06,-0.075
19.064,-0.095,-0.075
19.066,-0.07,-0.08
19.068,-0.1,-0.08
19.07,-0.1,-0.085
19.072,-0.1,-0.09
19.074,-0.075,-0.095
19.076,-0.06,-0.1
19.078,-0.07,-0.1
19.08,-0.065,-0.1
19.082,-0.06,-0.095
19.084,-0.055,-0.09
19.086,-0.085,-0.08
19.088,-0.085,-0.07
19.09,-0.075,-0.065
19.092,-0.04,-0.055
19.094,0.005,-0.045
19.096,0.025,-0.03
19.098,0.045,-0.01
19.1,0.07,0.025
19.102,0.075,0.075
19.104,0.125,0.14
19.106,0.19,0.215
19.108,0.31,0.295
19.11,0.48,0.38
19.112,0.47,0.455
19.114,0.505,0.505
19.116,0.56,0.53
19.118,0.585,0.525
19.12,0.575,0.485
19.122,0.465,0.415
19.124,0.335,0.32
19.126,0.155,0.21
19.128,0.035,0.1
19.13,-0.045,-0.005
19.132,-0.155,-0.1
19.134,-0.24,-0.17
19.136,-0.27,-0.22
19.138,-0.26,-0.25
19.14,-0.19,-0.26
19.142,-0.185,-0.255
19.144,-0.2,-0.235
19.146,-0.19,-0.215
19.148,-0.19,-0.19
19.15,-0.195,-0.165
19.152,-0.14,-0.14
19.154,-0.1,-0.12
19.156,-0.06,-0.1
19.158,-0.055,-0.085
19.16,-0.01,-0.07
19.162,-0.04,-0.065
19.164,-0.095,-0.065
19.166,-0.105,-0.065
19.168,-0.08,-0.07
19.17,-0.06,-0.08
19.172,-0.065,-0.085
19.174,-0.085,-0.095
19.176,-0.07,-0.095
19.178,-0.065,-0.09
19.18,-0.06,-0.085
19.182,-0.04,-0.07
19.184,-0.035,-0.055
19.186,-0.005,-0.045
19.188,-0.055,-0.03
19.19,-0.01,-0.025
19.192,-0.03,-0.025
19.194,-0.05,-0.03
19.196,-0.065,-0.035
19.198,-0.105,-0.05
19.2,-0.07,-0.06
19.202,-0.05,-0.07
19.204,-0.055,-0.075
19.206,-0.055,-0.075
19.208,-0.06,-0.07
19.21,-0.05,-0.06
19.212,-0.025,-0.05
19.214,-0.02,-0.045
19.216,-0.015,-0.04
19.218,0.0,-0.04
19.22,-0.015,-0.04
19.222,-0.06,-0.045
19.224,-0.08,-0.055
19.226,-0.08,-0.06
19.228,-0.075,-0.065
19.23,-0.105,-0.065
19.232,-0.04,-0.06
19.234,-0.035,-0.055
19.236,-0.045,-0.045
19.238,-0.015,-0.035
19.24,-0.02,-0.025
19.242,-0.02,-0.02
19.244,-0.035,-0.015
19.246,-0.04,-0.01
19.248,-0.005,-0.01
19.25,-0.005,-0.015
19.252,-0.025,-0.015
19.254,-0.06,-0.015
19.256,-0.005,-0.01
19.258,-0.025,-0.01
19.26,0.02,-0.005
19.262,0.025,0.005
19.264,0.035,0.01
19.266,0.045,0.015
19.268,0.01,0.02
19.27,-0.005,0.03
19.272,0.005,0.035
19.274,0.03,0.045
19.276,0.1,0.05
19.278,0.085,0.065
19.28,0.07,0.075
19.282,0.05,0.085
19.284,0.08,0.095
19.286,0.13,0.1
19.288,0.15,0.105
19.29,0.09,0.105
19.292,0.075,0.105
19.294,0.065,0.105
19.296,0.105,0.105
19.298,0.11,0.105
19.3,0.14,0.11
19.302,0.135,0.12
19.304,0.165,0.13
19.306,0.165,0.14
19.308,0.135,0.15
19.31,0.11,0.155
19.312,0.13,0.155
19.314,0.155,0.15
19.316,0.17,0.145
19.318,0.17,0.14
19.32,0.13,0.135
19.322,0.13,0.14
19.324,0.16,0.145
19.326,0.16,0.155
19.328,0.145,0.17
19.33,0.21,0.185
19.332,0.225,0.195
19.334,0.2,0.205
19.336,0.175,0.205
19.338,0.185,0.2
19.34,0.175,0.19
19.342,0.16,0.18
19.344,0.11,0.165
19.346,0.17,0.155
19.348,0.195,0.155
19.35,0.16,0.155
19.352,0.15,0.155
19.354,0.115,0.155
19.356,0.16,0.155
19.358,0.13,0.15
19.36,0.13,0.135
19.362,0.065,0.115
19.364,0.03,0.09
19.366,0.025,0.06
19.368,0.02,0.035
19.37,0.025,0.015
19.372,0.04,0.0
19.374,0.02,-0.01
19.376,-0.08,-0.01
19.378,-0.055,-0.01
19.38,-0.005,-0.015
19.382,-0.005,-0.015
19.384,0.025,-0.02
19.386,-0.05,-0.03
19.388,-0.045,-0.045
19.39,-0.07,-0.055
19.392,-0.075,-0.065
19.394,-0.07,-0.07
19.396,-0.06,-0.07
19.398,-0.055,-0.065
19.4,0.0,-0.06
19.402,-0.03,-0.05
19.404,-0.09,-0.045
19.406,-0.06,-0.04
19.408,-0.06,-0.035
19.41,-0.09,-0.04
19.412,-0.045,-0.045
19.414,-0.03,-0.05
19.416,-0.06,-0.06
19.418,-0.08,-0.06
19.42,-0.07,-0.06
19.422,-0.065,-0.06
19.424,-0.055,-0.055
19.426,-0.01,-0.05
19.428,0.01,-0.04
19.43,-0.04,-0.04
19.432,-0.04,-0.04
19.434,-0.09,-0.04
19.436,-0.065,-0.045
19.438,-0.05,-0.055
19.44,-0.07,-0.06
19.442,-0.115,-0.065
19.444,-0.07,-0.07
19.446,-0.035,-0.07
19.448,-0.095,-0.065
19.45,-0.05,-0.06
19.452,0.035,-0.055
19.454,-0.075,-0.05
19.456,-0.11,-0.05
19.458,-0.095,-0.05
19.46,-0.07,-0.055
19.462,-0.1,-0.06
19.464,-0.025,-0.06
19.466,-0.065,-0.065
19.468,-0.07,-0.06
19.47,-0.045,-0.06
19.472,-0.045,-0.05
19.474,-0.03,-0.045
19.476,-0.015,-0.04
19.478,-0.09,-0.04
19.48,-0.04,-0.04
19.482,-0.06,-0.045
19.484,-0.06,-0.055
19.486,-0.085,-0.06
19.488,-0.075,-0.07
19.49,-0.06,-0.075
19.492,-0.085,-0.075
19.494,-0.07,-0.075
19.496,-0.15,-0.07
19.498,-0.09,-0.065
19.5,-0.035,-0.055
19.502,-0.02,-0.05
19.504,-0.045,-0.045
19.506,-0.055,-0.04
19.508,-0.06,-0.035
19.51,-0.05,-0.035
19.512,-0.015,-0.035
19.514,0.025,-0.04
19.516,-0.055,-0.045
19.518,-0.08,-0.05
19.52,-0.07,-0.055
19.522,-0.115,-0.055
19.524,-0.14,-0.06
19.526,-0.105,-0.06
19.528,0.0,-0.06
19.53,-0.03,-0.055
19.532,-0.06,-0.05
19.534,-0.08,-0.045
19.536,-0.01,-0.035
19.538,-0.06,-0.03
19.54,-0.075,-0.025
19.542,-0.025,-0.025
19.544,-0.005,-0.03
19.546,-0.095,-0.035
19.548,-0.1,-0.04
19.55,-0.05,-0.045
19.552,-0.045,-0.05
19.554,0.015,-0.045
19.556,-0.025,-0.045
19.558,-0.035,-0.04
19.56,-0.05,-0.03
19.562,-0.01,-0.025
19.564,-0.03,-0.015
19.566,-0.005,-0.01
19.568,-0.01,-0.01
19.57,0.01,-0.01
19.572,0.025,-0.01
19.574,0.015,-0.01
19.576,0.0,-0.005
19.578,0.005,-0.005
19.58,0.0,0.0
19.582,-0.01,0.005
19.584,0.02,0.01
19.586,0.015,0.01
19.588,0.035,0.015
19.59,-0.005,0.015
19.592,-0.005,0.01
19.594,-0.075,0.0
19.596,-0.035,-0.005
19.598,0.0,-0.02
19.6,-0.06,-0.03
19.602,-0.035,-0.04
19.604,-0.05,-0.05
19.606,-0.095,-0.06
19.608,-0.135,-0.065
19.61,-0.11,-0.075
19.612,-0.105,-0.08
19.614,-0.05,-0.085
19.616,-0.005,-0.085
19.618,-0.13,-0.085
19.62,-0.11,-0.09
19.622,-0.055,-0.09
19.624,-0.12,-0.09
19.626,-0.08,-0.09
19.628,-0.12,-0.09
19.63,-0.115,-0.09
19.632,-0.16,-0.095
19.634,-0.11,-0.1
19.636,-0.105,-0.105
19.638,-0.08,-0.11
19.64,-0.135,-0.115
19.642,-0.16,-0.115
19.644,-0.12,-0.12
19.646,-0.145,-0.12
19.648,-0.125,-0.115
19.65,-0.12,-0.115
19.652,-0.095,-0.11
19.654,-0.095,-0.105
19.656,-0.12,-0.105
19.658,-0.15,-0.1
19.66,-0.095,-0.1
19.662,-0.115,-0.1
19.664,-0.09,-0.095
19.666,-0.11,-0.095
19.668,-0.115,-0.095
19.67,-0.135,-0.09
19.672,-0.08,-0.09
19.674,-0.075,-0.085
19.676,-0.08,-0.085
19.678,-0.09,-0.085
19.68,-0.105,-0.085
19.682,-0.12,-0.09
19.684,-0.115,-0.1
19.686,-0.155,-0.105
19.688,-0.115,-0.115
19.69,-0.12,-0.12
19.692,-0.15,-0.12
19.694,-0.155,-0.12
19.696,-0.1,-0.115
19.698,-0.11,-0.11
19.7,-0.09,-0.105
19.702,-0.12,-0.1
19.704,-0.1,-0.1
19.706,-0.095,-0.1
19.708,-0.12,-0.1
19.71,-0.145,-0.105
19.712,-0.12,-0.105
19.714,-0.095,-0.095
19.716,-0.06,-0.085
19.718,-0.03,-0.065
19.72,0.0,-0.03
19.722,0.035,0.005
19.724,0.015,0.055
19.726,0.055,0.11
19.728,0.17,0.165
19.73,0.24,0.23
19.732,0.315,0.295
19.734,0.39,0.355
19.736,0.42,0.41
19.738,0.49,0.455
19.74,0.51,0.48
19.742,0.54,0.48
19.744,0.465,0.45
19.746,0.385,0.39
19.748,0.265,0.3
19.75,0.125,0.19
19.752,0.005,0.065
19.754,-0.095,-0.06
19.756,-0.215,-0.17
19.758,-0.315,-0.255
19.76,-0.36,-0.31
19.762,-0.385,-0.33
19.764,-0.295,-0.325
19.766,-0.22,-0.295
19.768,-0.205,-0.255
19.77,-0.21,-0.21
19.772,-0.19,-0.175
19.774,-0.17,-0.15
19.776,-0.16,-0.14
19.778,-0.13,-0.135
19.78,-0.085,-0.14
19.782,-0.13,-0.145
19.784,-0.125,-0.15
19.786,-0.155,-0.145
19.788,-0.14,-0.135
19.79,-0.15,-0.12
19.792,-0.12,-0.105
19.794,-0.105,-0.09
19.796,-0.06,-0.08
19.798,-0.09,-0.075
19.8,-0.115,-0.075
19.802,-0.1,-0.075
19.804,-0.055,-0.08
19.806,-0.055,-0.08
19.808,-0.065,-0.085
19.81,-0.13,-0.085
19.812,-0.12,-0.085
19.814,-0.135,-0.085
19.816,-0.105,-0.09
19.818,-0.055,-0.09
19.82,-0.08,-0.095
19.822,-0.095,-0.095
19.824,-0.08,-0.095
19.826,-0.11,-0.09
19.828,-0.09,-0.085
19.83,-0.07,-0.08
19.832,-0.06,-0.075
19.834,-0.04,-0.07
19.836,-0.075,-0.065
19.838,-0.07,-0.07
19.84,-0.055,-0.075
19.842,-0.115,-0.085
19.844,-0.095,-0.09
19.846,-0.09,-0.1
19.848,-0.11,-0.105
19.85,-0.105,-0.105
19.852,-0.11,-0.095
19.854,-0.185,-0.085
19.856,-0.01,-0.07
19.858,-0.015,-0.055
19.86,-0.02,-0.04
19.862,-0.045,-0.025
19.864,-0.04,-0.02
19.866,-0.015,-0.015
19.868,-0.05,-0.015
19.87,-0.025,-0.02
19.872,-0.015,-0.025
19.874,-0.015,-0.03
19.876,-0.03,-0.03
19.878,-0.03,-0.03
19.88,-0.045,-0.03
19.882,-0.06,-0.03
19.884,-0.065,-0.03
19.886,-0.03,-0.03
19.888,-0.035,-0.035
19.89,-0.045,-0.035
19.892,-0.025,-0.04
19.894,0.005,-0.04
19.896,0.0,-0.04
19.898,-0.005,-0.035
19.9,-0.01,-0.025
19.902,-0.015,-0.01
19.904,-0.025,0.0
19.906,-0.03,0.02
19.908,0.015,0.035
19.91,0.095,0.05
19.912,0.055,0.06
19.914,0.065,0.065
19.916,0.07,0.07
19.918,0.1,0.075
19.92,0.1,0.08
19.922,0.1,0.08
19.924,0.1,0.09
19.926,0.115,0.095
19.928,0.13,0.105
19.93,0.125,0.115
19.932,0.13,0.125
19.934,0.16,0.135
19.936,0.15,0.145
19.938,0.155,0.155
19.94,0.13,0.165
19.942,0.13,0.17
19.944,0.125,0.175
19.946,0.125,0.18
19.948,0.23,0.185
19.95,0.24,0.185
19.952,0.19,0.185
19.954,0.185,0.18
19.956,0.17,0.18
19.958,0.17,0.175
19.96,0.165,0.165
19.962,0.135,0.16
19.964,0.135,0.15
19.966,0.14,0.14
19.968,0.085,0.135
19.97,0.095,0.125
19.972,0.125,0.12
19.974,0.1,0.11
19.976,0.1,0.105
19.978,0.095,0.105
19.98,0.105,0.1
19.982,0.085,0.095
19.984,0.085,0.09
19.986,0.05,0.08
19.988,0.07,0.075
19.99,0.015,0.065
19.992,0.0,0.05
19.994,-0.02,0.04
19.996,0.05,0.025
19.998,0.04,0.01
