time_sec,ECG_II,ECG_II_filtered
0.0,0.005,-0.035
0.002,-0.015,-0.03
0.004,-0.01,-0.03
0.006,0.025,-0.03
0.008,0.015,-0.035
0.01,0.005,-0.035
0.012,-0.025,-0.04
0.014,-0.015,-0.045
0.016,0.005,-0.05
0.018,-0.01,-0.05
0.02,-0.04,-0.05
0.022,0.0,-0.045
0.024,0.025,-0.04
0.026,0.0,-0.03
0.028,0.04,-0.02
0.03,0.07,-0.01
0.032,0.045,0.0
0.034,0.03,0.005
0.036,0.045,0.005
0.038,-0.005,0.0
0.04,0.0,-0.005
0.042,0.01,-0.02
0.044,-0.015,-0.03
0.046,-0.005,-0.04
0.048,-0.03,-0.045
0.05,-0.015,-0.05
0.052,0.045,-0.045
0.054,0.035,-0.04
0.056,0.015,-0.035
0.058,-0.015,-0.025
0.06,-0.01,-0.025
0.062,-0.015,-0.025
0.064,-0.02,-0.03
0.066,0.0,-0.04
0.068,0.005,-0.045
0.07,0.035,-0.055
0.072,-0.01,-0.06
0.074,0.01,-0.06
0.076,0.015,-0.055
0.078,0.03,-0.045
0.08,0.025,-0.04
0.082,0.0,-0.03
0.084,-0.045,-0.025
0.086,0.005,-0.025
0.088,0.03,-0.025
0.09,0.01,-0.035
0.092,-0.005,-0.04
0.094,0.0,-0.045
0.096,0.02,-0.05
0.098,-0.005,-0.05
0.1,-0.005,-0.05
0.102,0.01,-0.045
0.104,0.005,-0.04
0.106,0.0,-0.035
0.108,0.0,-0.03
0.11,0.02,-0.03
0.112,0.04,-0.035
0.114,0.03,-0.035
0.116,0.035,-0.04
0.118,0.05,-0.04
0.12,0.025,-0.035
0.122,0.0,-0.03
0.124,-0.02,-0.025
0.126,0.015,-0.02
0.128,-0.015,-0.02
0.13,0.0,-0.02
0.132,0.01,-0.02
0.134,0.06,-0.025
0.136,0.07,-0.03
0.138,-0.015,-0.035
0.14,0.015,-0.04
0.142,0.0,-0.04
0.144,-0.005,-0.035
0.146,-0.01,-0.03
0.148,0.035,-0.025
0.15,0.02,-0.02
0.152,0.015,-0.02
0.154,0.035,-0.025
0.156,0.01,-0.03
0.158,0.005,-0.035
0.16,0.01,-0.045
0.162,0.03,-0.05
0.164,0.04,-0.055
0.166,-0.01,-0.055
0.168,-0.02,-0.055
0.17,-0.01,-0.05
0.172,0.03,-0.04
0.174,0.045,-0.035
0.176,0.04,-0.03
0.178,0.055,-0.025
0.18,0.01,-0.025
0.182,0.005,-0.025
0.184,0.01,-0.025
0.186,0.02,-0.025
0.188,0.06,-0.025
0.19,0.035,-0.025
0.192,0.015,-0.025
0.194,0.025,-0.02
0.196,0.04,-0.02
0.198,0.05,-0.015
0.2,0.035,-0.015
0.202,0.065,-0.01
0.204,0.085,-0.005
0.206,0.055,0.0
0.208,0.055,0.005
0.21,0.065,0.01
0.212,0.045,0.015
0.214,0.07,0.02
0.216,0.07,0.02
0.218,0.08,0.02
0.22,0.095,0.015
0.222,0.08,0.01
0.224,0.08,0.005
0.226,0.055,0.005
0.228,0.055,0.0
0.23,0.05,0.0
0.232,0.045,0.0
0.234,0.05,0.005
0.236,0.045,0.005
0.238,0.07,0.0
0.24,0.085,0.0
0.242,0.07,-0.005
0.244,0.035,-0.015
0.246,0.03,-0.02
0.248,0.01,-0.03
0.25,0.015,-0.035
0.252,-0.025,-0.04
0.254,-0.015,-0.04
0.256,0.06,-0.035
0.258,0.055,-0.03
0.26,0.06,-0.03
0.262,0.05,-0.025
0.264,0.045,-0.02
0.266,0.04,-0.02
0.268,0.0,-0.025
0.27,0.01,-0.025
0.272,0.04,-0.03
0.274,0.025,-0.04
0.276,-0.005,-0.045
0.278,-0.02,-0.045
0.28,-0.01,-0.05
0.282,0.045,-0.045
0.284,0.03,-0.04
0.286,0.05,-0.03
0.288,0.055,-0.02
0.29,0.045,-0.01
0.292,0.01,0.0
0.294,0.08,0.005
0.296,0.065,0.01
0.298,0.03,0.005
0.3,0.005,0.0
0.302,0.04,-0.01
0.304,0.04,-0.02
0.306,0.075,-0.03
0.308,0.02,-0.035
0.31,0.025,-0.035
0.312,0.075,-0.035
0.314,0.05,-0.03
0.316,0.02,-0.025
0.318,-0.01,-0.02
0.32,0.015,-0.02
0.322,0.035,-0.025
0.324,0.025,-0.03
0.326,0.035,-0.035
0.328,0.005,-0.03
0.33,0.015,-0.02
0.332,0.08,0.005
0.334,0.125,0.045
0.336,0.17,0.1
0.338,0.215,0.17
0.34,0.345,0.255
0.342,0.455,0.35
0.344,0.515,0.445
0.346,0.555,0.53
0.348,0.705,0.605
0.35,0.795,0.66
0.352,0.835,0.69
0.354,0.765,0.69
0.356,0.695,0.66
0.358,0.665,0.61
0.36,0.55,0.535
0.362,0.43,0.44
0.364,0.365,0.34
0.366,0.31,0.24
0.368,0.22,0.14
0.37,0.085,0.055
0.372,0.0,-0.015
0.374,-0.04,-0.065
0.376,-0.05,-0.1
0.378,-0.085,-0.12
0.38,-0.06,-0.13
0.382,-0.08,-0.125
0.384,-0.07,-0.115
0.386,-0.065,-0.105
0.388,-0.02,-0.09
0.39,0.015,-0.075
0.392,0.015,-0.06
0.394,0.04,-0.045
0.396,0.06,-0.035
0.398,0.055,-0.025
0.4,0.05,-0.015
0.402,0.075,-0.01
0.404,0.05,-0.005
0.406,0.03,-0.01
0.408,0.035,-0.01
0.41,0.045,-0.02
0.412,0.06,-0.025
0.414,0.035,-0.035
0.416,0.0,-0.04
0.418,0.025,-0.045
0.42,0.045,-0.05
0.422,0.055,-0.05
0.424,-0.01,-0.045
0.426,-0.005,-0.04
0.428,0.02,-0.03
0.43,0.055,-0.015
0.432,0.125,-0.005
0.434,0.13,0.005
0.436,0.085,0.015
0.438,0.085,0.025
0.44,0.065,0.025
0.442,0.02,0.025
0.444,0.045,0.02
0.446,0.055,0.015
0.448,0.075,0.005
0.45,0.045,0.0
0.452,0.055,-0.005
0.454,0.07,-0.01
0.456,0.07,-0.01
0.458,0.04,-0.005
0.46,0.04,-0.005
0.462,0.015,0.0
0.464,0.075,0.005
0.466,0.105,0.005
0.468,0.095,0.005
0.47,0.05,0.0
0.472,0.015,0.0
0.474,0.04,-0.005
0.476,0.03,-0.005
0.478,0.065,0.0
0.48,0.06,0.005
0.482,0.105,0.01
0.484,0.12,0.02
0.486,0.11,0.03
0.488,0.12,0.035
0.49,0.08,0.04
0.492,0.08,0.045
0.494,0.07,0.045
0.496,0.125,0.04
0.498,0.095,0.035
0.5,0.065,0.03
0.502,0.1,0.025
0.504,0.095,0.025
0.506,0.07,0.02
0.508,0.03,0.02
0.51,0.07,0.02
0.512,0.12,0.02
0.514,0.125,0.025
0.516,0.06,0.025
0.518,0.085,0.03
0.52,0.095,0.03
0.522,0.105,0.035
0.524,0.135,0.045
0.526,0.175,0.05
0.528,0.14,0.06
0.53,0.125,0.065
0.532,0.125,0.075
0.534,0.16,0.08
0.536,0.145,0.085
0.538,0.115,0.085
0.54,0.095,0.085
0.542,0.135,0.085
0.544,0.165,0.08
0.546,0.165,0.08
0.548,0.14,0.08
0.55,0.16,0.08
0.552,0.175,0.09
0.554,0.195,0.1
0.556,0.205,0.11
0.558,0.175,0.125
0.56,0.175,0.14
0.562,0.17,0.15
0.564,0.23,0.16
0.566,0.22,0.165
0.568,0.22,0.165
0.57,0.21,0.16
0.572,0.2,0.15
0.574,0.22,0.145
0.576,0.19,0.135
0.578,0.155,0.13
0.58,0.18,0.13
0.582,0.225,0.13
0.584,0.22,0.13
0.586,0.2,0.135
0.588,0.215,0.135
0.59,0.16,0.13
0.592,0.14,0.125
0.594,0.13,0.115
0.596,0.165,0.105
0.598,0.18,0.095
0.6,0.135,0.085
0.602,0.12,0.075
0.604,0.14,0.07
0.606,0.135,0.065
0.608,0.11,0.06
0.61,0.105,0.06
0.612,0.1,0.055
0.614,0.125,0.055
0.616,0.13,0.05
0.618,0.085,0.045
0.62,0.07,0.04
0.622,0.085,0.03
0.624,0.085,0.02
0.626,0.065,0.015
0.628,0.07,0.005
0.63,0.065,-0.005
0.632,0.035,-0.015
0.634,0.035,-0.025
0.636,-0.01,-0.035
0.638,0.01,-0.04
0.64,0.075,-0.04
0.642,0.09,-0.04
0.644,0.015,-0.035
0.646,-0.02,-0.03
0.648,0.025,-0.02
0.65,0.085,-0.015
0.652,0.065,-0.01
0.654,0.01,-0.005
0.656,0.04,-0.005
0.658,0.075,-0.005
0.66,0.055,-0.005
0.662,0.09,-0.01
0.664,0.075,-0.005
0.666,0.055,-0.005
0.668,0.08,0.0
0.67,0.085,0.0
0.672,0.1,0.0
0.674,0.05,0.0
0.676,0.055,-0.005
0.678,0.005,-0.015
0.68,0.005,-0.025
0.682,0.025,-0.035
0.684,0.025,-0.04
0.686,0.015,-0.045
0.688,0.03,-0.045
0.69,0.04,-0.04
0.692,0.04,-0.03
0.694,0.055,-0.015
0.696,0.045,-0.005
0.698,0.07,0.0
0.7,0.06,0.0
0.702,0.03,0.0
0.704,0.045,-0.01
0.706,0.07,-0.02
0.708,0.03,-0.03
0.71,0.015,-0.04
0.712,0.03,-0.04
0.714,0.015,-0.04
0.716,0.015,-0.035
0.718,0.045,-0.03
0.72,0.085,-0.02
0.722,0.07,-0.015
0.724,0.03,-0.015
0.726,-0.005,-0.02
0.728,-0.005,-0.025
0.73,0.015,-0.035
0.732,0.055,-0.04
0.734,0.105,-0.045
0.736,0.05,-0.045
0.738,0.05,-0.04
0.74,-0.015,-0.03
0.742,0.0,-0.015
0.744,0.075,-0.005
0.746,0.085,0.005
0.748,0.07,0.005
0.75,0.04,0.005
0.752,0.03,-0.005
0.754,0.04,-0.02
0.756,0.005,-0.035
0.758,-0.02,-0.05
0.76,-0.01,-0.055
0.762,0.035,-0.055
0.764,0.015,-0.055
0.766,0.05,-0.045
0.768,0.02,-0.04
0.77,0.045,-0.03
0.772,0.03,-0.025
0.774,0.025,-0.025
0.776,0.035,-0.03
0.778,0.015,-0.035
0.78,0.04,-0.04
0.782,0.055,-0.045
0.784,0.035,-0.045
0.786,-0.015,-0.045
0.788,-0.015,-0.045
0.79,0.03,-0.04
0.792,0.06,-0.03
0.794,0.06,-0.025
0.796,0.025,-0.025
0.798,0.015,-0.025
0.8,0.015,-0.025
0.802,0.015,-0.025
0.804,0.03,-0.03
0.806,0.04,-0.035
0.808,0.01,-0.04
0.81,0.02,-0.045
0.812,0.02,-0.045
0.814,0.035,-0.05
0.816,0.005,-0.05
0.818,0.0,-0.05
0.82,0.03,-0.05
0.822,0.015,-0.05
0.824,0.02,-0.05
0.826,-0.01,-0.05
0.828,-0.01,-0.05
0.83,0.02,-0.05
0.832,0.065,-0.05
0.834,0.045,-0.05
0.836,0.0,-0.05
0.838,-0.01,-0.05
0.84,0.005,-0.05
0.842,-0.005,-0.045
0.844,-0.015,-0.045
0.846,0.0,-0.04
0.848,0.06,-0.04
0.85,0.06,-0.04
0.852,0.02,-0.04
0.854,0.04,-0.045
0.856,0.0,-0.05
0.858,-0.015,-0.055
0.86,-0.06,-0.065
0.862,-0.05,-0.07
0.864,-0.06,-0.075
0.866,0.01,-0.075
0.868,0.035,-0.07
0.87,0.005,-0.065
0.872,0.0,-0.055
0.874,0.05,-0.045
0.876,0.06,-0.04
0.878,0.05,-0.03
0.88,0.045,-0.025
0.882,0.025,-0.02
0.884,0.035,-0.02
0.886,0.05,-0.02
0.888,0.03,-0.025
0.89,0.025,-0.025
0.892,0.01,-0.025
0.894,0.025,-0.025
0.896,0.01,-0.03
0.898,0.02,-0.03
0.9,0.04,-0.035
0.902,0.03,-0.035
0.904,0.045,-0.04
0.906,0.02,-0.045
0.908,-0.015,-0.05
0.91,0.0,-0.05
0.912,0.03,-0.055
0.914,-0.015,-0.05
0.916,0.01,-0.05
0.918,0.03,-0.045
0.92,0.045,-0.045
0.922,0.05,-0.04
0.924,0.055,-0.03
0.926,0.05,-0.025
0.928,0.05,-0.02
0.93,0.06,-0.015
0.932,0.065,-0.01
0.934,0.045,-0.005
0.936,0.02,-0.005
0.938,0.045,-0.005
0.94,0.07,-0.005
0.942,0.06,-0.005
0.944,0.045,-0.01
0.946,0.035,-0.02
0.948,0.04,-0.025
0.95,0.005,-0.035
0.952,0.03,-0.04
0.954,-0.01,-0.045
0.956,-0.01,-0.05
0.958,-0.02,-0.055
0.96,0.005,-0.055
0.962,0.02,-0.055
0.964,0.04,-0.055
0.966,0.025,-0.06
0.968,0.01,-0.06
0.97,0.0,-0.06
0.972,0.0,-0.06
0.974,-0.03,-0.06
0.976,-0.01,-0.06
0.978,0.01,-0.055
0.98,0.0,-0.055
0.982,0.035,-0.055
0.984,0.035,-0.05
0.986,0.035,-0.05
0.988,0.0,-0.05
0.99,-0.01,-0.045
0.992,0.01,-0.05
0.994,0.01,-0.05
0.996,0.0,-0.05
0.998,-0.03,-0.055
1.0,-0.005,-0.06
1.002,0.015,-0.065
1.004,0.0,-0.07
1.006,-0.02,-0.07
1.008,-0.01,-0.075
1.01,0.01,-0.075
1.012,0.0,-0.075
1.014,-0.01,-0.075
1.016,-0.05,-0.07
1.018,-0.015,-0.065
1.02,0.015,-0.06
1.022,0.015,-0.06
1.024,-0.01,-0.055
1.026,-0.02,-0.06
1.028,-0.005,-0.06
1.03,-0.015,-0.06
1.032,-0.005,-0.06
1.034,-0.005,-0.05
1.036,-0.015,-0.025
1.038,0.075,0.01
1.04,0.15,0.065
1.042,0.21,0.14
1.044,0.285,0.225
1.046,0.43,0.32
1.048,0.48,0.415
1.05,0.58,0.505
1.052,0.69,0.58
1.054,0.78,0.63
1.056,0.73,0.65
1.058,0.695,0.64
1.06,0.635,0.595
1.062,0.54,0.53
1.064,0.405,0.445
1.066,0.365,0.345
1.068,0.35,0.245
1.07,0.265,0.145
1.072,0.13,0.06
1.074,-0.02,-0.015
1.076,-0.095,-0.08
1.078,-0.09,-0.125
1.08,-0.12,-0.155
1.082,-0.145,-0.17
1.084,-0.16,-0.18
1.086,-0.15,-0.175
1.088,-0.135,-0.16
1.09,-0.05,-0.145
1.092,0.025,-0.125
1.094,0.005,-0.1
1.096,-0.005,-0.08
1.098,0.005,-0.065
1.1,-0.025,-0.055
1.102,-0.02,-0.045
1.104,-0.02,-0.045
1.106,0.035,-0.045
1.108,0.05,-0.05
1.11,-0.005,-0.055
1.112,-0.025,-0.055
1.114,0.005,-0.055
1.116,0.03,-0.055
1.118,0.01,-0.05
1.12,-0.015,-0.045
1.122,0.005,-0.04
1.124,0.01,-0.035
1.126,0.025,-0.03
1.128,0.035,-0.03
1.13,0.02,-0.03
1.132,0.015,-0.035
1.134,-0.015,-0.04
1.136,0.005,-0.045
1.138,0.005,-0.045
1.14,0.015,-0.05
1.142,0.005,-0.05
1.144,0.03,-0.045
1.146,0.02,-0.045
1.148,0.03,-0.04
1.15,0.01,-0.04
1.152,0.02,-0.04
1.154,0.025,-0.045
1.156,0.035,-0.045
1.158,-0.005,-0.05
1.16,-0.02,-0.06
1.162,-0.03,-0.065
1.164,-0.01,-0.065
1.166,0.01,-0.07
1.168,-0.04,-0.065
1.17,-0.035,-0.06
1.172,0.005,-0.055
1.174,0.05,-0.05
1.176,0.05,-0.04
1.178,0.01,-0.035
1.18,0.01,-0.03
1.182,0.03,-0.025
1.184,0.02,-0.025
1.186,0.03,-0.025
1.188,0.055,-0.025
1.19,0.05,-0.02
1.192,0.04,-0.02
1.194,0.025,-0.02
1.196,0.04,-0.025
1.198,0.025,-0.025
1.2,0.04,-0.02
1.202,0.03,-0.02
1.204,0.04,-0.02
1.206,0.05,-0.015
1.208,0.06,-0.01
1.21,0.06,0.0
1.212,0.05,0.005
1.214,0.09,0.015
1.216,0.075,0.02
1.218,0.055,0.02
1.22,0.065,0.02
1.222,0.055,0.02
1.224,0.035,0.015
1.226,0.06,0.01
1.228,0.07,0.005
1.23,0.095,0.005
1.232,0.105,0.01
1.234,0.105,0.015
1.236,0.115,0.025
1.238,0.13,0.035
1.24,0.115,0.045
1.242,0.08,0.05
1.244,0.07,0.055
1.246,0.1,0.06
1.248,0.105,0.06
1.25,0.14,0.065
1.252,0.18,0.065
1.254,0.145,0.075
1.256,0.125,0.085
1.258,0.135,0.095
1.26,0.16,0.105
1.262,0.15,0.11
1.264,0.18,0.115
1.266,0.185,0.115
1.268,0.13,0.115
1.27,0.155,0.11
1.272,0.17,0.1
1.274,0.14,0.095
1.276,0.14,0.09
1.278,0.155,0.09
1.28,0.155,0.095
1.282,0.18,0.1
1.284,0.18,0.105
1.286,0.17,0.11
1.288,0.185,0.115
1.29,0.14,0.115
1.292,0.155,0.11
1.294,0.135,0.1
1.296,0.125,0.09
1.298,0.115,0.08
1.3,0.145,0.065
1.302,0.115,0.055
1.304,0.065,0.045
1.306,0.065,0.035
1.308,0.08,0.025
1.31,0.065,0.02
1.312,0.105,0.015
1.314,0.065,0.01
1.316,0.025,0.0
1.318,0.05,-0.005
1.32,0.06,-0.015
1.322,0.025,-0.02
1.324,0.035,-0.025
1.326,0.045,-0.03
1.328,0.04,-0.03
1.33,0.02,-0.03
1.332,-0.005,-0.03
1.334,0.01,-0.025
1.336,-0.025,-0.02
1.338,0.035,-0.02
1.34,0.035,-0.02
1.342,0.05,-0.02
1.344,0.05,-0.025
1.346,0.005,-0.03
1.348,-0.005,-0.035
1.35,0.025,-0.04
1.352,0.03,-0.05
1.354,-0.015,-0.055
1.356,-0.025,-0.055
1.358,-0.07,-0.06
1.36,-0.07,-0.06
1.362,0.005,-0.055
1.364,0.045,-0.055
1.366,0.03,-0.055
1.368,0.03,-0.05
1.37,0.025,-0.045
1.372,0.015,-0.045
1.374,-0.015,-0.04
1.376,0.01,-0.04
1.378,0.035,-0.035
1.38,0.02,-0.035
1.382,-0.015,-0.035
1.384,0.01,-0.035
1.386,0.0,-0.04
1.388,-0.005,-0.045
1.39,-0.005,-0.05
1.392,-0.02,-0.055
1.394,0.0,-0.06
1.396,0.01,-0.065
1.398,-0.005,-0.065
1.4,-0.01,-0.065
1.402,-0.015,-0.06
1.404,-0.035,-0.055
1.406,0.015,-0.05
1.408,0.04,-0.04
1.41,0.035,-0.04
1.412,0.035,-0.035
1.414,0.015,-0.035
1.416,-0.005,-0.04
1.418,-0.03,-0.04
1.42,-0.025,-0.045
1.422,-0.015,-0.05
1.424,0.01,-0.055
1.426,0.015,-0.055
1.428,0.005,-0.055
1.43,0.0,-0.055
1.432,-0.02,-0.05
1.434,-0.04,-0.045
1.436,-0.05,-0.045
1.438,0.0,-0.04
1.44,0.02,-0.04
1.442,0.005,-0.045
1.444,0.01,-0.05
1.446,0.0,-0.055
1.448,0.0,-0.06
1.45,-0.015,-0.07
1.452,-0.01,-0.075
1.454,-0.05,-0.085
1.456,-0.05,-0.09
1.458,-0.025,-0.09
1.46,-0.005,-0.085
1.462,0.01,-0.08
1.464,-0.005,-0.075
1.466,0.0,-0.065
1.468,0.0,-0.055
1.47,0.05,-0.045
1.472,0.015,-0.04
1.474,-0.02,-0.04
1.476,-0.045,-0.045
1.478,-0.05,-0.05
1.48,-0.025,-0.06
1.482,-0.04,-0.065
1.484,0.035,-0.07
1.486,0.02,-0.075
1.488,0.01,-0.07
1.49,-0.005,-0.06
1.492,0.025,-0.05
1.494,-0.01,-0.04
1.496,-0.01,-0.03
1.498,-0.02,-0.03
1.5,-0.01,-0.03
1.502,0.0,-0.035
1.504,0.015,-0.045
1.506,0.005,-0.06
1.508,-0.035,-0.07
1.51,-0.07,-0.08
1.512,-0.035,-0.085
1.514,0.01,-0.085
1.516,-0.02,-0.08
1.518,-0.015,-0.075
1.52,0.005,-0.07
1.522,0.015,-0.06
1.524,0.01,-0.055
1.526,0.005,-0.055
1.528,0.005,-0.055
1.53,-0.015,-0.055
1.532,-0.035,-0.06
1.534,-0.03,-0.06
1.536,0.0,-0.06
1.538,-0.005,-0.055
1.54,0.025,-0.055
1.542,0.02,-0.055
1.544,0.02,-0.05
1.546,-0.01,-0.055
1.548,0.01,-0.055
1.55,-0.005,-0.06
1.552,-0.04,-0.06
1.554,-0.07,-0.065
1.556,-0.11,-0.06
1.558,-0.025,-0.055
1.56,0.055,-0.05
1.562,0.085,-0.04
1.564,0.075,-0.03
1.566,0.03,-0.025
1.568,0.015,-0.02
1.57,0.025,-0.015
1.572,0.025,-0.02
1.574,0.04,-0.02
1.576,0.015,-0.025
1.578,0.045,-0.03
1.58,0.03,-0.03
1.582,0.05,-0.025
1.584,0.065,-0.02
1.586,0.06,-0.015
1.588,0.065,-0.01
1.59,0.045,-0.015
1.592,0.015,-0.02
1.594,-0.02,-0.025
1.596,-0.025,-0.04
1.598,-0.085,-0.05
1.6,-0.065,-0.06
1.602,0.0,-0.065
1.604,0.065,-0.065
1.606,0.045,-0.06
1.608,0.02,-0.045
1.61,0.05,-0.035
1.612,0.055,-0.02
1.614,0.035,-0.015
1.616,0.0,-0.01
1.618,-0.025,-0.015
1.62,0.0,-0.025
1.622,0.01,-0.04
1.624,0.005,-0.05
1.626,-0.015,-0.065
1.628,0.015,-0.07
1.63,0.03,-0.075
1.632,-0.02,-0.07
1.634,-0.005,-0.065
1.636,-0.005,-0.055
1.638,-0.02,-0.045
1.64,-0.005,-0.04
1.642,0.0,-0.04
1.644,0.005,-0.04
1.646,0.025,-0.04
1.648,0.015,-0.045
1.65,-0.015,-0.055
1.652,-0.04,-0.06
1.654,0.005,-0.065
1.656,0.01,-0.07
1.658,-0.035,-0.075
1.66,-0.025,-0.075
1.662,-0.03,-0.07
1.664,0.015,-0.065
1.666,0.02,-0.055
1.668,0.01,-0.045
1.67,-0.005,-0.035
1.672,0.02,-0.025
1.674,0.01,-0.02
1.676,0.005,-0.02
1.678,0.005,-0.02
1.68,-0.025,-0.025
1.682,-0.02,-0.025
1.684,0.065,-0.02
1.686,0.065,-0.005
1.688,0.115,0.03
1.69,0.135,0.085
1.692,0.195,0.165
1.694,0.34,0.255
1.696,0.445,0.36
1.698,0.505,0.465
1.7,0.62,0.555
1.702,0.745,0.63
1.704,0.795,0.675
1.706,0.785,0.685
1.708,0.775,0.66
1.71,0.65,0.605
1.712,0.485,0.525
1.714,0.39,0.43
1.716,0.325,0.32
1.718,0.295,0.22
1.72,0.23,0.125
1.722,0.11,0.04
1.724,-0.055,-0.025
1.726,-0.115,-0.075
1.728,-0.065,-0.105
1.73,-0.065,-0.125
1.732,-0.085,-0.135
1.734,-0.105,-0.135
1.736,-0.09,-0.13
1.738,-0.09,-0.125
1.74,-0.07,-0.115
1.742,-0.04,-0.105
1.744,0.015,-0.095
1.746,0.02,-0.085
1.748,-0.01,-0.075
1.75,-0.03,-0.065
1.752,-0.03,-0.055
1.754,-0.015,-0.045
1.756,0.035,-0.035
1.758,0.04,-0.025
1.76,0.035,-0.02
1.762,0.055,-0.015
1.764,0.04,-0.015
1.766,0.035,-0.015
1.768,0.045,-0.025
1.77,0.02,-0.03
1.772,0.03,-0.04
1.774,-0.005,-0.045
1.776,-0.005,-0.055
1.778,0.0,-0.055
1.78,0.01,-0.055
1.782,0.03,-0.05
1.784,0.045,-0.04
1.786,0.065,-0.035
1.788,0.07,-0.025
1.79,0.055,-0.02
1.792,0.05,-0.015
1.794,0.04,-0.01
1.796,0.025,-0.01
1.798,0.02,-0.01
1.8,0.035,-0.015
1.802,0.03,-0.015
1.804,0.03,-0.02
1.806,0.045,-0.02
1.808,0.035,-0.02
1.81,0.025,-0.02
1.812,0.02,-0.02
1.814,0.035,-0.02
1.816,0.03,-0.02
1.818,0.045,-0.02
1.82,0.055,-0.015
1.822,0.055,-0.015
1.824,0.02,-0.01
1.826,0.035,-0.01
1.828,0.05,-0.005
1.83,0.05,-0.005
1.832,0.065,-0.005
1.834,0.03,0.0
1.836,0.075,0.0
1.838,0.03,0.005
1.84,0.07,0.005
1.842,0.065,0.01
1.844,0.04,0.01
1.846,0.07,0.015
1.848,0.085,0.015
1.85,0.065,0.01
1.852,0.04,0.01
1.854,0.025,0.01
1.856,0.015,0.01
1.858,0.065,0.01
1.86,0.095,0.015
1.862,0.09,0.02
1.864,0.09,0.025
1.866,0.06,0.035
1.868,0.025,0.045
1.87,0.105,0.05
1.872,0.125,0.055
1.874,0.11,0.06
1.876,0.12,0.065
1.878,0.125,0.065
1.88,0.13,0.065
1.882,0.125,0.065
1.884,0.115,0.07
1.886,0.12,0.07
1.888,0.1,0.07
1.89,0.08,0.07
1.892,0.1,0.065
1.894,0.135,0.065
1.896,0.17,0.065
1.898,0.19,0.07
1.9,0.145,0.075
1.902,0.125,0.08
1.904,0.12,0.095
1.906,0.19,0.105
1.908,0.18,0.12
1.91,0.155,0.135
1.912,0.2,0.145
1.914,0.2,0.15
1.916,0.17,0.155
1.918,0.2,0.155
1.92,0.215,0.15
1.922,0.185,0.145
1.924,0.215,0.145
1.926,0.215,0.145
1.928,0.2,0.145
1.93,0.2,0.145
1.932,0.19,0.15
1.934,0.18,0.15
1.936,0.165,0.15
1.938,0.155,0.145
1.94,0.145,0.135
1.942,0.15,0.125
1.944,0.135,0.11
1.946,0.145,0.095
1.948,0.14,0.085
1.95,0.125,0.075
1.952,0.105,0.07
1.954,0.11,0.065
1.956,0.11,0.06
1.958,0.115,0.055
1.96,0.085,0.05
1.962,0.08,0.04
1.964,0.06,0.025
1.966,0.045,0.015
1.968,-0.01,0.0
1.97,0.03,-0.015
1.972,0.035,-0.025
1.974,0.06,-0.035
1.976,0.01,-0.035
1.978,-0.02,-0.035
1.98,0.035,-0.03
1.982,0.05,-0.02
1.984,0.04,-0.015
1.986,0.015,-0.01
1.988,0.04,-0.01
1.99,0.06,-0.01
1.992,0.01,-0.015
1.994,0.005,-0.02
1.996,0.05,-0.025
1.998,0.015,-0.025
2.0,-0.005,-0.025
2.002,0.055,-0.025
2.004,0.055,-0.025
2.006,0.03,-0.02
2.008,0.01,-0.015
2.01,-0.01,-0.015
2.012,-0.01,-0.015
2.014,0.01,-0.02
2.016,0.025,-0.025
2.018,0.035,-0.03
2.02,0.06,-0.03
2.022,0.03,-0.035
2.024,0.0,-0.035
2.026,-0.045,-0.035
2.028,-0.015,-0.03
2.03,0.04,-0.03
2.032,0.035,-0.025
2.034,0.045,-0.02
2.036,0.05,-0.015
2.038,0.03,-0.01
2.04,0.015,-0.01
2.042,0.03,-0.015
2.044,0.05,-0.02
2.046,0.05,-0.025
2.048,0.01,-0.035
2.05,0.01,-0.045
2.052,-0.03,-0.05
2.054,-0.05,-0.055
2.056,-0.04,-0.055
2.058,0.04,-0.05
2.06,0.085,-0.04
2.062,0.035,-0.03
2.064,0.01,-0.02
2.066,0.04,-0.01
2.068,0.05,0.0
2.07,0.07,0.0
2.072,0.055,-0.005
2.074,0.015,-0.015
2.076,-0.03,-0.03
2.078,-0.015,-0.045
2.08,0.02,-0.055
2.082,0.045,-0.065
2.084,0.005,-0.07
2.086,0.01,-0.07
2.088,-0.04,-0.065
2.09,-0.03,-0.055
2.092,0.01,-0.045
2.094,0.02,-0.04
2.096,0.025,-0.03
2.098,0.005,-0.03
2.1,0.005,-0.025
2.102,-0.015,-0.025
2.104,0.015,-0.025
2.106,0.05,-0.025
2.108,0.055,-0.02
2.11,0.03,-0.02
2.112,0.015,-0.02
2.114,0.03,-0.02
2.116,0.03,-0.02
2.118,0.06,-0.025
2.12,0.02,-0.03
2.122,0.0,-0.035
2.124,0.015,-0.035
2.126,0.035,-0.04
2.128,0.01,-0.04
2.13,-0.025,-0.04
2.132,0.015,-0.035
2.134,0.01,-0.035
2.136,0.0,-0.035
2.138,0.01,-0.035
2.14,0.005,-0.04
2.142,-0.025,-0.045
2.144,0.015,-0.05
2.146,0.03,-0.05
2.148,0.04,-0.05
2.15,0.03,-0.045
2.152,0.01,-0.04
2.154,0.03,-0.035
2.156,0.03,-0.03
2.158,0.01,-0.025
2.16,-0.01,-0.02
2.162,0.01,-0.02
2.164,0.02,-0.025
2.166,0.05,-0.03
2.168,0.02,-0.035
2.17,-0.005,-0.04
2.172,0.015,-0.04
2.174,0.04,-0.04
2.176,0.035,-0.04
2.178,0.055,-0.04
2.18,0.02,-0.035
2.182,-0.005,-0.035
2.184,0.0,-0.035
2.186,0.005,-0.03
2.188,-0.015,-0.025
2.19,0.04,-0.02
2.192,0.07,-0.015
2.194,0.07,-0.01
2.196,0.06,0.0
2.198,0.07,0.01
2.2,0.075,0.015
2.202,0.075,0.02
2.204,0.07,0.025
2.206,0.085,0.025
2.208,0.055,0.025
2.21,0.04,0.02
2.212,0.035,0.02
2.214,0.075,0.015
2.216,0.06,0.01
2.218,0.06,0.005
2.22,0.045,0.0
2.222,0.015,-0.01
2.224,0.025,-0.02
2.226,0.01,-0.03
2.228,0.005,-0.04
2.23,-0.005,-0.045
2.232,0.005,-0.05
2.234,-0.035,-0.055
2.236,0.005,-0.05
2.238,0.045,-0.045
2.24,0.055,-0.035
2.242,0.055,-0.025
2.244,0.035,-0.015
2.246,0.02,-0.01
2.248,0.035,-0.01
2.25,0.03,-0.01
2.252,0.015,-0.02
2.254,-0.015,-0.03
2.256,-0.03,-0.035
2.258,-0.025,-0.045
2.26,0.04,-0.05
2.262,0.065,-0.045
2.264,0.005,-0.045
2.266,0.0,-0.035
2.268,0.065,-0.03
2.27,0.025,-0.02
2.272,-0.04,-0.015
2.274,0.025,-0.015
2.276,0.02,-0.015
2.278,0.01,-0.015
2.28,0.02,-0.02
2.282,0.04,-0.025
2.284,0.015,-0.03
2.286,0.005,-0.03
2.288,0.02,-0.035
2.29,0.01,-0.035
2.292,0.0,-0.035
2.294,-0.01,-0.04
2.296,-0.005,-0.04
2.298,-0.005,-0.04
2.3,0.005,-0.04
2.302,0.0,-0.04
2.304,0.035,-0.04
2.306,0.03,-0.035
2.308,0.03,-0.03
2.31,0.045,-0.03
2.312,0.03,-0.025
2.314,-0.005,-0.02
2.316,-0.03,-0.01
2.318,0.05,0.005
2.32,0.095,0.03
2.322,0.17,0.07
2.324,0.205,0.125
2.326,0.28,0.195
2.328,0.34,0.27
2.33,0.39,0.34
2.332,0.53,0.405
2.334,0.58,0.45
2.336,0.55,0.465
2.338,0.505,0.45
2.34,0.46,0.405
2.342,0.34,0.33
2.344,0.23,0.24
2.346,0.14,0.145
2.348,0.115,0.055
2.35,0.06,-0.02
2.352,-0.03,-0.08
2.354,-0.12,-0.125
2.356,-0.145,-0.15
2.358,-0.115,-0.165
2.36,-0.135,-0.175
2.362,-0.175,-0.18
2.364,-0.16,-0.185
2.366,-0.145,-0.19
2.368,-0.105,-0.195
2.37,-0.155,-0.19
2.372,-0.135,-0.185
2.374,-0.085,-0.17
2.376,-0.055,-0.145
2.378,-0.03,-0.12
2.38,0.0,-0.095
2.382,0.015,-0.075
2.384,-0.015,-0.055
2.386,-0.015,-0.05
2.388,0.005,-0.045
2.39,0.02,-0.045
2.392,0.01,-0.05
2.394,0.02,-0.05
2.396,0.01,-0.05
2.398,0.025,-0.045
2.4,0.015,-0.04
2.402,0.01,-0.03
2.404,0.045,-0.025
2.406,0.03,-0.025
2.408,0.015,-0.02
2.41,0.01,-0.025
2.412,0.0,-0.03
2.414,0.0,-0.03
2.416,0.03,-0.035
2.418,0.04,-0.035
2.42,0.04,-0.03
2.422,0.04,-0.025
2.424,0.065,-0.02
2.426,0.045,-0.015
2.428,0.025,-0.01
2.43,0.025,-0.01
2.432,0.035,-0.01
2.434,0.045,-0.01
2.436,0.03,-0.015
2.438,0.015,-0.02
2.44,0.025,-0.02
2.442,0.03,-0.02
2.444,0.025,-0.02
2.446,0.06,-0.02
2.448,0.065,-0.02
2.45,0.04,-0.02
2.452,0.045,-0.015
2.454,0.05,-0.015
2.456,0.06,-0.015
2.458,0.055,-0.015
2.46,0.035,-0.015
2.462,0.035,-0.02
2.464,-0.005,-0.025
2.466,-0.015,-0.03
2.468,0.005,-0.03
2.47,0.04,-0.035
2.472,0.05,-0.035
2.474,0.05,-0.03
2.476,0.045,-0.025
2.478,0.045,-0.015
2.48,0.08,0.0
2.482,0.105,0.015
2.484,0.11,0.025
2.486,0.06,0.035
2.488,0.105,0.04
2.49,0.1,0.045
2.492,0.065,0.045
2.494,0.045,0.04
2.496,0.045,0.035
2.498,0.085,0.035
2.5,0.17,0.035
2.502,0.135,0.04
2.504,0.08,0.045
2.506,0.12,0.055
2.508,0.16,0.065
2.51,0.12,0.07
2.512,0.095,0.08
2.514,0.105,0.08
2.516,0.1,0.085
2.518,0.165,0.085
2.52,0.18,0.09
2.522,0.135,0.09
2.524,0.16,0.095
2.526,0.2,0.105
2.528,0.185,0.11
2.53,0.175,0.115
2.532,0.185,0.125
2.534,0.205,0.125
2.536,0.205,0.13
2.538,0.21,0.13
2.54,0.235,0.13
2.542,0.195,0.13
2.544,0.19,0.135
2.546,0.2,0.135
2.548,0.19,0.14
2.55,0.225,0.145
2.552,0.215,0.15
2.554,0.225,0.155
2.556,0.215,0.16
2.558,0.22,0.16
2.56,0.26,0.155
2.562,0.21,0.155
2.564,0.16,0.15
2.566,0.18,0.145
2.568,0.215,0.14
2.57,0.21,0.135
2.572,0.19,0.13
2.574,0.19,0.125
2.576,0.205,0.115
2.578,0.17,0.105
2.58,0.12,0.09
2.582,0.095,0.075
2.584,0.095,0.06
2.586,0.095,0.04
2.588,0.075,0.025
2.59,0.05,0.015
2.592,0.045,0.005
2.594,0.05,-0.005
2.596,0.05,-0.01
2.598,0.065,-0.015
2.6,0.08,-0.02
2.602,0.045,-0.02
2.604,0.025,-0.025
2.606,0.025,-0.03
2.608,0.035,-0.03
2.61,0.005,-0.035
2.612,0.02,-0.04
2.614,0.0,-0.04
2.616,0.03,-0.04
2.618,0.03,-0.045
2.62,0.035,-0.045
2.622,0.03,-0.045
2.624,0.0,-0.045
2.626,0.005,-0.045
2.628,0.01,-0.045
2.63,0.015,-0.045
2.632,0.005,-0.05
2.634,-0.025,-0.055
2.636,-0.035,-0.055
2.638,-0.005,-0.06
2.64,0.005,-0.06
2.642,0.02,-0.06
2.644,0.03,-0.06
2.646,0.0,-0.06
2.648,-0.01,-0.055
2.65,0.015,-0.05
2.652,0.04,-0.05
2.654,0.025,-0.045
2.656,0.0,-0.045
2.658,-0.02,-0.045
2.66,0.005,-0.045
2.662,0.0,-0.045
2.664,-0.005,-0.05
2.666,0.025,-0.05
2.668,0.02,-0.05
2.67,0.0,-0.05
2.672,0.03,-0.05
2.674,0.04,-0.05
2.676,0.005,-0.05
2.678,0.025,-0.05
2.68,0.02,-0.055
2.682,0.005,-0.055
2.684,0.005,-0.055
2.686,0.0,-0.06
2.688,-0.02,-0.06
2.69,-0.01,-0.06
2.692,-0.02,-0.06
2.694,-0.02,-0.06
2.696,-0.02,-0.055
2.698,0.02,-0.055
2.7,0.03,-0.055
2.702,0.025,-0.055
2.704,-0.03,-0.06
2.706,-0.025,-0.06
2.708,0.015,-0.06
2.71,0.035,-0.06
2.712,0.02,-0.06
2.714,0.035,-0.055
2.716,0.04,-0.05
2.718,0.01,-0.045
2.72,-0.015,-0.04
2.722,0.025,-0.035
2.724,0.03,-0.03
2.726,0.01,-0.03
2.728,0.02,-0.03
2.73,0.02,-0.035
2.732,0.025,-0.04
2.734,0.025,-0.045
2.736,0.01,-0.05
2.738,0.015,-0.055
2.74,0.025,-0.055
2.742,0.04,-0.055
2.744,0.05,-0.05
2.746,0.035,-0.05
2.748,0.03,-0.045
2.75,0.03,-0.04
2.752,0.025,-0.035
2.754,0.015,-0.035
2.756,0.025,-0.03
2.758,0.03,-0.035
2.76,0.02,-0.035
2.762,0.015,-0.035
2.764,0.005,-0.035
2.766,-0.005,-0.04
2.768,-0.01,-0.04
2.77,-0.01,-0.04
2.772,0.0,-0.045
2.774,0.05,-0.045
2.776,0.035,-0.05
2.778,0.015,-0.05
2.78,0.005,-0.055
2.782,-0.005,-0.06
2.784,0.02,-0.06
2.786,0.03,-0.065
2.788,0.0,-0.065
2.79,0.005,-0.06
2.792,0.015,-0.06
2.794,0.01,-0.06
2.796,0.04,-0.06
2.798,0.015,-0.06
2.8,-0.015,-0.065
2.802,-0.07,-0.065
2.804,-0.05,-0.07
2.806,-0.045,-0.075
2.808,0.035,-0.07
2.81,0.07,-0.065
2.812,0.035,-0.055
2.814,0.05,-0.045
2.816,0.08,-0.03
2.818,0.065,-0.02
2.82,0.05,-0.01
2.822,0.065,-0.005
2.824,0.05,-0.01
2.826,0.005,-0.015
2.828,-0.01,-0.025
2.83,0.035,-0.035
2.832,0.07,-0.045
2.834,0.01,-0.045
2.836,0.055,-0.04
2.838,0.085,-0.035
2.84,0.045,-0.02
2.842,0.065,-0.01
2.844,0.095,0.0
2.846,0.05,0.0
2.848,0.015,0.0
2.85,0.01,-0.005
2.852,0.02,-0.015
2.854,0.02,-0.03
2.856,0.005,-0.04
2.858,0.02,-0.045
2.86,0.005,-0.045
2.862,0.07,-0.045
2.864,0.055,-0.045
2.866,0.045,-0.04
2.868,0.015,-0.035
2.87,-0.01,-0.035
2.872,0.0,-0.04
2.874,0.02,-0.045
2.876,0.04,-0.05
2.878,0.0,-0.055
2.88,0.02,-0.06
2.882,0.05,-0.06
2.884,0.02,-0.055
2.886,0.035,-0.05
2.888,0.03,-0.04
2.89,0.055,-0.035
2.892,0.03,-0.025
2.894,0.045,-0.025
2.896,0.045,-0.025
2.898,0.03,-0.025
2.9,0.005,-0.035
2.902,0.015,-0.04
2.904,0.005,-0.05
2.906,0.01,-0.055
2.908,0.02,-0.055
2.91,-0.025,-0.055
2.912,0.005,-0.055
2.914,0.06,-0.045
2.916,0.05,-0.04
2.918,0.03,-0.035
2.92,0.025,-0.03
2.922,0.065,-0.025
2.924,0.085,-0.02
2.926,0.07,-0.02
2.928,0.035,-0.025
2.93,-0.01,-0.03
2.932,0.005,-0.035
2.934,0.04,-0.045
2.936,0.02,-0.05
2.938,0.035,-0.055
2.94,0.04,-0.06
2.942,0.035,-0.06
2.944,-0.005,-0.055
2.946,0.02,-0.035
2.948,0.05,0.0
2.95,0.095,0.045
2.952,0.18,0.105
2.954,0.295,0.175
2.956,0.38,0.25
2.958,0.415,0.33
2.96,0.51,0.4
2.962,0.57,0.45
2.964,0.615,0.48
2.966,0.565,0.485
2.968,0.54,0.46
2.97,0.46,0.41
2.972,0.35,0.34
2.974,0.255,0.26
2.976,0.185,0.17
2.978,0.195,0.09
2.98,0.12,0.015
2.982,0.045,-0.05
2.984,-0.045,-0.095
2.986,-0.12,-0.125
2.988,-0.11,-0.145
2.99,-0.105,-0.155
2.992,-0.1,-0.16
2.994,-0.06,-0.16
2.996,-0.065,-0.16
2.998,-0.085,-0.155
3.0,-0.07,-0.15
3.002,-0.065,-0.14
3.004,-0.045,-0.13
3.006,-0.015,-0.115
3.008,-0.045,-0.1
3.01,0.0,-0.085
3.012,0.035,-0.07
3.014,0.025,-0.06
3.016,0.0,-0.05
3.018,-0.03,-0.045
3.02,-0.025,-0.04
3.022,0.055,-0.035
3.024,0.085,-0.035
3.026,0.095,-0.03
3.028,0.1,-0.02
3.03,0.095,-0.015
3.032,0.09,-0.01
3.034,0.07,-0.005
3.036,0.06,0.0
3.038,0.08,0.0
3.04,0.075,0.0
3.042,0.04,0.0
3.044,0.05,-0.005
3.046,0.08,-0.005
3.048,0.08,-0.01
3.05,0.075,-0.01
3.052,0.07,-0.01
3.054,0.055,-0.01
3.056,0.06,-0.01
3.058,0.09,-0.01
3.06,0.07,-0.005
3.062,0.07,-0.005
3.064,0.085,-0.005
3.066,0.07,0.0
3.068,0.05,0.0
3.07,0.075,0.005
3.072,0.115,0.01
3.074,0.075,0.01
3.076,0.065,0.005
3.078,0.08,0.005
3.08,0.095,0.0
3.082,0.06,-0.005
3.084,0.055,-0.01
3.086,0.065,-0.015
3.088,0.07,-0.015
3.09,0.09,-0.01
3.092,0.095,-0.005
3.094,0.08,0.005
3.096,0.1,0.01
3.098,0.115,0.015
3.1,0.085,0.015
3.102,0.06,0.015
3.104,0.075,0.015
3.106,0.065,0.01
3.108,0.03,0.01
3.11,0.035,0.01
3.112,0.11,0.01
3.114,0.155,0.015
3.116,0.13,0.025
3.118,0.12,0.035
3.12,0.12,0.045
3.122,0.125,0.055
3.124,0.115,0.06
3.126,0.1,0.06
3.128,0.105,0.06
3.13,0.155,0.06
3.132,0.155,0.055
3.134,0.135,0.055
3.136,0.115,0.06
3.138,0.12,0.06
3.14,0.155,0.07
3.142,0.19,0.075
3.144,0.2,0.085
3.146,0.18,0.095
3.148,0.175,0.105
3.15,0.19,0.11
3.152,0.18,0.115
3.154,0.195,0.12
3.156,0.19,0.125
3.158,0.175,0.13
3.16,0.205,0.135
3.162,0.225,0.14
3.164,0.235,0.145
3.166,0.265,0.155
3.168,0.235,0.16
3.17,0.22,0.165
3.172,0.24,0.165
3.174,0.245,0.17
3.176,0.23,0.17
3.178,0.245,0.175
3.18,0.255,0.175
3.182,0.27,0.17
3.184,0.235,0.17
3.186,0.23,0.165
3.188,0.24,0.16
3.19,0.21,0.155
3.192,0.195,0.145
3.194,0.21,0.135
3.196,0.225,0.13
3.198,0.185,0.125
3.2,0.215,0.12
3.202,0.235,0.12
3.204,0.205,0.12
3.206,0.215,0.12
3.208,0.18,0.12
3.21,0.195,0.12
3.212,0.155,0.115
3.214,0.13,0.105
3.216,0.135,0.095
3.218,0.155,0.08
3.22,0.155,0.06
3.222,0.125,0.045
3.224,0.1,0.03
3.226,0.105,0.015
3.228,0.1,0.005
3.23,0.095,0.0
3.232,0.07,-0.005
3.234,0.025,-0.005
3.236,0.055,-0.005
3.238,0.05,0.0
3.24,0.055,0.0
3.242,0.04,0.0
3.244,0.07,0.0
3.246,0.085,-0.005
3.248,0.07,-0.005
3.25,0.065,-0.01
3.252,0.055,-0.01
3.254,0.075,-0.015
3.256,0.07,-0.025
3.258,0.015,-0.03
3.26,0.02,-0.04
3.262,0.035,-0.045
3.264,0.055,-0.05
3.266,0.02,-0.05
3.268,0.045,-0.05
3.27,0.045,-0.045
3.272,0.07,-0.04
3.274,0.03,-0.03
3.276,0.04,-0.025
3.278,0.06,-0.02
3.28,0.08,-0.015
3.282,0.055,-0.015
3.284,0.045,-0.015
3.286,0.05,-0.015
3.288,0.045,-0.02
3.29,0.03,-0.02
3.292,0.045,-0.025
3.294,0.04,-0.025
3.296,0.04,-0.03
3.298,0.03,-0.03
3.3,0.035,-0.035
3.302,0.02,-0.035
3.304,0.035,-0.04
3.306,0.035,-0.045
3.308,0.035,-0.045
3.31,0.025,-0.05
3.312,0.03,-0.05
3.314,0.055,-0.045
3.316,0.06,-0.04
3.318,0.035,-0.035
3.32,0.005,-0.03
3.322,0.035,-0.025
3.324,0.035,-0.02
3.326,0.02,-0.02
3.328,0.015,-0.025
3.33,0.015,-0.03
3.332,0.06,-0.035
3.334,0.065,-0.045
3.336,0.005,-0.05
3.338,-0.005,-0.055
3.34,-0.005,-0.06
3.342,0.035,-0.06
3.344,0.02,-0.055
3.346,0.0,-0.055
3.348,0.01,-0.05
3.35,0.02,-0.045
3.352,0.075,-0.04
3.354,0.03,-0.04
3.356,0.06,-0.045
3.358,0.025,-0.045
3.36,0.03,-0.05
3.362,0.03,-0.05
3.364,-0.02,-0.05
3.366,0.0,-0.05
3.368,0.025,-0.045
3.37,0.065,-0.04
3.372,0.065,-0.035
3.374,0.055,-0.03
3.376,0.05,-0.03
3.378,0.045,-0.03
3.38,0.015,-0.035
3.382,-0.01,-0.04
3.384,0.005,-0.045
3.386,0.005,-0.055
3.388,0.02,-0.06
3.39,0.005,-0.065
3.392,0.025,-0.065
3.394,0.02,-0.065
3.396,0.03,-0.065
3.398,0.02,-0.065
3.4,-0.01,-0.065
3.402,-0.015,-0.065
3.404,-0.01,-0.065
3.406,-0.005,-0.065
3.408,-0.015,-0.07
3.41,0.005,-0.07
3.412,0.03,-0.065
3.414,0.045,-0.065
3.416,0.02,-0.06
3.418,-0.005,-0.055
3.42,0.005,-0.05
3.422,0.025,-0.045
3.424,0.015,-0.04
3.426,-0.015,-0.045
3.428,0.03,-0.045
3.43,0.025,-0.05
3.432,-0.02,-0.055
3.434,-0.025,-0.06
3.436,0.025,-0.06
3.438,0.035,-0.06
3.44,0.005,-0.055
3.442,0.02,-0.045
3.444,0.055,-0.035
3.446,0.07,-0.025
3.448,0.06,-0.02
3.45,0.065,-0.015
3.452,0.06,-0.01
3.454,0.035,-0.01
3.456,0.04,-0.015
3.458,0.035,-0.015
3.46,0.065,-0.02
3.462,0.03,-0.02
3.464,0.02,-0.02
3.466,0.045,-0.025
3.468,0.065,-0.025
3.47,0.055,-0.025
3.472,0.06,-0.025
3.474,0.04,-0.03
3.476,0.005,-0.03
3.478,0.0,-0.035
3.48,0.0,-0.04
3.482,0.015,-0.045
3.484,0.025,-0.045
3.486,0.005,-0.045
3.488,0.02,-0.05
3.49,0.005,-0.05
3.492,0.045,-0.05
3.494,0.065,-0.05
3.496,0.005,-0.05
3.498,0.0,-0.055
3.5,0.005,-0.055
3.502,0.0,-0.06
3.504,-0.01,-0.065
3.506,-0.005,-0.07
3.508,0.02,-0.07
3.51,0.035,-0.07
3.512,0.005,-0.07
3.514,-0.01,-0.065
3.516,-0.015,-0.06
3.518,-0.045,-0.055
3.52,-0.01,-0.05
3.522,0.02,-0.045
3.524,0.025,-0.045
3.526,0.035,-0.04
3.528,0.02,-0.045
3.53,-0.01,-0.045
3.532,-0.01,-0.05
3.534,-0.01,-0.055
3.536,0.0,-0.055
3.538,0.025,-0.055
3.54,0.015,-0.055
3.542,0.015,-0.055
3.544,0.015,-0.05
3.546,0.01,-0.05
3.548,0.0,-0.05
3.55,-0.02,-0.05
3.552,-0.015,-0.055
3.554,0.015,-0.06
3.556,0.005,-0.06
3.558,0.03,-0.06
3.56,0.005,-0.06
3.562,-0.02,-0.055
3.564,0.005,-0.045
3.566,-0.005,-0.045
3.568,0.0,-0.04
3.57,-0.01,-0.045
3.572,-0.015,-0.05
3.574,0.005,-0.06
3.576,0.01,-0.06
3.578,0.035,-0.05
3.58,0.055,-0.02
3.582,0.08,0.03
3.584,0.135,0.1
3.586,0.23,0.19
3.588,0.35,0.29
3.59,0.49,0.4
3.592,0.595,0.5
3.594,0.7,0.58
3.596,0.77,0.64
3.598,0.755,0.67
3.6,0.69,0.665
3.602,0.68,0.63
3.604,0.595,0.57
3.606,0.46,0.49
3.608,0.385,0.395
3.61,0.38,0.295
3.612,0.315,0.2
3.614,0.185,0.11
3.616,0.035,0.025
3.618,-0.07,-0.045
3.62,-0.11,-0.095
3.622,-0.13,-0.135
3.624,-0.13,-0.16
3.626,-0.105,-0.165
3.628,-0.06,-0.165
3.63,-0.06,-0.155
3.632,-0.08,-0.135
3.634,-0.075,-0.12
3.636,-0.06,-0.1
3.638,-0.015,-0.085
3.64,-0.03,-0.075
3.642,-0.03,-0.07
3.644,0.0,-0.065
3.646,0.0,-0.065
3.648,0.0,-0.065
3.65,0.01,-0.06
3.652,0.03,-0.06
3.654,0.01,-0.055
3.656,-0.03,-0.05
3.658,-0.02,-0.04
3.66,0.005,-0.035
3.662,0.01,-0.03
3.664,-0.005,-0.025
3.666,0.0,-0.025
3.668,0.04,-0.025
3.67,0.045,-0.03
3.672,0.025,-0.035
3.674,-0.025,-0.045
3.676,-0.045,-0.05
3.678,-0.06,-0.055
3.68,-0.045,-0.06
3.682,0.01,-0.065
3.684,0.01,-0.065
3.686,-0.005,-0.065
3.688,0.015,-0.06
3.69,0.01,-0.06
3.692,0.01,-0.055
3.694,0.01,-0.055
3.696,0.01,-0.055
3.698,0.0,-0.05
3.7,0.005,-0.05
3.702,0.03,-0.05
3.704,0.045,-0.045
3.706,-0.01,-0.04
3.708,-0.025,-0.04
3.71,-0.02,-0.035
3.712,-0.03,-0.03
3.714,0.03,-0.025
3.716,0.05,-0.025
3.718,0.035,-0.025
3.72,0.015,-0.025
3.722,0.055,-0.02
3.724,0.045,-0.02
3.726,-0.015,-0.02
3.728,-0.025,-0.02
3.73,-0.005,-0.02
3.732,0.01,-0.02
3.734,0.02,-0.02
3.736,0.07,-0.02
3.738,0.05,-0.02
3.74,0.025,-0.025
3.742,-0.03,-0.025
3.744,-0.045,-0.025
3.746,-0.015,-0.025
3.748,0.02,-0.025
3.75,0.02,-0.02
3.752,0.02,-0.02
3.754,0.065,-0.01
3.756,0.075,-0.005
3.758,0.065,0.0
3.76,0.055,0.005
3.762,0.05,0.01
3.764,0.05,0.015
3.766,0.055,0.02
3.768,0.055,0.025
3.77,0.09,0.03
3.772,0.065,0.035
3.774,0.09,0.04
3.776,0.085,0.045
3.778,0.06,0.045
3.78,0.07,0.045
3.782,0.095,0.05
3.784,0.115,0.05
3.786,0.095,0.05
3.788,0.105,0.055
3.79,0.145,0.06
3.792,0.13,0.065
3.794,0.075,0.07
3.796,0.06,0.075
3.798,0.09,0.08
3.8,0.085,0.08
3.802,0.1,0.085
3.804,0.17,0.09
3.806,0.17,0.095
3.808,0.135,0.1
3.81,0.12,0.105
3.812,0.115,0.11
3.814,0.145,0.115
3.816,0.15,0.12
3.818,0.14,0.12
3.82,0.14,0.12
3.822,0.145,0.115
3.824,0.145,0.105
3.826,0.12,0.1
3.828,0.135,0.09
3.83,0.14,0.085
3.832,0.115,0.08
3.834,0.135,0.08
3.836,0.13,0.08
3.838,0.12,0.08
3.84,0.075,0.08
3.842,0.085,0.075
3.844,0.075,0.07
3.846,0.065,0.055
3.848,0.075,0.04
3.85,0.05,0.025
3.852,0.0,0.01
3.854,0.015,-0.005
3.856,0.055,-0.01
3.858,0.05,-0.015
3.86,-0.005,-0.015
3.862,0.02,-0.015
3.864,0.045,-0.015
3.866,0.01,-0.015
3.868,-0.02,-0.02
3.87,-0.02,-0.035
3.872,-0.045,-0.045
3.874,-0.01,-0.055
3.876,-0.04,-0.065
3.878,-0.06,-0.065
3.88,-0.01,-0.06
3.882,-0.025,-0.055
3.884,0.005,-0.04
3.886,0.015,-0.025
3.888,0.025,-0.01
3.89,0.03,-0.005
3.892,0.025,0.0
3.894,0.005,-0.005
3.896,-0.03,-0.015
3.898,-0.03,-0.025
3.9,-0.02,-0.035
3.902,0.005,-0.045
3.904,-0.015,-0.05
3.906,-0.03,-0.05
3.908,-0.01,-0.045
3.91,0.02,-0.04
3.912,0.03,-0.03
3.914,0.01,-0.025
3.916,0.005,-0.02
3.918,-0.035,-0.02
3.92,-0.005,-0.02
3.922,-0.02,-0.025
3.924,-0.035,-0.03
3.926,-0.035,-0.04
3.928,-0.005,-0.045
3.93,-0.02,-0.05
3.932,-0.05,-0.055
3.934,0.0,-0.055
3.936,-0.02,-0.055
3.938,-0.06,-0.055
3.94,-0.055,-0.05
3.942,-0.03,-0.05
3.944,0.0,-0.05
3.946,0.005,-0.045
3.948,0.0,-0.045
3.95,-0.005,-0.045
3.952,-0.065,-0.04
3.954,-0.04,-0.04
3.956,-0.01,-0.04
3.958,-0.015,-0.045
3.96,-0.03,-0.045
3.962,-0.04,-0.045
3.964,-0.045,-0.05
3.966,-0.08,-0.05
3.968,-0.06,-0.05
3.97,0.0,-0.05
3.972,0.025,-0.045
3.974,-0.015,-0.04
3.976,-0.045,-0.04
3.978,-0.065,-0.035
3.98,0.0,-0.03
3.982,0.01,-0.03
3.984,-0.035,-0.03
3.986,-0.03,-0.035
3.988,-0.04,-0.04
3.99,-0.035,-0.04
3.992,-0.045,-0.045
3.994,-0.075,-0.05
3.996,-0.025,-0.05
3.998,-0.03,-0.055
4.0,-0.055,-0.05
4.002,-0.055,-0.05
4.004,-0.025,-0.05
4.006,-0.025,-0.045
4.008,0.0,-0.045
4.01,-0.02,-0.045
4.012,-0.055,-0.04
4.014,-0.035,-0.04
4.016,-0.045,-0.04
4.018,-0.05,-0.04
4.02,-0.025,-0.04
4.022,-0.015,-0.04
4.024,-0.05,-0.04
4.026,-0.015,-0.04
4.028,0.005,-0.045
4.03,-0.01,-0.045
4.032,-0.05,-0.05
4.034,-0.06,-0.055
4.036,-0.03,-0.06
4.038,-0.005,-0.06
4.04,-0.055,-0.065
4.042,-0.095,-0.07
4.044,-0.08,-0.075
4.046,-0.025,-0.075
4.048,-0.06,-0.075
4.05,-0.075,-0.08
4.052,-0.07,-0.075
4.054,-0.055,-0.075
4.056,-0.06,-0.07
4.058,-0.035,-0.07
4.06,-0.035,-0.065
4.062,-0.04,-0.055
4.064,-0.03,-0.05
4.066,-0.045,-0.045
4.068,-0.015,-0.04
4.07,-0.015,-0.035
4.072,-0.055,-0.03
4.074,-0.005,-0.03
4.076,0.025,-0.03
4.078,-0.015,-0.025
4.08,-0.025,-0.025
4.082,-0.005,-0.025
4.084,0.0,-0.025
4.086,-0.05,-0.02
4.088,-0.015,-0.02
4.09,0.03,-0.015
4.092,0.015,-0.01
4.094,0.0,-0.005
4.096,-0.02,0.0
4.098,-0.005,0.005
4.1,0.04,0.01
4.102,0.055,0.01
4.104,0.02,0.005
4.106,0.005,0.005
4.108,-0.005,-0.005
4.11,-0.005,-0.015
4.112,-0.03,-0.025
4.114,-0.065,-0.035
4.116,-0.065,-0.05
4.118,-0.085,-0.065
4.12,-0.13,-0.075
4.122,-0.085,-0.085
4.124,-0.035,-0.09
4.126,0.0,-0.09
4.128,-0.04,-0.085
4.13,-0.03,-0.08
4.132,-0.05,-0.07
4.134,-0.075,-0.06
4.136,-0.06,-0.05
4.138,-0.035,-0.045
4.14,-0.04,-0.045
4.142,-0.09,-0.05
4.144,-0.05,-0.06
4.146,-0.005,-0.065
4.148,-0.045,-0.075
4.15,-0.08,-0.08
4.152,-0.065,-0.08
4.154,-0.075,-0.075
4.156,-0.07,-0.065
4.158,-0.01,-0.05
4.16,0.0,-0.04
4.162,-0.005,-0.03
4.164,-0.045,-0.025
4.166,-0.065,-0.03
4.168,-0.04,-0.035
4.17,-0.04,-0.045
4.172,-0.07,-0.055
4.174,-0.1,-0.065
4.176,-0.095,-0.07
4.178,-0.07,-0.07
4.18,-0.015,-0.07
4.182,-0.03,-0.065
4.184,-0.05,-0.055
4.186,-0.035,-0.05
4.188,-0.025,-0.045
4.19,-0.045,-0.04
4.192,-0.085,-0.045
4.194,-0.09,-0.05
4.196,-0.075,-0.055
4.198,-0.07,-0.06
4.2,-0.06,-0.07
4.202,-0.06,-0.07
4.204,-0.055,-0.07
4.206,-0.065,-0.06
4.208,-0.085,-0.035
4.21,0.005,0.0
4.212,0.055,0.055
4.214,0.13,0.125
4.216,0.225,0.21
4.218,0.32,0.305
4.22,0.435,0.41
4.222,0.545,0.515
4.224,0.67,0.6
4.226,0.765,0.67
4.228,0.775,0.71
4.23,0.705,0.71
4.232,0.68,0.675
4.234,0.585,0.605
4.236,0.435,0.51
4.238,0.32,0.4
4.24,0.275,0.285
4.242,0.235,0.17
4.244,0.12,0.07
4.246,-0.065,-0.01
4.248,-0.125,-0.07
4.25,-0.125,-0.11
4.252,-0.18,-0.135
4.254,-0.175,-0.15
4.256,-0.16,-0.155
4.258,-0.16,-0.155
4.26,-0.145,-0.15
4.262,-0.135,-0.145
4.264,-0.11,-0.135
4.266,-0.095,-0.125
4.268,-0.075,-0.11
4.27,-0.075,-0.095
4.272,-0.065,-0.08
4.274,-0.025,-0.07
4.276,-0.06,-0.06
4.278,-0.055,-0.06
4.28,-0.1,-0.06
4.282,-0.085,-0.065
4.284,-0.06,-0.07
4.286,-0.07,-0.075
4.288,-0.045,-0.075
4.29,-0.055,-0.07
4.292,-0.045,-0.06
4.294,-0.06,-0.045
4.296,-0.04,-0.035
4.298,-0.01,-0.025
4.3,-0.03,-0.02
4.302,-0.015,-0.02
4.304,-0.04,-0.02
4.306,0.01,-0.025
4.308,-0.03,-0.03
4.31,-0.06,-0.035
4.312,-0.04,-0.035
4.314,-0.05,-0.035
4.316,-0.03,-0.03
4.318,-0.03,-0.025
4.32,-0.035,-0.02
4.322,-0.04,-0.02
4.324,-0.025,-0.02
4.326,-0.035,-0.025
4.328,-0.03,-0.035
4.33,-0.07,-0.045
4.332,-0.05,-0.05
4.334,-0.035,-0.055
4.336,-0.045,-0.055
4.338,-0.035,-0.055
4.34,-0.03,-0.05
4.342,-0.04,-0.045
4.344,-0.06,-0.04
4.346,-0.095,-0.04
4.348,-0.07,-0.035
4.35,-0.03,-0.035
4.352,0.01,-0.03
4.354,0.005,-0.025
4.356,-0.005,-0.02
4.358,-0.005,-0.015
4.36,-0.005,-0.01
4.362,-0.025,-0.005
4.364,-0.005,0.0
4.366,-0.015,-0.005
4.368,-0.015,-0.005
4.37,-0.03,-0.015
4.372,0.005,-0.02
4.374,-0.035,-0.025
4.376,-0.02,-0.03
4.378,-0.03,-0.025
4.38,-0.005,-0.015
4.382,0.0,-0.005
4.384,0.03,0.01
4.386,0.065,0.025
4.388,0.06,0.035
4.39,0.01,0.04
4.392,-0.02,0.04
4.394,-0.025,0.04
4.396,0.0,0.035
4.398,0.025,0.03
4.4,0.03,0.03
4.402,0.08,0.035
4.404,0.105,0.04
4.406,0.06,0.05
4.408,0.04,0.06
4.41,0.065,0.07
4.412,0.045,0.075
4.414,0.045,0.075
4.416,0.055,0.075
4.418,0.065,0.07
4.42,0.01,0.06
4.422,0.01,0.055
4.424,0.09,0.05
4.426,0.13,0.055
4.428,0.095,0.06
4.43,0.045,0.07
4.432,0.035,0.085
4.434,0.105,0.1
4.436,0.135,0.115
4.438,0.115,0.12
4.44,0.12,0.125
4.442,0.125,0.12
4.444,0.105,0.115
4.446,0.115,0.105
4.448,0.12,0.1
4.45,0.135,0.09
4.452,0.11,0.085
4.454,0.095,0.085
4.456,0.09,0.09
4.458,0.11,0.095
4.46,0.05,0.1
4.462,0.09,0.1
4.464,0.095,0.1
4.466,0.12,0.095
4.468,0.1,0.09
4.47,0.09,0.08
4.472,0.03,0.065
4.474,0.035,0.05
4.476,0.01,0.04
4.478,0.04,0.03
4.48,0.055,0.025
4.482,0.03,0.025
4.484,0.025,0.025
4.486,0.045,0.03
4.488,0.03,0.03
4.49,0.01,0.035
4.492,0.005,0.035
4.494,0.01,0.03
4.496,-0.015,0.025
4.498,0.0,0.015
4.5,0.005,0.005
4.502,0.0,-0.005
4.504,0.005,-0.015
4.506,-0.02,-0.025
4.508,-0.04,-0.03
4.51,-0.065,-0.035
4.512,-0.07,-0.04
4.514,-0.03,-0.04
4.516,-0.03,-0.04
4.518,-0.04,-0.04
4.52,-0.065,-0.035
4.522,-0.03,-0.035
4.524,-0.01,-0.03
4.526,-0.01,-0.025
4.528,-0.015,-0.025
4.53,-0.015,-0.02
4.532,-0.08,-0.02
4.534,-0.015,-0.02
4.536,-0.015,-0.025
4.538,0.0,-0.025
4.54,-0.02,-0.03
4.542,-0.02,-0.035
4.544,-0.015,-0.04
4.546,-0.045,-0.04
4.548,-0.02,-0.04
4.55,-0.045,-0.04
4.552,-0.07,-0.035
4.554,-0.065,-0.03
4.556,-0.025,-0.025
4.558,0.02,-0.02
4.56,0.015,-0.015
4.562,0.015,-0.01
4.564,-0.015,-0.005
4.566,-0.015,0.0
4.568,0.01,0.0
4.57,0.02,-0.005
4.572,-0.015,-0.005
4.574,-0.005,-0.01
4.576,0.0,-0.015
4.578,0.005,-0.02
4.58,-0.015,-0.025
4.582,-0.025,-0.03
4.584,-0.02,-0.03
4.586,-0.03,-0.035
4.588,-0.03,-0.035
4.59,-0.02,-0.035
4.592,-0.02,-0.035
4.594,-0.02,-0.035
4.596,-0.03,-0.035
4.598,-0.045,-0.035
4.6,-0.045,-0.04
4.602,-0.075,-0.04
4.604,-0.03,-0.045
4.606,0.0,-0.045
4.608,-0.03,-0.05
4.61,-0.05,-0.05
4.612,-0.06,-0.045
4.614,-0.02,-0.045
4.616,0.005,-0.04
4.618,0.005,-0.035
4.62,-0.015,-0.025
4.622,-0.04,-0.02
4.624,-0.045,-0.02
4.626,-0.01,-0.015
4.628,0.005,-0.015
4.63,0.02,-0.015
4.632,0.005,-0.015
4.634,-0.015,-0.02
4.636,-0.01,-0.025
4.638,-0.075,-0.03
4.64,-0.07,-0.035
4.642,-0.015,-0.04
4.644,0.0,-0.045
4.646,0.01,-0.045
4.648,-0.035,-0.045
4.65,-0.04,-0.045
4.652,-0.03,-0.04
4.654,-0.005,-0.04
4.656,0.0,-0.035
4.658,-0.025,-0.03
4.66,-0.045,-0.03
4.662,-0.025,-0.03
4.664,-0.05,-0.035
4.666,-0.04,-0.04
4.668,-0.03,-0.045
4.67,-0.055,-0.055
4.672,-0.04,-0.06
4.674,-0.02,-0.06
4.676,-0.03,-0.06
4.678,-0.05,-0.055
4.68,-0.045,-0.05
4.682,-0.085,-0.04
4.684,-0.04,-0.035
4.686,0.005,-0.03
4.688,0.0,-0.03
4.69,-0.025,-0.03
4.692,-0.035,-0.035
4.694,-0.02,-0.045
4.696,-0.01,-0.055
4.698,-0.065,-0.065
4.7,-0.07,-0.07
4.702,-0.035,-0.075
4.704,-0.075,-0.075
4.706,-0.09,-0.07
4.708,-0.045,-0.065
4.71,-0.04,-0.055
4.712,-0.02,-0.045
4.714,0.045,-0.035
4.716,0.025,-0.025
4.718,-0.01,-0.02
4.72,-0.05,-0.015
4.722,-0.045,-0.01
4.724,-0.005,-0.015
4.726,-0.03,-0.02
4.728,-0.015,-0.025
4.73,0.015,-0.03
4.732,0.035,-0.03
4.734,0.005,-0.03
4.736,0.005,-0.03
4.738,0.0,-0.025
4.74,0.01,-0.015
4.742,0.01,-0.005
4.744,0.025,0.0
4.746,0.02,0.005
4.748,0.0,0.005
4.75,-0.02,0.005
4.752,-0.03,-0.005
4.754,-0.02,-0.01
4.756,0.02,-0.02
4.758,0.04,-0.025
4.76,0.005,-0.025
4.762,0.01,-0.025
4.764,-0.04,-0.02
4.766,0.0,-0.02
4.768,0.005,-0.015
4.77,0.01,-0.015
4.772,0.01,-0.015
4.774,-0.02,-0.02
4.776,-0.05,-0.03
4.778,-0.015,-0.04
4.78,-0.01,-0.05
4.782,-0.055,-0.055
4.784,-0.08,-0.055
4.786,-0.095,-0.05
4.788,-0.06,-0.045
4.79,0.03,-0.04
4.792,0.03,-0.035
4.794,0.0,-0.035
4.796,-0.03,-0.04
4.798,-0.065,-0.05
4.8,-0.07,-0.055
4.802,-0.065,-0.065
4.804,-0.035,-0.07
4.806,-0.04,-0.075
4.808,-0.025,-0.07
4.81,-0.035,-0.065
4.812,-0.035,-0.055
4.814,0.015,-0.045
4.816,-0.02,-0.035
4.818,-0.055,-0.025
4.82,-0.045,-0.025
4.822,0.015,-0.025
4.824,0.005,-0.025
4.826,0.005,-0.03
4.828,-0.04,-0.035
4.83,-0.03,-0.04
4.832,-0.005,-0.045
4.834,0.02,-0.045
4.836,-0.01,-0.045
4.838,-0.005,-0.045
4.84,-0.035,-0.04
4.842,-0.025,-0.035
4.844,-0.015,-0.03
4.846,-0.005,-0.025
4.848,-0.015,-0.025
4.85,-0.025,-0.025
4.852,-0.015,-0.03
4.854,0.0,-0.035
4.856,0.0,-0.045
4.858,-0.03,-0.055
4.86,-0.035,-0.06
4.862,-0.025,-0.055
4.864,0.005,-0.035
4.866,0.03,0.0
4.868,0.055,0.055
4.87,0.13,0.125
4.872,0.265,0.21
4.874,0.38,0.295
4.876,0.41,0.375
4.878,0.475,0.445
4.88,0.58,0.5
4.882,0.645,0.525
4.884,0.575,0.53
4.886,0.57,0.505
4.888,0.465,0.465
4.89,0.335,0.405
4.892,0.305,0.335
4.894,0.27,0.255
4.896,0.175,0.18
4.898,0.185,0.1
4.9,0.065,0.03
4.902,-0.075,-0.03
4.904,-0.105,-0.08
4.906,-0.135,-0.12
4.908,-0.15,-0.15
4.91,-0.17,-0.165
4.912,-0.165,-0.17
4.914,-0.135,-0.17
4.916,-0.08,-0.155
4.918,-0.08,-0.14
4.92,-0.08,-0.125
4.922,-0.055,-0.105
4.924,-0.04,-0.085
4.926,-0.025,-0.07
4.928,-0.015,-0.06
4.93,-0.015,-0.05
4.932,0.0,-0.04
4.934,-0.005,-0.035
4.936,-0.015,-0.025
4.938,-0.035,-0.025
4.94,-0.04,-0.02
4.942,0.0,-0.02
4.944,0.015,-0.025
4.946,-0.005,-0.025
4.948,-0.02,-0.03
4.95,0.02,-0.03
4.952,0.005,-0.035
4.954,-0.01,-0.035
4.956,-0.01,-0.03
4.958,-0.005,-0.03
4.96,0.03,-0.025
4.962,0.015,-0.02
4.964,0.02,-0.02
4.966,0.01,-0.015
4.968,0.02,-0.015
4.97,0.01,-0.015
4.972,0.01,-0.02
4.974,0.025,-0.02
4.976,0.035,-0.025
4.978,0.0,-0.03
4.98,0.01,-0.035
4.982,-0.015,-0.035
4.984,-0.005,-0.04
4.986,0.005,-0.035
4.988,0.015,-0.035
4.99,0.03,-0.03
4.992,0.035,-0.025
4.994,0.045,-0.02
4.996,0.03,-0.015
4.998,0.02,-0.015
5.0,0.005,-0.02
5.002,-0.015,-0.025
5.004,-0.005,-0.03
5.006,0.035,-0.035
5.008,0.01,-0.045
5.01,-0.09,-0.045
5.012,-0.04,-0.045
5.014,0.065,-0.04
5.016,0.07,-0.025
5.018,0.02,-0.01
5.02,-0.02,0.005
5.022,0.07,0.025
5.024,0.08,0.04
5.026,0.075,0.055
5.028,0.075,0.06
5.03,0.08,0.065
5.032,0.07,0.06
5.034,0.075,0.055
5.036,0.07,0.045
5.038,0.085,0.035
5.04,0.06,0.03
5.042,0.04,0.02
5.044,0.045,0.015
5.046,0.06,0.015
5.048,0.1,0.02
5.05,0.12,0.025
5.052,0.09,0.035
5.054,0.08,0.045
5.056,0.08,0.055
5.058,0.09,0.065
5.06,0.09,0.075
5.062,0.12,0.08
5.064,0.12,0.08
5.066,0.115,0.08
5.068,0.125,0.075
5.07,0.105,0.075
5.072,0.125,0.07
5.074,0.125,0.075
5.076,0.105,0.08
5.078,0.045,0.09
5.08,0.085,0.105
5.082,0.17,0.115
5.084,0.26,0.13
5.086,0.22,0.135
5.088,0.19,0.14
5.09,0.16,0.14
5.092,0.16,0.135
5.094,0.135,0.13
5.096,0.12,0.125
5.098,0.095,0.12
5.1,0.14,0.12
5.102,0.185,0.125
5.104,0.215,0.13
5.106,0.22,0.135
5.108,0.21,0.14
5.11,0.22,0.145
5.112,0.17,0.15
5.114,0.17,0.155
5.116,0.18,0.155
5.118,0.195,0.15
5.12,0.19,0.145
5.122,0.17,0.14
5.124,0.17,0.13
5.126,0.145,0.12
5.128,0.13,0.105
5.13,0.11,0.09
5.132,0.07,0.075
5.134,0.085,0.06
5.136,0.105,0.045
5.138,0.065,0.035
5.14,0.045,0.025
5.142,0.065,0.02
5.144,0.1,0.02
5.146,0.09,0.02
5.148,0.06,0.02
5.15,0.04,0.02
5.152,0.04,0.015
5.154,0.035,0.01
5.156,0.03,0.0
5.158,0.01,-0.01
5.16,0.005,-0.02
5.162,0.015,-0.03
5.164,-0.01,-0.04
5.166,0.01,-0.045
5.168,0.01,-0.045
5.17,0.01,-0.05
5.172,0.035,-0.045
5.174,0.035,-0.045
5.176,-0.015,-0.045
5.178,-0.01,-0.045
5.18,0.005,-0.045
5.182,0.005,-0.05
5.184,0.015,-0.05
5.186,0.005,-0.055
5.188,0.01,-0.055
5.19,-0.03,-0.055
5.192,-0.05,-0.055
5.194,-0.025,-0.05
5.196,-0.005,-0.045
5.198,0.04,-0.035
5.2,0.035,-0.025
5.202,0.07,-0.02
5.204,0.015,-0.015
5.206,0.035,-0.015
5.208,0.05,-0.02
5.21,0.045,-0.03
5.212,0.0,-0.035
5.214,0.0,-0.045
5.216,-0.04,-0.055
5.218,-0.035,-0.06
5.22,0.0,-0.06
5.222,0.005,-0.055
5.224,0.035,-0.045
5.226,0.03,-0.035
5.228,0.015,-0.03
5.23,0.03,-0.025
5.232,0.035,-0.02
5.234,0.05,-0.02
5.236,0.03,-0.025
5.238,0.035,-0.025
5.24,-0.01,-0.035
5.242,-0.045,-0.035
5.244,-0.02,-0.04
5.246,0.035,-0.04
5.248,0.03,-0.04
5.25,0.03,-0.04
5.252,-0.02,-0.04
5.254,-0.01,-0.04
5.256,-0.02,-0.045
5.258,-0.01,-0.045
5.26,-0.015,-0.045
5.262,-0.015,-0.045
5.264,0.02,-0.045
5.266,0.02,-0.04
5.268,0.01,-0.035
5.27,-0.02,-0.035
5.272,-0.005,-0.03
5.274,-0.005,-0.025
5.276,0.0,-0.025
5.278,0.035,-0.03
5.28,0.02,-0.03
5.282,0.02,-0.035
5.284,0.025,-0.035
5.286,0.005,-0.03
5.288,0.015,-0.03
5.29,0.045,-0.02
5.292,0.06,-0.015
5.294,0.025,-0.01
5.296,0.06,-0.005
5.298,0.045,-0.01
5.3,0.04,-0.01
5.302,0.05,-0.02
5.304,0.01,-0.025
5.306,-0.015,-0.035
5.308,-0.005,-0.04
5.31,-0.005,-0.045
5.312,0.005,-0.045
5.314,0.03,-0.04
5.316,0.025,-0.04
5.318,0.01,-0.035
5.32,0.025,-0.035
5.322,0.01,-0.04
5.324,-0.02,-0.045
5.326,-0.045,-0.055
5.328,-0.095,-0.06
5.33,-0.07,-0.065
5.332,0.02,-0.07
5.334,0.025,-0.065
5.336,0.045,-0.06
5.338,0.035,-0.05
5.34,0.035,-0.04
5.342,0.03,-0.03
5.344,0.01,-0.02
5.346,0.025,-0.015
5.348,0.01,-0.015
5.35,-0.015,-0.02
5.352,0.045,-0.025
5.354,0.065,-0.035
5.356,-0.01,-0.05
5.358,-0.01,-0.055
5.36,0.005,-0.06
5.362,0.005,-0.06
5.364,0.0,-0.055
5.366,0.015,-0.05
5.368,0.025,-0.04
5.37,0.02,-0.035
5.372,0.005,-0.03
5.374,-0.01,-0.025
5.376,-0.01,-0.02
5.378,0.0,-0.02
5.38,0.02,-0.025
5.382,0.07,-0.025
5.384,0.075,-0.025
5.386,0.045,-0.02
5.388,0.03,-0.015
5.39,0.02,-0.01
5.392,0.075,-0.005
5.394,0.08,0.0
5.396,0.045,0.005
5.398,0.01,0.005
5.4,0.005,-0.005
5.402,-0.005,-0.01
5.404,0.025,-0.02
5.406,0.06,-0.03
5.408,0.035,-0.04
5.41,0.01,-0.05
5.412,-0.02,-0.05
5.414,-0.02,-0.055
5.416,0.0,-0.055
5.418,-0.005,-0.055
5.42,-0.055,-0.055
5.422,0.0,-0.055
5.424,0.02,-0.06
5.426,-0.03,-0.065
5.428,-0.01,-0.075
5.43,0.015,-0.08
5.432,0.02,-0.08
5.434,0.005,-0.08
5.436,-0.01,-0.075
5.438,-0.025,-0.065
5.44,-0.005,-0.06
5.442,0.005,-0.05
5.444,0.01,-0.045
5.446,0.005,-0.04
5.448,0.005,-0.04
5.45,0.01,-0.04
5.452,0.005,-0.045
5.454,-0.025,-0.05
5.456,-0.02,-0.055
5.458,-0.025,-0.06
5.46,-0.03,-0.06
5.462,-0.005,-0.06
5.464,-0.01,-0.06
5.466,-0.02,-0.06
5.468,-0.03,-0.065
5.47,-0.045,-0.065
5.472,-0.04,-0.07
5.474,-0.005,-0.07
5.476,-0.04,-0.075
5.478,-0.025,-0.075
5.48,0.035,-0.075
5.482,0.015,-0.07
5.484,-0.025,-0.065
5.486,-0.045,-0.06
5.488,-0.04,-0.055
5.49,0.01,-0.055
5.492,0.0,-0.055
5.494,-0.01,-0.06
5.496,-0.055,-0.065
5.498,-0.085,-0.065
5.5,-0.03,-0.065
5.502,0.035,-0.05
5.504,0.09,-0.02
5.506,0.11,0.025
5.508,0.13,0.09
5.51,0.205,0.165
5.512,0.305,0.25
5.514,0.37,0.335
5.516,0.5,0.41
5.518,0.57,0.475
5.52,0.645,0.51
5.522,0.565,0.525
5.524,0.565,0.51
5.526,0.52,0.47
5.528,0.39,0.405
5.53,0.295,0.33
5.532,0.255,0.245
5.534,0.225,0.16
5.536,0.17,0.075
5.538,0.05,0.0
5.54,-0.07,-0.06
5.542,-0.16,-0.115
5.544,-0.14,-0.155
5.546,-0.135,-0.185
5.548,-0.16,-0.2
5.55,-0.155,-0.21
5.552,-0.145,-0.21
5.554,-0.12,-0.2
5.556,-0.105,-0.18
5.558,-0.12,-0.16
5.56,-0.105,-0.14
5.562,-0.08,-0.12
5.564,-0.025,-0.1
5.566,-0.045,-0.085
5.568,-0.015,-0.075
5.57,-0.03,-0.065
5.572,-0.015,-0.06
5.574,0.0,-0.06
5.576,-0.01,-0.06
5.578,-0.02,-0.055
5.58,-0.04,-0.05
5.582,-0.035,-0.045
5.584,0.04,-0.04
5.586,0.03,-0.035
5.588,-0.01,-0.035
5.59,-0.02,-0.035
5.592,-0.015,-0.04
5.594,-0.01,-0.045
5.596,-0.005,-0.05
5.598,0.0,-0.055
5.6,-0.02,-0.06
5.602,-0.01,-0.06
5.604,0.005,-0.055
5.606,-0.015,-0.05
5.608,0.0,-0.045
5.61,0.04,-0.04
5.612,0.04,-0.035
5.614,0.01,-0.03
5.616,0.01,-0.03
5.618,0.015,-0.03
5.62,0.035,-0.03
5.622,0.015,-0.03
5.624,-0.015,-0.03
5.626,0.005,-0.03
5.628,0.0,-0.025
5.63,-0.005,-0.02
5.632,0.025,-0.01
5.634,0.03,-0.005
5.636,0.045,-0.005
5.638,0.055,0.0
5.64,0.08,-0.005
5.642,0.03,-0.01
5.644,0.03,-0.015
5.646,0.02,-0.02
5.648,0.035,-0.025
5.65,0.01,-0.03
5.652,0.005,-0.03
5.654,0.03,-0.025
5.656,0.04,-0.02
5.658,0.02,-0.015
5.66,0.01,-0.005
5.662,0.045,0.0
5.664,0.03,0.0
5.666,0.02,0.0
5.668,0.025,0.0
5.67,0.05,-0.005
5.672,0.025,-0.01
5.674,0.015,-0.01
5.676,0.05,-0.01
5.678,0.06,-0.005
5.68,0.085,0.005
5.682,0.075,0.015
5.684,0.055,0.025
5.686,0.04,0.035
5.688,0.1,0.045
5.69,0.095,0.05
5.692,0.06,0.055
5.694,0.075,0.055
5.696,0.11,0.055
5.698,0.1,0.06
5.7,0.1,0.06
5.702,0.125,0.065
5.704,0.125,0.07
5.706,0.1,0.075
5.708,0.125,0.085
5.71,0.135,0.09
5.712,0.15,0.095
5.714,0.135,0.1
5.716,0.13,0.1
5.718,0.135,0.1
5.72,0.12,0.1
5.722,0.135,0.105
5.724,0.15,0.105
5.726,0.14,0.11
5.728,0.175,0.115
5.73,0.17,0.125
5.732,0.19,0.135
5.734,0.175,0.14
5.736,0.165,0.145
5.738,0.175,0.145
5.74,0.175,0.145
5.742,0.16,0.14
5.744,0.15,0.135
5.746,0.17,0.13
5.748,0.16,0.125
5.75,0.14,0.12
5.752,0.125,0.12
5.754,0.14,0.12
5.756,0.145,0.12
5.758,0.135,0.12
5.76,0.16,0.115
5.762,0.145,0.105
5.764,0.135,0.095
5.766,0.13,0.08
5.768,0.085,0.06
5.77,0.045,0.045
5.772,0.055,0.025
5.774,-0.005,0.015
5.776,0.02,0.005
5.778,0.095,0.0
5.78,0.07,-0.005
5.782,0.03,-0.005
5.784,-0.01,-0.005
5.786,-0.015,-0.01
5.788,0.01,-0.01
5.79,0.005,-0.01
5.792,0.02,-0.01
5.794,0.02,-0.01
5.796,0.0,-0.005
5.798,-0.005,-0.005
5.8,0.025,0.0
5.802,0.03,0.0
5.804,0.03,-0.005
5.806,0.025,-0.015
5.808,-0.005,-0.025
5.81,-0.05,-0.045
5.812,-0.085,-0.06
5.814,-0.11,-0.075
5.816,-0.065,-0.085
5.818,-0.015,-0.09
5.82,0.015,-0.08
5.822,-0.015,-0.07
5.824,-0.05,-0.05
5.826,0.035,-0.03
5.828,0.035,-0.01
5.83,-0.005,0.005
5.832,-0.02,0.005
5.834,-0.015,0.005
5.836,-0.005,-0.005
5.838,-0.03,-0.025
5.84,-0.015,-0.04
5.842,-0.01,-0.055
5.844,0.0,-0.065
5.846,0.01,-0.065
5.848,0.005,-0.065
5.85,-0.05,-0.06
5.852,-0.035,-0.05
5.854,-0.02,-0.04
5.856,-0.005,-0.035
5.858,-0.01,-0.035
5.86,-0.01,-0.035
5.862,-0.045,-0.04
5.864,-0.045,-0.05
5.866,-0.08,-0.06
5.868,-0.085,-0.07
5.87,-0.045,-0.075
5.872,-0.03,-0.075
5.874,-0.035,-0.07
5.876,-0.04,-0.065
5.878,-0.055,-0.06
5.88,-0.04,-0.05
5.882,-0.06,-0.04
5.884,-0.02,-0.035
5.886,0.04,-0.03
5.888,0.03,-0.025
5.89,0.035,-0.025
5.892,0.005,-0.025
5.894,-0.03,-0.025
5.896,-0.01,-0.03
5.898,-0.015,-0.035
5.9,-0.03,-0.04
5.902,-0.04,-0.045
5.904,-0.05,-0.05
5.906,-0.04,-0.06
5.908,-0.045,-0.065
5.91,-0.05,-0.07
5.912,-0.055,-0.075
5.914,-0.05,-0.075
5.916,-0.035,-0.07
5.918,-0.02,-0.065
5.92,-0.02,-0.055
5.922,-0.03,-0.05
5.924,-0.025,-0.04
5.926,-0.045,-0.04
5.928,-0.03,-0.035
5.93,0.0,-0.04
5.932,0.0,-0.05
5.934,-0.02,-0.055
5.936,-0.07,-0.07
5.938,-0.11,-0.075
5.94,-0.08,-0.085
5.942,-0.06,-0.085
5.944,-0.03,-0.085
5.946,-0.01,-0.075
5.948,-0.015,-0.07
5.95,-0.02,-0.06
5.952,-0.015,-0.05
5.954,-0.04,-0.045
5.956,-0.02,-0.04
5.958,-0.025,-0.04
5.96,-0.015,-0.045
5.962,-0.05,-0.05
5.964,-0.045,-0.055
5.966,-0.05,-0.055
5.968,-0.03,-0.055
5.97,-0.005,-0.05
5.972,-0.03,-0.045
5.974,0.0,-0.04
5.976,-0.015,-0.035
5.978,-0.06,-0.035
5.98,-0.015,-0.035
5.982,0.0,-0.035
5.984,-0.015,-0.04
5.986,0.0,-0.04
5.988,-0.02,-0.045
5.99,-0.065,-0.045
5.992,-0.03,-0.045
5.994,0.0,-0.04
5.996,-0.005,-0.04
5.998,-0.05,-0.035
6.0,-0.03,-0.035
6.002,-0.01,-0.035
6.004,-0.015,-0.04
6.006,-0.025,-0.045
6.008,-0.025,-0.045
6.01,-0.03,-0.05
6.012,-0.03,-0.05
6.014,-0.03,-0.05
6.016,-0.03,-0.045
6.018,-0.05,-0.04
6.02,-0.015,-0.035
6.022,0.02,-0.025
6.024,0.0,-0.015
6.026,-0.02,-0.01
6.028,0.015,0.0
6.03,0.06,0.01
6.032,0.035,0.015
6.034,0.005,0.02
6.036,0.04,0.025
6.038,0.06,0.025
6.04,0.045,0.02
6.042,0.025,0.015
6.044,-0.01,0.01
6.046,0.005,0.0
6.048,0.015,-0.005
6.05,0.02,-0.015
6.052,0.025,-0.025
6.054,0.0,-0.03
6.056,-0.065,-0.03
6.058,-0.035,-0.035
6.06,-0.01,-0.035
6.062,-0.005,-0.035
6.064,0.02,-0.03
6.066,0.01,-0.03
6.068,0.005,-0.025
6.07,0.015,-0.025
6.072,0.005,-0.025
6.074,-0.035,-0.025
6.076,-0.02,-0.025
6.078,-0.01,-0.03
6.08,-0.005,-0.03
6.082,-0.02,-0.035
6.084,-0.035,-0.04
6.086,-0.02,-0.045
6.088,-0.01,-0.045
6.09,-0.055,-0.045
6.092,-0.05,-0.045
6.094,0.0,-0.045
6.096,-0.015,-0.04
6.098,-0.01,-0.035
6.1,0.005,-0.035
6.102,-0.035,-0.03
6.104,-0.025,-0.03
6.106,-0.005,-0.03
6.108,0.0,-0.025
6.11,-0.035,-0.03
6.112,-0.025,-0.03
6.114,-0.02,-0.03
6.116,-0.02,-0.035
6.118,0.005,-0.035
6.12,-0.015,-0.04
6.122,-0.055,-0.045
6.124,-0.09,-0.05
6.126,-0.115,-0.05
6.128,-0.04,-0.05
6.13,-0.025,-0.045
6.132,-0.015,-0.04
6.134,-0.035,-0.035
6.136,-0.05,-0.025
6.138,-0.01,-0.025
6.14,0.01,-0.02
6.142,0.005,-0.015
6.144,-0.005,-0.01
6.146,0.01,0.005
6.148,0.025,0.03
6.15,0.075,0.075
6.152,0.115,0.14
6.154,0.27,0.225
6.156,0.405,0.33
6.158,0.48,0.44
6.16,0.56,0.55
6.162,0.64,0.645
6.164,0.825,0.72
6.166,0.805,0.755
6.168,0.785,0.75
6.17,0.745,0.71
6.172,0.595,0.635
6.174,0.455,0.54
6.176,0.375,0.43
6.178,0.34,0.315
6.18,0.25,0.215
6.182,0.185,0.125
6.184,0.025,0.05
6.186,-0.08,-0.01
6.188,-0.12,-0.05
6.19,-0.13,-0.085
6.192,-0.14,-0.105
6.194,-0.15,-0.125
6.196,-0.13,-0.135
6.198,-0.125,-0.14
6.2,-0.145,-0.14
6.202,-0.14,-0.13
6.204,-0.085,-0.115
6.206,-0.035,-0.095
6.208,-0.01,-0.07
6.21,0.01,-0.05
6.212,-0.005,-0.035
6.214,-0.01,-0.02
6.216,-0.01,-0.015
6.218,-0.01,-0.01
6.22,-0.015,-0.015
6.222,-0.03,-0.015
6.224,-0.01,-0.02
6.226,-0.015,-0.02
6.228,-0.04,-0.02
6.23,-0.04,-0.02
6.232,-0.04,-0.02
6.234,-0.025,-0.02
6.236,-0.01,-0.02
6.238,-0.01,-0.025
6.24,-0.005,-0.03
6.242,0.0,-0.03
6.244,-0.02,-0.035
6.246,-0.025,-0.035
6.248,-0.01,-0.035
6.25,-0.01,-0.035
6.252,-0.025,-0.035
6.254,-0.065,-0.035
6.256,-0.05,-0.035
6.258,-0.07,-0.035
6.26,-0.03,-0.035
6.262,0.005,-0.035
6.264,0.005,-0.035
6.266,0.01,-0.03
6.268,0.01,-0.02
6.27,0.01,-0.01
6.272,-0.02,-0.005
6.274,-0.015,0.005
6.276,0.035,0.01
6.278,0.045,0.01
6.28,-0.005,0.01
6.282,-0.005,0.0
6.284,0.015,-0.005
6.286,-0.025,-0.01
6.288,-0.02,-0.015
6.29,0.015,-0.015
6.292,0.04,-0.01
6.294,0.01,-0.005
6.296,-0.02,0.0
6.298,-0.045,0.005
6.3,-0.015,0.01
6.302,0.03,0.015
6.304,0.04,0.015
6.306,0.0,0.015
6.308,0.005,0.01
6.31,-0.005,0.01
6.312,0.01,0.015
6.314,0.04,0.015
6.316,0.035,0.02
6.318,0.025,0.02
6.32,0.0,0.025
6.322,0.0,0.025
6.324,0.04,0.025
6.326,0.065,0.025
6.328,0.03,0.025
6.33,0.055,0.03
6.332,0.075,0.03
6.334,0.04,0.04
6.336,0.03,0.045
6.338,0.07,0.055
6.34,0.1,0.06
6.342,0.045,0.065
6.344,0.03,0.065
6.346,0.07,0.065
6.348,0.08,0.065
6.35,0.05,0.06
6.352,0.035,0.06
6.354,0.045,0.055
6.356,0.075,0.055
6.358,0.085,0.055
6.36,0.09,0.055
6.362,0.095,0.06
6.364,0.1,0.065
6.366,0.1,0.075
6.368,0.055,0.085
6.37,0.06,0.095
6.372,0.09,0.11
6.374,0.17,0.125
6.376,0.165,0.135
6.378,0.155,0.15
6.38,0.16,0.155
6.382,0.155,0.16
6.384,0.17,0.155
6.386,0.13,0.15
6.388,0.125,0.145
6.39,0.115,0.135
6.392,0.125,0.125
6.394,0.11,0.115
6.396,0.105,0.11
6.398,0.12,0.11
6.4,0.105,0.105
6.402,0.105,0.105
6.404,0.11,0.1
6.406,0.085,0.095
6.408,0.07,0.09
6.41,0.075,0.08
6.412,0.065,0.07
6.414,0.075,0.06
6.416,0.065,0.05
6.418,0.03,0.04
6.42,-0.005,0.03
6.422,0.01,0.025
6.424,0.015,0.02
6.426,0.02,0.015
6.428,0.01,0.01
6.43,-0.005,0.01
6.432,0.03,0.01
6.434,0.02,0.01
6.436,0.02,0.01
6.438,0.01,0.01
6.44,-0.015,0.01
6.442,0.0,0.01
6.444,-0.005,0.005
6.446,-0.005,0.0
6.448,-0.015,-0.01
6.45,-0.04,-0.02
6.452,-0.06,-0.035
6.454,-0.05,-0.045
6.456,-0.045,-0.055
6.458,-0.08,-0.065
6.46,-0.07,-0.07
6.462,-0.03,-0.065
6.464,-0.025,-0.06
6.466,-0.005,-0.055
6.468,0.005,-0.05
6.47,-0.035,-0.045
6.472,-0.095,-0.04
6.474,-0.09,-0.035
6.476,-0.055,-0.035
6.478,-0.02,-0.035
6.48,0.015,-0.035
6.482,0.04,-0.035
6.484,-0.015,-0.03
6.486,-0.04,-0.025
6.488,0.005,-0.015
6.49,-0.03,-0.01
6.492,-0.03,-0.005
6.494,-0.005,-0.005
6.496,0.0,-0.005
6.498,-0.01,-0.01
6.5,-0.015,-0.015
6.502,0.005,-0.02
6.504,-0.05,-0.025
6.506,-0.06,-0.03
6.508,-0.01,-0.03
6.51,-0.02,-0.035
6.512,-0.07,-0.035
6.514,-0.045,-0.035
6.516,-0.025,-0.04
6.518,-0.015,-0.04
6.52,0.015,-0.04
6.522,-0.045,-0.045
6.524,-0.055,-0.045
6.526,-0.025,-0.04
6.528,-0.005,-0.04
6.53,-0.015,-0.035
6.532,-0.055,-0.035
6.534,-0.085,-0.03
6.536,-0.09,-0.035
6.538,-0.045,-0.035
6.54,-0.035,-0.04
6.542,-0.015,-0.045
6.544,-0.035,-0.05
6.546,-0.055,-0.05
6.548,-0.035,-0.05
6.55,-0.07,-0.05
6.552,-0.1,-0.05
6.554,-0.06,-0.05
6.556,0.0,-0.05
6.558,-0.005,-0.05
6.56,-0.06,-0.045
6.562,-0.1,-0.045
6.564,-0.03,-0.04
6.566,-0.035,-0.035
6.568,-0.015,-0.035
6.57,-0.035,-0.03
6.572,0.005,-0.03
6.574,-0.03,-0.03
6.576,-0.045,-0.035
6.578,-0.05,-0.045
6.58,-0.035,-0.055
6.582,-0.075,-0.065
6.584,-0.12,-0.07
6.586,-0.125,-0.075
6.588,-0.045,-0.075
6.59,-0.025,-0.07
6.592,-0.03,-0.06
6.594,-0.04,-0.05
6.596,-0.025,-0.04
6.598,-0.02,-0.03
6.6,0.005,-0.02
6.602,-0.015,-0.02
6.604,-0.035,-0.025
6.606,-0.025,-0.03
6.608,-0.045,-0.04
6.61,-0.045,-0.045
6.612,-0.045,-0.055
6.614,-0.04,-0.06
6.616,-0.03,-0.065
6.618,-0.03,-0.065
6.62,-0.08,-0.06
6.622,-0.065,-0.06
6.624,-0.03,-0.055
6.626,-0.05,-0.05
6.628,-0.07,-0.05
6.63,-0.08,-0.05
6.632,-0.06,-0.05
6.634,-0.025,-0.05
6.636,-0.005,-0.05
6.638,-0.04,-0.05
6.64,-0.03,-0.05
6.642,-0.015,-0.05
6.644,-0.02,-0.05
6.646,-0.045,-0.05
6.648,-0.07,-0.05
6.65,-0.065,-0.05
6.652,-0.075,-0.05
6.654,-0.045,-0.055
6.656,-0.04,-0.055
6.658,-0.03,-0.06
6.66,-0.09,-0.06
6.662,-0.065,-0.06
6.664,0.0,-0.055
6.666,0.015,-0.05
6.668,-0.02,-0.045
6.67,-0.03,-0.035
6.672,-0.015,-0.03
6.674,-0.03,-0.025
6.676,-0.045,-0.02
6.678,-0.04,-0.02
6.68,0.0,-0.02
6.682,0.0,-0.02
6.684,-0.005,-0.025
6.686,0.035,-0.025
6.688,-0.01,-0.03
6.69,-0.08,-0.03
6.692,-0.025,-0.035
6.694,-0.06,-0.04
6.696,-0.07,-0.045
6.698,-0.03,-0.055
6.7,-0.03,-0.06
6.702,-0.07,-0.07
6.704,-0.055,-0.075
6.706,-0.07,-0.075
6.708,-0.07,-0.075
6.71,-0.035,-0.065
6.712,-0.01,-0.055
6.714,0.005,-0.045
6.716,0.02,-0.03
6.718,0.0,-0.02
6.72,-0.005,-0.015
6.722,-0.03,-0.01
6.724,-0.045,-0.01
6.726,-0.035,-0.015
6.728,-0.025,-0.025
6.73,-0.015,-0.035
6.732,0.0,-0.045
6.734,-0.03,-0.05
6.736,-0.035,-0.055
6.738,-0.04,-0.06
6.74,-0.035,-0.065
6.742,-0.065,-0.065
6.744,-0.085,-0.065
6.746,-0.085,-0.07
6.748,-0.07,-0.07
6.75,-0.01,-0.075
6.752,-0.025,-0.075
6.754,-0.025,-0.075
6.756,-0.03,-0.07
6.758,-0.1,-0.065
6.76,-0.16,-0.06
6.762,-0.085,-0.055
6.764,0.035,-0.05
6.766,0.01,-0.05
6.768,-0.03,-0.05
6.77,-0.045,-0.05
6.772,-0.04,-0.055
6.774,-0.05,-0.06
6.776,-0.055,-0.07
6.778,-0.07,-0.075
6.78,-0.1,-0.085
6.782,-0.11,-0.095
6.784,-0.095,-0.105
6.786,-0.1,-0.11
6.788,-0.125,-0.115
6.79,-0.095,-0.11
6.792,-0.05,-0.09
6.794,0.0,-0.06
6.796,0.025,-0.02
6.798,0.07,0.04
6.8,0.135,0.11
6.802,0.205,0.195
6.804,0.32,0.285
6.806,0.4,0.375
6.808,0.47,0.465
6.81,0.57,0.545
6.812,0.715,0.61
6.814,0.76,0.65
6.816,0.74,0.665
6.818,0.7,0.65
6.82,0.595,0.605
6.822,0.46,0.53
6.824,0.365,0.435
6.826,0.305,0.32
6.828,0.255,0.205
6.83,0.135,0.09
6.832,-0.02,-0.015
6.834,-0.13,-0.1
6.836,-0.165,-0.16
6.838,-0.17,-0.195
6.84,-0.185,-0.215
6.842,-0.235,-0.21
6.844,-0.2,-0.2
6.846,-0.15,-0.175
6.848,-0.115,-0.155
6.85,-0.075,-0.135
6.852,-0.045,-0.115
6.854,-0.05,-0.095
6.856,-0.025,-0.085
6.858,-0.035,-0.07
6.86,-0.055,-0.065
6.862,-0.045,-0.06
6.864,-0.06,-0.055
6.866,-0.065,-0.055
6.868,-0.075,-0.06
6.87,-0.045,-0.065
6.872,0.0,-0.075
6.874,-0.035,-0.08
6.876,-0.03,-0.085
6.878,-0.035,-0.09
6.88,-0.07,-0.09
6.882,-0.07,-0.09
6.884,-0.09,-0.085
6.886,-0.105,-0.085
6.888,-0.075,-0.08
6.89,0.01,-0.075
6.892,-0.025,-0.07
6.894,-0.035,-0.06
6.896,-0.1,-0.05
6.898,-0.08,-0.04
6.9,0.09,-0.03
6.902,0.055,-0.02
6.904,-0.01,-0.02
6.906,-0.05,-0.02
6.908,-0.08,-0.025
6.91,-0.04,-0.035
6.912,-0.035,-0.05
6.914,0.005,-0.06
6.916,0.03,-0.07
6.918,-0.02,-0.075
6.92,-0.04,-0.07
6.922,-0.01,-0.065
6.924,-0.035,-0.055
6.926,-0.03,-0.045
6.928,-0.03,-0.04
6.93,-0.02,-0.035
6.932,-0.005,-0.04
6.934,0.015,-0.05
6.936,-0.03,-0.06
6.938,-0.05,-0.07
6.94,-0.065,-0.08
6.942,-0.025,-0.085
6.944,-0.07,-0.08
6.946,-0.075,-0.075
6.948,-0.06,-0.065
6.95,0.0,-0.05
6.952,0.05,-0.035
6.954,0.025,-0.025
6.956,0.045,-0.015
6.958,0.005,-0.01
6.96,0.01,-0.01
6.962,-0.02,-0.015
6.964,-0.025,-0.02
6.966,-0.03,-0.025
6.968,-0.025,-0.025
6.97,0.01,-0.025
6.972,0.03,-0.02
6.974,0.03,-0.015
6.976,0.005,-0.005
6.978,0.015,0.005
6.98,0.065,0.015
6.982,0.095,0.025
6.984,0.05,0.035
6.986,0.02,0.04
6.988,0.08,0.04
6.99,0.065,0.045
6.992,0.035,0.045
6.994,0.085,0.045
6.996,0.1,0.05
6.998,0.105,0.055
7.0,0.11,0.065
7.002,0.08,0.07
7.004,0.13,0.08
7.006,0.105,0.08
7.008,0.08,0.085
7.01,0.105,0.085
7.012,0.085,0.08
7.014,0.08,0.075
7.016,0.1,0.075
7.018,0.1,0.07
7.02,0.1,0.07
7.022,0.14,0.075
7.024,0.12,0.075
7.026,0.095,0.085
7.028,0.06,0.09
7.03,0.08,0.095
7.032,0.12,0.1
7.034,0.18,0.1
7.036,0.17,0.105
7.038,0.165,0.105
7.04,0.125,0.11
7.042,0.13,0.11
7.044,0.14,0.11
7.046,0.15,0.11
7.048,0.135,0.105
7.05,0.1,0.1
7.052,0.09,0.085
7.054,0.09,0.075
7.056,0.08,0.06
7.058,0.02,0.04
7.06,0.025,0.025
7.062,0.05,0.015
7.064,0.09,0.01
7.066,0.08,0.005
7.068,0.03,0.005
7.07,0.055,0.01
7.072,0.02,0.01
7.074,-0.025,0.015
7.076,0.035,0.01
7.078,0.04,0.005
7.08,0.005,-0.005
7.082,0.0,-0.015
7.084,0.005,-0.025
7.086,-0.04,-0.035
7.088,0.0,-0.04
7.09,-0.005,-0.045
7.092,-0.01,-0.045
7.094,-0.04,-0.04
7.096,-0.01,-0.04
7.098,0.01,-0.035
7.1,0.0,-0.035
7.102,-0.005,-0.04
7.104,-0.025,-0.045
7.106,-0.05,-0.05
7.108,-0.04,-0.055
7.11,-0.025,-0.055
7.112,0.005,-0.06
7.114,0.035,-0.055
7.116,0.035,-0.05
7.118,0.02,-0.045
7.12,0.0,-0.04
7.122,-0.015,-0.035
7.124,-0.03,-0.03
7.126,-0.025,-0.03
7.128,0.03,-0.03
7.13,0.0,-0.035
7.132,0.02,-0.04
7.134,0.02,-0.045
7.136,0.02,-0.045
7.138,-0.03,-0.05
7.14,-0.045,-0.055
7.142,-0.065,-0.055
7.144,-0.01,-0.06
7.146,0.005,-0.06
7.148,-0.015,-0.055
7.15,-0.01,-0.055
7.152,0.01,-0.055
7.154,-0.075,-0.05
7.156,-0.08,-0.045
7.158,0.015,-0.045
7.16,0.015,-0.04
7.162,-0.015,-0.04
7.164,0.0,-0.04
7.166,0.015,-0.04
7.168,0.0,-0.045
7.17,0.015,-0.045
7.172,-0.01,-0.045
7.174,-0.005,-0.04
7.176,-0.02,-0.04
7.178,0.005,-0.035
7.18,-0.005,-0.03
7.182,-0.015,-0.03
7.184,-0.035,-0.03
7.186,-0.03,-0.03
7.188,-0.02,-0.035
7.19,0.01,-0.04
7.192,0.01,-0.05
7.194,0.02,-0.055
7.196,-0.015,-0.065
7.198,-0.02,-0.07
7.2,-0.04,-0.07
7.202,-0.05,-0.07
7.204,-0.035,-0.07
7.206,-0.035,-0.065
7.208,-0.02,-0.06
7.21,0.005,-0.05
7.212,0.01,-0.045
7.214,0.01,-0.035
7.216,0.03,-0.03
7.218,-0.05,-0.03
7.22,0.025,-0.025
7.222,0.035,-0.03
7.224,0.02,-0.03
7.226,0.0,-0.04
7.228,-0.045,-0.045
7.23,-0.035,-0.055
7.232,-0.02,-0.06
7.234,0.0,-0.065
7.236,-0.01,-0.07
7.238,0.01,-0.07
7.24,-0.015,-0.07
7.242,-0.035,-0.065
7.244,-0.015,-0.06
7.246,-0.005,-0.055
7.248,-0.03,-0.05
7.25,-0.05,-0.045
7.252,-0.055,-0.045
7.254,0.02,-0.045
7.256,0.04,-0.05
7.258,0.0,-0.055
7.26,-0.025,-0.06
7.262,-0.02,-0.065
7.264,0.0,-0.07
7.266,-0.03,-0.07
7.268,-0.08,-0.07
7.27,-0.08,-0.07
7.272,-0.025,-0.065
7.274,0.03,-0.055
7.276,0.035,-0.045
7.278,0.045,-0.035
7.28,0.03,-0.03
7.282,0.02,-0.025
7.284,0.01,-0.02
7.286,-0.005,-0.025
7.288,0.01,-0.03
7.29,0.04,-0.035
7.292,-0.03,-0.045
7.294,-0.005,-0.05
7.296,0.04,-0.055
7.298,0.01,-0.06
7.3,-0.025,-0.055
7.302,-0.02,-0.05
7.304,-0.01,-0.04
7.306,-0.01,-0.03
7.308,-0.035,-0.02
7.31,0.03,-0.01
7.312,0.05,0.0
7.314,0.06,0.005
7.316,0.06,0.01
7.318,0.07,0.01
7.32,0.075,0.01
7.322,0.035,0.005
7.324,0.05,0.0
7.326,0.06,0.0
7.328,0.045,-0.005
7.33,0.055,-0.005
7.332,0.015,-0.01
7.334,0.03,-0.01
7.336,0.035,-0.015
7.338,0.02,-0.02
7.34,0.025,-0.025
7.342,0.06,-0.03
7.344,0.015,-0.035
7.346,-0.01,-0.04
7.348,0.005,-0.045
7.35,0.0,-0.05
7.352,-0.05,-0.05
7.354,-0.035,-0.045
7.356,0.055,-0.04
7.358,0.035,-0.04
7.36,0.01,-0.035
7.362,0.04,-0.03
7.364,0.035,-0.03
7.366,-0.02,-0.035
7.368,-0.015,-0.035
7.37,0.01,-0.04
7.372,0.015,-0.04
7.374,0.01,-0.045
7.376,-0.015,-0.045
7.378,-0.005,-0.04
7.38,0.01,-0.035
7.382,0.015,-0.035
7.384,0.0,-0.03
7.386,-0.005,-0.025
7.388,0.03,-0.025
7.39,0.01,-0.03
7.392,0.015,-0.035
7.394,0.025,-0.04
7.396,0.02,-0.045
7.398,0.025,-0.055
7.4,0.03,-0.055
7.402,-0.04,-0.06
7.404,-0.05,-0.06
7.406,-0.005,-0.06
7.408,0.0,-0.06
7.41,0.015,-0.06
7.412,0.005,-0.06
7.414,0.01,-0.055
7.416,0.02,-0.055
7.418,-0.005,-0.05
7.42,-0.01,-0.05
7.422,-0.005,-0.045
7.424,0.0,-0.045
7.426,0.025,-0.045
7.428,0.015,-0.045
7.43,0.025,-0.05
7.432,0.01,-0.05
7.434,0.005,-0.045
7.436,0.005,-0.035
7.438,0.035,-0.015
7.44,0.035,0.02
7.442,0.03,0.065
7.444,0.135,0.125
7.446,0.29,0.195
7.448,0.395,0.275
7.45,0.445,0.355
7.452,0.545,0.425
7.454,0.58,0.485
7.456,0.61,0.515
7.458,0.57,0.525
7.46,0.53,0.5
7.462,0.48,0.45
7.464,0.365,0.375
7.466,0.275,0.285
7.468,0.215,0.19
7.47,0.15,0.095
7.472,0.08,0.01
7.474,-0.015,-0.06
7.476,-0.11,-0.115
7.478,-0.14,-0.15
7.48,-0.145,-0.17
7.482,-0.16,-0.18
7.484,-0.145,-0.18
7.486,-0.125,-0.18
7.488,-0.085,-0.175
7.49,-0.115,-0.175
7.492,-0.07,-0.17
7.494,-0.075,-0.16
7.496,-0.075,-0.15
7.498,-0.075,-0.135
7.5,-0.085,-0.11
7.502,-0.045,-0.09
7.504,0.01,-0.065
7.506,0.0,-0.05
7.508,-0.01,-0.035
7.51,-0.015,-0.03
7.512,0.0,-0.03
7.514,0.045,-0.04
7.516,0.075,-0.045
7.518,0.015,-0.05
7.52,-0.01,-0.055
7.522,-0.025,-0.055
7.524,-0.02,-0.05
7.526,0.015,-0.04
7.528,0.04,-0.035
7.53,0.04,-0.03
7.532,0.015,-0.025
7.534,-0.01,-0.02
7.536,0.025,-0.02
7.538,0.0,-0.02
7.54,0.025,-0.02
7.542,0.07,-0.02
7.544,0.075,-0.015
7.546,0.02,-0.01
7.548,-0.005,-0.005
7.55,0.05,-0.005
7.552,0.04,-0.005
7.554,0.005,-0.01
7.556,-0.005,-0.015
7.558,0.03,-0.02
7.56,0.065,-0.03
7.562,0.035,-0.035
7.564,0.02,-0.035
7.566,-0.01,-0.035
7.568,0.02,-0.03
7.57,0.015,-0.02
7.572,0.01,-0.015
7.574,0.055,-0.005
7.576,0.085,0.0
7.578,0.06,0.005
7.58,0.045,0.005
7.582,0.075,0.005
7.584,0.035,0.005
7.586,0.065,0.005
7.588,0.055,0.01
7.59,0.02,0.01
7.592,0.045,0.015
7.594,0.05,0.02
7.596,0.08,0.02
7.598,0.095,0.02
7.6,0.09,0.02
7.602,0.05,0.02
7.604,0.075,0.02
7.606,0.07,0.02
7.608,0.08,0.02
7.61,0.08,0.02
7.612,0.05,0.02
7.614,0.05,0.02
7.616,0.095,0.025
7.618,0.11,0.025
7.62,0.09,0.025
7.622,0.095,0.025
7.624,0.085,0.03
7.626,0.1,0.04
7.628,0.115,0.05
7.63,0.145,0.06
7.632,0.13,0.075
7.634,0.125,0.09
7.636,0.11,0.1
7.638,0.165,0.11
7.64,0.165,0.115
7.642,0.165,0.115
7.644,0.125,0.115
7.646,0.12,0.11
7.648,0.16,0.1
7.65,0.19,0.1
7.652,0.18,0.1
7.654,0.155,0.1
7.656,0.125,0.11
7.658,0.105,0.125
7.66,0.195,0.14
7.662,0.245,0.15
7.664,0.24,0.165
7.666,0.23,0.17
7.668,0.2,0.17
7.67,0.2,0.165
7.672,0.18,0.16
7.674,0.22,0.155
7.676,0.19,0.145
7.678,0.175,0.14
7.68,0.16,0.14
7.682,0.195,0.14
7.684,0.195,0.14
7.686,0.165,0.145
7.688,0.195,0.145
7.69,0.195,0.145
7.692,0.18,0.145
7.694,0.2,0.135
7.696,0.185,0.13
7.698,0.185,0.12
7.7,0.16,0.11
7.702,0.115,0.1
7.704,0.09,0.09
7.706,0.125,0.075
7.708,0.13,0.065
7.71,0.1,0.055
7.712,0.05,0.04
7.714,0.055,0.03
7.716,0.065,0.02
7.718,0.045,0.015
7.72,0.095,0.01
7.722,0.085,0.01
7.724,0.045,0.01
7.726,0.035,0.015
7.728,0.085,0.015
7.73,0.075,0.02
7.732,0.05,0.02
7.734,0.02,0.015
7.736,0.055,0.01
7.738,0.04,0.0
7.74,0.03,-0.005
7.742,0.03,-0.015
7.744,0.015,-0.025
7.746,0.03,-0.03
7.748,-0.02,-0.035
7.75,0.0,-0.035
7.752,0.045,-0.035
7.754,0.05,-0.03
7.756,0.07,-0.025
7.758,0.025,-0.02
7.76,0.02,-0.015
7.762,0.035,-0.01
7.764,0.02,-0.01
7.766,0.02,-0.01
7.768,0.02,-0.01
7.77,0.025,-0.015
7.772,0.03,-0.02
7.774,0.025,-0.025
7.776,0.005,-0.03
7.778,-0.015,-0.035
7.78,-0.025,-0.04
7.782,-0.02,-0.045
7.784,0.04,-0.045
7.786,0.06,-0.045
7.788,0.01,-0.04
7.79,0.03,-0.035
7.792,0.055,-0.03
7.794,0.05,-0.02
7.796,0.03,-0.02
7.798,0.005,-0.02
7.8,0.02,-0.025
7.802,-0.01,-0.035
7.804,0.02,-0.04
7.806,0.04,-0.05
7.808,-0.005,-0.055
7.81,0.005,-0.06
7.812,0.0,-0.055
7.814,0.015,-0.05
7.816,0.04,-0.04
7.818,0.045,-0.03
7.82,0.065,-0.02
7.822,0.025,-0.015
7.824,0.02,-0.015
7.826,0.025,-0.02
7.828,0.04,-0.025
7.83,-0.015,-0.035
7.832,0.04,-0.04
7.834,0.02,-0.045
7.836,0.01,-0.045
7.838,0.04,-0.04
7.84,0.0,-0.035
7.842,0.0,-0.025
7.844,0.035,-0.02
7.846,0.02,-0.015
7.848,0.02,-0.015
7.85,0.01,-0.015
7.852,0.04,-0.02
7.854,0.045,-0.03
7.856,0.025,-0.035
7.858,0.035,-0.035
7.86,0.045,-0.035
7.862,0.0,-0.03
7.864,-0.025,-0.025
7.866,0.02,-0.015
7.868,0.05,-0.01
7.87,0.04,-0.005
7.872,0.045,0.0
7.874,0.03,0.0
7.876,0.04,-0.005
7.878,0.04,-0.01
7.88,0.055,-0.015
7.882,0.03,-0.02
7.884,-0.005,-0.025
7.886,-0.005,-0.03
7.888,0.035,-0.03
7.89,0.04,-0.03
7.892,0.08,-0.035
7.894,0.045,-0.035
7.896,-0.02,-0.035
7.898,-0.03,-0.04
7.9,0.005,-0.04
7.902,0.0,-0.04
7.904,0.01,-0.04
7.906,0.005,-0.04
7.908,0.0,-0.035
7.91,0.02,-0.035
7.912,0.02,-0.03
7.914,0.03,-0.03
7.916,0.01,-0.03
7.918,0.025,-0.03
7.92,0.035,-0.03
7.922,0.045,-0.025
7.924,0.05,-0.02
7.926,0.07,-0.01
7.928,0.055,-0.005
7.93,0.07,0.005
7.932,0.065,0.01
7.934,0.07,0.015
7.936,0.03,0.015
7.938,0.03,0.015
7.94,0.06,0.01
7.942,0.08,0.01
7.944,0.065,0.005
7.946,0.075,0.0
7.948,0.06,0.0
7.95,0.06,0.005
7.952,0.065,0.005
7.954,0.075,0.01
7.956,0.045,0.01
7.958,0.025,0.005
7.96,-0.005,-0.005
7.962,0.025,-0.015
7.964,0.025,-0.03
7.966,-0.02,-0.04
7.968,0.01,-0.05
7.97,0.005,-0.055
7.972,-0.02,-0.05
7.974,0.0,-0.045
7.976,0.03,-0.04
7.978,0.045,-0.03
7.98,0.04,-0.02
7.982,0.01,-0.015
7.984,0.025,-0.01
7.986,0.05,-0.015
7.988,0.025,-0.02
7.99,0.0,-0.025
7.992,0.015,-0.03
7.994,0.01,-0.035
7.996,-0.02,-0.04
7.998,0.01,-0.04
8.0,0.0,-0.04
8.002,0.0,-0.035
8.004,0.05,-0.035
8.006,0.09,-0.03
8.008,0.03,-0.03
8.01,0.025,-0.03
8.012,-0.025,-0.03
8.014,-0.05,-0.025
8.016,0.02,-0.02
8.018,0.055,-0.02
8.02,0.055,-0.015
8.022,0.015,-0.01
8.024,0.02,-0.005
8.026,0.05,-0.005
8.028,0.035,-0.01
8.03,0.04,-0.015
8.032,0.035,-0.02
8.034,0.02,-0.025
8.036,-0.01,-0.03
8.038,-0.025,-0.03
8.04,-0.015,-0.035
8.042,-0.035,-0.035
8.044,0.025,-0.04
8.046,0.04,-0.04
8.048,0.035,-0.045
8.05,-0.015,-0.045
8.052,-0.015,-0.045
8.054,0.0,-0.035
8.056,0.02,-0.015
8.058,0.1,0.02
8.06,0.135,0.075
8.062,0.195,0.145
8.064,0.28,0.23
8.066,0.39,0.32
8.068,0.485,0.41
8.07,0.55,0.485
8.072,0.68,0.545
8.074,0.695,0.575
8.076,0.64,0.58
8.078,0.61,0.55
8.08,0.5,0.5
8.082,0.365,0.43
8.084,0.32,0.345
8.086,0.295,0.26
8.088,0.265,0.175
8.09,0.195,0.1
8.092,0.08,0.035
8.094,-0.03,-0.02
8.096,-0.08,-0.06
8.098,-0.1,-0.095
8.1,-0.12,-0.115
8.102,-0.125,-0.13
8.104,-0.135,-0.14
8.106,-0.12,-0.145
8.108,-0.065,-0.14
8.11,-0.065,-0.135
8.112,-0.055,-0.13
8.114,-0.03,-0.115
8.116,-0.045,-0.105
8.118,-0.04,-0.09
8.12,-0.03,-0.08
8.122,-0.065,-0.07
8.124,-0.055,-0.06
8.126,-0.005,-0.05
8.128,0.03,-0.045
8.13,0.04,-0.04
8.132,0.055,-0.035
8.134,0.04,-0.035
8.136,0.02,-0.03
8.138,0.005,-0.03
8.14,0.005,-0.025
8.142,-0.005,-0.025
8.144,0.015,-0.02
8.146,0.045,-0.02
8.148,0.05,-0.02
8.15,0.02,-0.015
8.152,0.035,-0.015
8.154,0.025,-0.015
8.156,0.005,-0.015
8.158,0.01,-0.015
8.16,0.035,-0.015
8.162,0.025,-0.015
8.164,0.025,-0.015
8.166,0.045,-0.015
8.168,0.035,-0.015
8.17,0.04,-0.015
8.172,0.025,-0.02
8.174,-0.005,-0.03
8.176,-0.01,-0.035
8.178,0.01,-0.045
8.18,-0.015,-0.045
8.182,0.01,-0.05
8.184,0.025,-0.045
8.186,-0.005,-0.04
8.188,0.03,-0.035
8.19,0.065,-0.025
8.192,0.02,-0.01
8.194,0.04,-0.005
8.196,0.04,0.0
8.198,0.035,0.005
8.2,0.02,0.005
8.202,0.03,0.0
8.204,0.04,-0.005
8.206,0.065,-0.005
8.208,0.065,-0.01
8.21,0.04,-0.01
8.212,-0.01,-0.005
8.214,-0.02,-0.005
8.216,0.05,0.0
8.218,0.1,0.005
8.22,0.065,0.01
8.222,0.055,0.01
8.224,0.08,0.01
8.226,0.07,0.01
8.228,0.075,0.01
8.23,0.055,0.01
8.232,0.05,0.01
8.234,0.02,0.015
8.236,0.04,0.02
8.238,0.05,0.025
8.24,0.07,0.035
8.242,0.13,0.04
8.244,0.125,0.05
8.246,0.105,0.055
8.248,0.07,0.06
8.25,0.09,0.065
8.252,0.095,0.065
8.254,0.1,0.07
8.256,0.12,0.07
8.258,0.12,0.075
8.26,0.11,0.08
8.262,0.14,0.09
8.264,0.135,0.095
8.266,0.155,0.105
8.268,0.185,0.11
8.27,0.2,0.115
8.272,0.15,0.115
8.274,0.12,0.11
8.276,0.1,0.105
8.278,0.13,0.1
8.28,0.145,0.1
8.282,0.135,0.095
8.284,0.165,0.095
8.286,0.15,0.1
8.288,0.195,0.11
8.29,0.165,0.12
8.292,0.16,0.125
8.294,0.165,0.135
8.296,0.16,0.135
8.298,0.15,0.135
8.3,0.165,0.13
8.302,0.165,0.125
8.304,0.19,0.115
8.306,0.155,0.11
8.308,0.14,0.1
8.31,0.105,0.095
8.312,0.125,0.09
8.314,0.105,0.085
8.316,0.11,0.08
8.318,0.14,0.075
8.32,0.125,0.06
8.322,0.105,0.05
8.324,0.105,0.035
8.326,0.03,0.015
8.328,-0.015,0.005
8.33,0.0,-0.01
8.332,0.06,-0.015
8.334,0.02,-0.02
8.336,-0.005,-0.02
8.338,0.035,-0.015
8.34,0.03,-0.015
8.342,0.015,-0.01
8.344,0.04,-0.01
8.346,0.05,-0.015
8.348,0.01,-0.015
8.35,0.025,-0.02
8.352,0.01,-0.025
8.354,0.01,-0.03
8.356,0.0,-0.035
8.358,0.0,-0.04
8.36,-0.01,-0.045
8.362,-0.03,-0.045
8.364,-0.045,-0.05
8.366,-0.04,-0.05
8.368,0.01,-0.05
8.37,0.045,-0.05
8.372,0.02,-0.05
8.374,-0.015,-0.05
8.376,-0.01,-0.05
8.378,-0.005,-0.045
8.38,0.005,-0.045
8.382,-0.025,-0.045
8.384,-0.02,-0.05
8.386,-0.01,-0.05
8.388,-0.04,-0.055
8.39,-0.03,-0.06
8.392,-0.005,-0.06
8.394,0.025,-0.06
8.396,-0.01,-0.055
8.398,-0.005,-0.05
8.4,0.01,-0.04
8.402,0.025,-0.035
8.404,0.02,-0.025
8.406,0.05,-0.02
8.408,0.03,-0.02
8.41,-0.02,-0.02
8.412,-0.01,-0.025
8.414,-0.025,-0.03
8.416,-0.025,-0.035
8.418,-0.01,-0.04
8.42,0.0,-0.045
8.422,0.005,-0.045
8.424,0.005,-0.045
8.426,-0.055,-0.045
8.428,-0.04,-0.045
8.43,0.01,-0.04
8.432,0.01,-0.04
8.434,0.025,-0.04
8.436,0.0,-0.045
8.438,0.0,-0.05
8.44,-0.025,-0.055
8.442,-0.025,-0.065
8.444,-0.005,-0.07
8.446,-0.05,-0.08
8.448,-0.115,-0.09
8.45,-0.085,-0.09
8.452,-0.035,-0.095
8.454,-0.015,-0.09
8.456,-0.025,-0.085
8.458,0.005,-0.075
8.46,-0.005,-0.06
8.462,0.0,-0.05
8.464,-0.025,-0.04
8.466,-0.01,-0.03
8.468,0.015,-0.03
8.47,-0.005,-0.025
8.472,-0.01,-0.025
8.474,0.0,-0.03
8.476,-0.005,-0.035
8.478,0.015,-0.04
8.48,0.04,-0.04
8.482,0.01,-0.045
8.484,-0.025,-0.045
8.486,-0.015,-0.045
8.488,-0.015,-0.045
8.49,-0.025,-0.045
8.492,-0.05,-0.045
8.494,-0.05,-0.05
8.496,-0.015,-0.055
8.498,-0.025,-0.055
8.5,-0.015,-0.06
8.502,-0.01,-0.06
8.504,-0.03,-0.06
8.506,-0.005,-0.06
8.508,-0.005,-0.055
8.51,-0.005,-0.055
8.512,-0.01,-0.05
8.514,-0.01,-0.05
8.516,-0.025,-0.05
8.518,-0.035,-0.05
8.52,-0.01,-0.055
8.522,-0.03,-0.055
8.524,-0.005,-0.06
8.526,0.005,-0.065
8.528,-0.02,-0.07
8.53,-0.075,-0.075
8.532,-0.065,-0.075
8.534,-0.08,-0.075
8.536,-0.02,-0.075
8.538,-0.035,-0.075
8.54,-0.035,-0.07
8.542,-0.1,-0.065
8.544,-0.115,-0.06
8.546,0.005,-0.05
8.548,0.055,-0.04
8.55,0.03,-0.03
8.552,0.045,-0.02
8.554,0.025,-0.015
8.556,0.04,-0.01
8.558,0.025,-0.005
8.56,0.01,-0.005
8.562,-0.02,-0.01
8.564,-0.015,-0.015
8.566,-0.01,-0.02
8.568,0.035,-0.025
8.57,0.01,-0.035
8.572,0.03,-0.035
8.574,0.035,-0.04
8.576,0.03,-0.035
8.578,0.02,-0.035
8.58,0.015,-0.025
8.582,0.005,-0.02
8.584,0.025,-0.015
8.586,0.04,-0.01
8.588,0.025,-0.01
8.59,-0.01,-0.01
8.592,-0.015,-0.015
8.594,-0.045,-0.02
8.596,0.0,-0.025
8.598,0.005,-0.03
8.6,-0.01,-0.035
8.602,-0.01,-0.04
8.604,0.0,-0.04
8.606,-0.005,-0.04
8.608,0.005,-0.04
8.61,0.0,-0.035
8.612,-0.01,-0.035
8.614,-0.03,-0.035
8.616,-0.005,-0.035
8.618,-0.03,-0.04
8.62,-0.045,-0.05
8.622,-0.015,-0.055
8.624,0.01,-0.06
8.626,-0.035,-0.07
8.628,-0.025,-0.07
8.63,-0.035,-0.07
8.632,-0.05,-0.07
8.634,-0.055,-0.07
8.636,-0.01,-0.065
8.638,-0.035,-0.06
8.64,-0.03,-0.06
8.642,0.0,-0.055
8.644,-0.025,-0.055
8.646,-0.01,-0.05
8.648,0.0,-0.05
8.65,-0.01,-0.045
8.652,-0.025,-0.04
8.654,-0.065,-0.04
8.656,-0.05,-0.035
8.658,-0.02,-0.04
8.66,0.0,-0.04
8.662,0.015,-0.045
8.664,-0.01,-0.055
8.666,-0.045,-0.06
8.668,-0.04,-0.065
8.67,-0.08,-0.07
8.672,-0.115,-0.075
8.674,-0.055,-0.075
8.676,0.005,-0.075
8.678,-0.045,-0.07
8.68,-0.05,-0.065
8.682,-0.005,-0.055
8.684,-0.025,-0.045
8.686,-0.025,-0.02
8.688,0.05,0.015
8.69,0.09,0.07
8.692,0.165,0.14
8.694,0.29,0.23
8.696,0.395,0.33
8.698,0.465,0.435
8.7,0.575,0.54
8.702,0.695,0.63
8.704,0.825,0.695
8.706,0.785,0.725
8.708,0.755,0.72
8.71,0.685,0.68
8.712,0.585,0.61
8.714,0.49,0.515
8.716,0.375,0.405
8.718,0.325,0.29
8.72,0.24,0.18
8.722,0.125,0.085
8.724,0.015,0.01
8.726,-0.1,-0.05
8.728,-0.125,-0.095
8.73,-0.12,-0.12
8.732,-0.145,-0.14
8.734,-0.16,-0.145
8.736,-0.14,-0.15
8.738,-0.11,-0.145
8.74,-0.1,-0.14
8.742,-0.075,-0.13
8.744,-0.1,-0.12
8.746,-0.05,-0.105
8.748,-0.055,-0.09
8.75,-0.07,-0.075
8.752,-0.065,-0.065
8.754,-0.025,-0.055
8.756,0.01,-0.045
8.758,0.005,-0.045
8.76,-0.015,-0.04
8.762,-0.045,-0.045
8.764,-0.03,-0.045
8.766,-0.02,-0.045
8.768,-0.045,-0.05
8.77,-0.045,-0.05
8.772,-0.07,-0.055
8.774,-0.03,-0.055
8.776,-0.01,-0.06
8.778,-0.015,-0.06
8.78,-0.03,-0.06
8.782,-0.005,-0.06
8.784,-0.08,-0.06
8.786,-0.075,-0.06
8.788,-0.03,-0.055
8.79,0.005,-0.055
8.792,-0.01,-0.05
8.794,-0.03,-0.045
8.796,-0.015,-0.045
8.798,0.0,-0.04
8.8,-0.015,-0.035
8.802,-0.04,-0.035
8.804,-0.06,-0.03
8.806,-0.025,-0.025
8.808,0.01,-0.025
8.81,0.01,-0.02
8.812,0.02,-0.02
8.814,0.005,-0.015
8.816,0.01,-0.015
8.818,-0.03,-0.015
8.82,0.015,-0.02
8.822,0.015,-0.025
8.824,-0.01,-0.025
8.826,-0.02,-0.03
8.828,-0.01,-0.035
8.83,-0.025,-0.035
8.832,-0.045,-0.035
8.834,-0.055,-0.035
8.836,-0.055,-0.035
8.838,-0.01,-0.035
8.84,-0.01,-0.03
8.842,-0.01,-0.03
8.844,-0.015,-0.025
8.846,0.015,-0.025
8.848,-0.005,-0.025
8.85,-0.03,-0.025
8.852,-0.05,-0.02
8.854,-0.02,-0.015
8.856,0.055,-0.005
8.858,0.035,0.0
8.86,0.02,0.01
8.862,0.015,0.02
8.864,0.05,0.025
8.866,0.06,0.025
8.868,0.045,0.025
8.87,0.03,0.02
8.872,0.005,0.015
8.874,0.0,0.005
8.876,0.025,0.005
8.878,0.055,0.0
8.88,0.045,0.005
8.882,0.05,0.01
8.884,0.025,0.015
8.886,0.045,0.025
8.888,0.055,0.035
8.89,0.075,0.04
8.892,0.085,0.045
8.894,0.06,0.05
8.896,0.055,0.055
8.898,0.075,0.055
8.9,0.08,0.06
8.902,0.095,0.06
8.904,0.095,0.065
8.906,0.07,0.07
8.908,0.085,0.075
8.91,0.13,0.075
8.912,0.13,0.075
8.914,0.03,0.07
8.916,0.0,0.07
8.918,0.055,0.07
8.92,0.115,0.07
8.922,0.16,0.07
8.924,0.135,0.08
8.926,0.105,0.085
8.928,0.095,0.1
8.93,0.125,0.11
8.932,0.145,0.115
8.934,0.125,0.12
8.936,0.1,0.115
8.938,0.09,0.105
8.94,0.07,0.09
8.942,0.09,0.075
8.944,0.12,0.06
8.946,0.075,0.045
8.948,0.04,0.03
8.95,0.015,0.02
8.952,0.04,0.015
8.954,0.025,0.015
8.956,-0.025,0.015
8.958,-0.02,0.01
8.96,0.005,0.01
8.962,0.02,0.005
8.964,0.01,0.0
8.966,0.015,-0.01
8.968,-0.01,-0.02
8.97,-0.045,-0.03
8.972,-0.045,-0.04
8.974,-0.04,-0.045
8.976,-0.015,-0.05
8.978,0.005,-0.05
8.98,0.02,-0.045
8.982,0.0,-0.04
8.984,-0.025,-0.035
8.986,-0.01,-0.025
8.988,0.005,-0.02
8.99,-0.03,-0.02
8.992,-0.03,-0.02
8.994,-0.03,-0.02
8.996,-0.035,-0.025
8.998,-0.035,-0.035
9.0,-0.04,-0.04
9.002,-0.065,-0.045
9.004,-0.03,-0.05
9.006,-0.035,-0.055
9.008,-0.035,-0.05
9.01,-0.005,-0.05
9.012,-0.01,-0.045
9.014,-0.04,-0.045
9.016,-0.05,-0.045
9.018,-0.05,-0.045
9.02,-0.05,-0.045
9.022,-0.035,-0.05
9.024,-0.045,-0.055
9.026,-0.025,-0.06
9.028,-0.02,-0.065
9.03,-0.01,-0.065
9.032,-0.055,-0.07
9.034,-0.07,-0.07
9.036,-0.09,-0.065
9.038,-0.065,-0.065
9.04,-0.045,-0.065
9.042,-0.055,-0.06
9.044,-0.065,-0.06
9.046,-0.085,-0.055
9.048,-0.04,-0.05
9.05,0.005,-0.045
9.052,-0.02,-0.045
9.054,-0.03,-0.04
9.056,-0.025,-0.035
9.058,-0.04,-0.03
9.06,-0.03,-0.03
9.062,-0.035,-0.03
9.064,-0.005,-0.03
9.066,-0.02,-0.03
9.068,-0.04,-0.035
9.07,-0.035,-0.035
9.072,-0.035,-0.04
9.074,-0.045,-0.04
9.076,-0.025,-0.045
9.078,-0.05,-0.045
9.08,-0.055,-0.05
9.082,-0.055,-0.05
9.084,-0.06,-0.055
9.086,-0.065,-0.055
9.088,-0.04,-0.055
9.09,-0.045,-0.05
9.092,-0.02,-0.05
9.094,-0.02,-0.045
9.096,-0.045,-0.04
9.098,-0.025,-0.035
9.1,-0.065,-0.035
9.102,-0.045,-0.035
9.104,-0.035,-0.04
9.106,-0.035,-0.045
9.108,-0.04,-0.05
9.11,-0.07,-0.055
9.112,-0.06,-0.055
9.114,-0.065,-0.055
9.116,-0.07,-0.05
9.118,-0.035,-0.05
9.12,-0.01,-0.045
9.122,-0.015,-0.045
9.124,-0.04,-0.05
9.126,-0.04,-0.055
9.128,-0.065,-0.06
9.13,-0.1,-0.07
9.132,-0.1,-0.08
9.134,-0.085,-0.085
9.136,-0.085,-0.085
9.138,-0.08,-0.085
9.14,-0.045,-0.08
9.142,-0.04,-0.07
9.144,-0.045,-0.06
9.146,-0.035,-0.05
9.148,-0.025,-0.045
9.15,-0.025,-0.04
9.152,-0.04,-0.04
9.154,-0.04,-0.045
9.156,-0.05,-0.05
9.158,-0.045,-0.055
9.16,-0.085,-0.06
9.162,-0.065,-0.065
9.164,-0.065,-0.07
9.166,-0.045,-0.07
9.168,-0.035,-0.07
9.17,-0.055,-0.065
9.172,-0.045,-0.065
9.174,-0.04,-0.06
9.176,-0.065,-0.055
9.178,-0.06,-0.055
9.18,-0.04,-0.055
9.182,-0.045,-0.05
9.184,-0.07,-0.055
9.186,-0.065,-0.06
9.188,-0.06,-0.065
9.19,-0.045,-0.07
9.192,-0.09,-0.075
9.194,-0.095,-0.08
9.196,-0.07,-0.08
9.198,-0.055,-0.08
9.2,-0.065,-0.075
9.202,-0.1,-0.07
9.204,-0.09,-0.065
9.206,-0.025,-0.055
9.208,-0.005,-0.05
9.21,-0.035,-0.045
9.212,-0.04,-0.045
9.214,-0.04,-0.05
9.216,-0.08,-0.055
9.218,-0.085,-0.06
9.22,-0.07,-0.065
9.222,-0.03,-0.07
9.224,-0.01,-0.07
9.226,-0.04,-0.065
9.228,-0.04,-0.055
9.23,-0.05,-0.05
9.232,-0.02,-0.04
9.234,-0.015,-0.035
9.236,-0.035,-0.025
9.238,-0.035,-0.025
9.24,-0.02,-0.025
9.242,-0.02,-0.025
9.244,-0.02,-0.025
9.246,-0.04,-0.025
9.248,-0.04,-0.025
9.25,-0.025,-0.025
9.252,-0.015,-0.025
9.254,-0.015,-0.02
9.256,-0.03,-0.015
9.258,-0.02,-0.01
9.26,-0.025,-0.005
9.262,-0.015,-0.005
9.264,0.035,0.0
9.266,0.02,0.0
9.268,0.015,0.0
9.27,0.015,0.0
9.272,0.0,-0.005
9.274,-0.065,-0.015
9.276,-0.06,-0.025
9.278,-0.06,-0.035
9.28,-0.065,-0.05
9.282,-0.075,-0.065
9.284,-0.07,-0.08
9.286,-0.095,-0.09
9.288,-0.15,-0.095
9.29,-0.115,-0.095
9.292,-0.04,-0.095
9.294,-0.05,-0.09
9.296,-0.125,-0.08
9.298,-0.105,-0.07
9.3,-0.02,-0.06
9.302,-0.01,-0.05
9.304,-0.005,-0.04
9.306,-0.03,-0.035
9.308,-0.01,-0.03
9.31,-0.035,-0.03
9.312,-0.075,-0.03
9.314,-0.09,-0.03
9.316,-0.1,-0.035
9.318,-0.065,-0.04
9.32,-0.04,-0.045
9.322,-0.025,-0.055
9.324,-0.04,-0.06
9.326,-0.035,-0.065
9.328,-0.035,-0.07
9.33,-0.08,-0.07
9.332,-0.09,-0.07
9.334,-0.08,-0.07
9.336,-0.055,-0.065
9.338,-0.07,-0.065
9.34,-0.08,-0.06
9.342,-0.055,-0.06
9.344,-0.055,-0.065
9.346,-0.095,-0.07
9.348,-0.095,-0.07
9.35,-0.105,-0.07
9.352,-0.11,-0.07
9.354,-0.08,-0.07
9.356,-0.04,-0.065
9.358,-0.04,-0.065
9.36,-0.045,-0.06
9.362,-0.05,-0.06
9.364,-0.05,-0.06
9.366,-0.04,-0.06
9.368,-0.08,-0.05
9.37,-0.02,-0.03
9.372,0.01,0.005
9.374,0.02,0.06
9.376,0.09,0.13
9.378,0.265,0.22
9.38,0.4,0.315
9.382,0.425,0.41
9.384,0.515,0.495
9.386,0.625,0.565
9.388,0.68,0.605
9.39,0.63,0.615
9.392,0.625,0.6
9.394,0.515,0.55
9.396,0.445,0.485
9.398,0.335,0.4
9.4,0.275,0.31
9.402,0.23,0.22
9.404,0.19,0.135
9.406,0.065,0.06
9.408,-0.075,-0.005
9.41,-0.14,-0.06
9.412,-0.155,-0.105
9.414,-0.175,-0.135
9.416,-0.185,-0.16
9.418,-0.205,-0.175
9.42,-0.215,-0.18
9.422,-0.16,-0.175
9.424,-0.125,-0.165
9.426,-0.1,-0.14
9.428,-0.11,-0.115
9.43,-0.065,-0.085
9.432,-0.045,-0.06
9.434,-0.025,-0.035
9.436,-0.005,-0.025
9.438,-0.035,-0.015
9.44,-0.05,-0.02
9.442,-0.05,-0.03
9.444,-0.08,-0.045
9.446,-0.09,-0.065
9.448,-0.12,-0.075
9.45,-0.125,-0.085
9.452,-0.085,-0.09
9.454,-0.03,-0.085
9.456,-0.005,-0.075
9.458,-0.035,-0.06
9.46,-0.025,-0.045
9.462,-0.025,-0.03
9.464,-0.025,-0.015
9.466,-0.04,-0.005
9.468,-0.045,0.0
9.47,-0.01,0.005
9.472,-0.005,0.005
9.474,-0.005,0.0
9.476,-0.005,-0.005
9.478,-0.015,-0.015
9.48,-0.015,-0.025
9.482,-0.03,-0.04
9.484,-0.08,-0.05
9.486,-0.095,-0.06
9.488,-0.075,-0.065
9.49,-0.055,-0.06
9.492,-0.095,-0.055
9.494,-0.03,-0.045
9.496,0.025,-0.035
9.498,0.015,-0.02
9.5,0.02,-0.005
9.502,0.02,0.0
9.504,-0.005,0.005
9.506,-0.045,0.0
9.508,-0.05,-0.005
9.51,-0.065,-0.015
9.512,-0.02,-0.025
9.514,0.03,-0.03
9.516,0.005,-0.03
9.518,-0.03,-0.025
9.52,0.0,-0.02
9.522,0.02,-0.01
9.524,-0.01,0.0
9.526,-0.015,0.005
9.528,-0.035,0.01
9.53,-0.04,0.01
9.532,-0.025,0.005
9.534,-0.015,0.0
9.536,0.015,-0.005
9.538,0.04,-0.005
9.54,0.02,-0.005
9.542,0.03,0.0
9.544,0.05,0.01
9.546,0.045,0.025
9.548,0.06,0.035
9.55,0.055,0.045
9.552,0.01,0.055
9.554,0.005,0.055
9.556,0.04,0.055
9.558,0.055,0.055
9.56,0.05,0.05
9.562,0.06,0.045
9.564,0.085,0.045
9.566,0.065,0.05
9.568,0.085,0.06
9.57,0.08,0.07
9.572,0.105,0.085
9.574,0.08,0.095
9.576,0.09,0.105
9.578,0.125,0.115
9.58,0.105,0.115
9.582,0.11,0.115
9.584,0.125,0.11
9.586,0.095,0.1
9.588,0.1,0.095
9.59,0.11,0.09
9.592,0.12,0.09
9.594,0.115,0.095
9.596,0.125,0.105
9.598,0.11,0.12
9.6,0.165,0.135
9.602,0.165,0.15
9.604,0.15,0.16
9.606,0.16,0.165
9.608,0.16,0.165
9.61,0.155,0.16
9.612,0.15,0.155
9.614,0.145,0.145
9.616,0.14,0.135
9.618,0.09,0.13
9.62,0.06,0.125
9.622,0.11,0.125
9.624,0.195,0.13
9.626,0.175,0.13
9.628,0.15,0.135
9.63,0.12,0.135
9.632,0.085,0.13
9.634,0.105,0.12
9.636,0.105,0.105
9.638,0.045,0.09
9.64,0.05,0.07
9.642,0.035,0.05
9.644,0.035,0.035
9.646,0.055,0.025
9.648,0.02,0.015
9.65,0.005,0.01
9.652,0.01,0.01
9.654,0.02,0.015
9.656,0.055,0.015
9.658,0.05,0.02
9.66,-0.01,0.02
9.662,0.01,0.02
9.664,0.005,0.015
9.666,0.01,0.01
9.668,0.025,0.0
9.67,-0.005,-0.005
9.672,-0.005,-0.01
9.674,0.01,-0.015
9.676,-0.03,-0.02
9.678,-0.015,-0.015
9.68,-0.01,-0.015
9.682,0.02,-0.01
9.684,0.0,-0.005
9.686,0.02,0.0
9.688,0.015,0.0
9.69,0.01,0.0
9.692,0.01,0.0
9.694,0.0,0.0
9.696,0.005,-0.005
9.698,0.01,-0.01
9.7,0.01,-0.015
9.702,-0.025,-0.02
9.704,-0.06,-0.025
9.706,-0.06,-0.03
9.708,-0.015,-0.03
9.71,-0.025,-0.035
9.712,0.0,-0.035
9.714,-0.01,-0.035
9.716,-0.01,-0.03
9.718,0.005,-0.03
9.72,0.0,-0.03
9.722,-0.005,-0.025
9.724,-0.025,-0.02
9.726,-0.005,-0.015
9.728,-0.005,-0.015
9.73,0.0,-0.015
9.732,0.025,-0.015
9.734,0.015,-0.02
9.736,-0.045,-0.025
9.738,-0.04,-0.03
9.74,-0.025,-0.035
9.742,-0.015,-0.04
9.744,0.005,-0.04
9.746,0.03,-0.035
9.748,-0.015,-0.025
9.75,-0.03,-0.015
9.752,-0.035,-0.005
9.754,0.06,0.005
9.756,0.065,0.01
9.758,0.04,0.01
9.76,-0.005,0.01
9.762,-0.025,0.01
9.764,-0.05,0.0
9.766,-0.05,-0.005
9.768,-0.005,-0.005
9.77,-0.005,-0.01
9.772,0.04,-0.01
9.774,0.05,-0.01
9.776,0.02,-0.01
9.778,-0.015,-0.01
9.78,-0.01,-0.015
9.782,-0.05,-0.02
9.784,-0.045,-0.025
9.786,-0.105,-0.025
9.788,0.01,-0.03
9.79,0.035,-0.025
9.792,-0.005,-0.02
9.794,0.015,-0.01
9.796,0.06,0.0
9.798,0.025,0.01
9.8,0.015,0.015
9.802,-0.005,0.015
9.804,-0.015,0.01
9.806,-0.03,0.0
9.808,-0.045,-0.01
9.81,-0.045,-0.02
9.812,-0.01,-0.025
9.814,0.025,-0.03
9.816,0.03,-0.035
9.818,0.01,-0.03
9.82,0.01,-0.025
9.822,-0.005,-0.015
9.824,-0.015,-0.01
9.826,-0.005,-0.005
9.828,-0.005,-0.005
9.83,0.01,-0.005
9.832,-0.005,-0.01
9.834,0.01,-0.015
9.836,0.015,-0.02
9.838,-0.005,-0.025
9.84,-0.01,-0.025
9.842,-0.015,-0.025
9.844,-0.02,-0.025
9.846,-0.045,-0.02
9.848,-0.02,-0.02
9.85,-0.01,-0.015
9.852,-0.025,-0.01
9.854,0.02,-0.005
9.856,0.065,-0.005
9.858,0.045,0.0
9.86,0.02,0.0
9.862,-0.02,0.0
9.864,-0.06,0.0
9.866,-0.04,-0.005
9.868,0.01,-0.01
9.87,0.02,-0.01
9.872,0.045,-0.01
9.874,0.085,-0.005
9.876,0.045,0.0
9.878,0.025,0.01
9.88,0.03,0.02
9.882,0.05,0.03
9.884,0.07,0.04
9.886,0.045,0.045
9.888,0.05,0.04
9.89,0.025,0.03
9.892,0.02,0.015
9.894,0.04,0.0
9.896,0.005,-0.02
9.898,-0.045,-0.04
9.9,-0.04,-0.055
9.902,-0.035,-0.06
9.904,-0.025,-0.065
9.906,-0.02,-0.065
9.908,-0.03,-0.06
9.91,-0.055,-0.05
9.912,-0.045,-0.045
9.914,-0.035,-0.045
9.916,-0.015,-0.045
9.918,-0.015,-0.045
9.92,-0.03,-0.045
9.922,-0.025,-0.04
9.924,-0.005,-0.04
9.926,-0.005,-0.035
9.928,-0.01,-0.025
9.93,0.02,-0.015
9.932,0.01,-0.01
9.934,0.025,-0.005
9.936,0.025,-0.005
9.938,0.01,-0.005
9.94,0.0,-0.015
9.942,0.005,-0.02
9.944,-0.04,-0.03
9.946,-0.055,-0.035
9.948,-0.03,-0.04
9.95,-0.005,-0.04
9.952,0.005,-0.04
9.954,-0.01,-0.035
9.956,-0.04,-0.035
9.958,-0.015,-0.035
9.96,0.0,-0.04
9.962,0.015,-0.045
9.964,-0.065,-0.055
9.966,-0.085,-0.06
9.968,-0.02,-0.065
9.97,-0.02,-0.065
9.972,-0.005,-0.055
9.974,-0.02,-0.045
9.976,-0.01,-0.035
9.978,-0.03,-0.025
9.98,0.01,-0.02
9.982,0.0,-0.02
9.984,-0.04,-0.025
9.986,-0.035,-0.035
9.988,-0.035,-0.04
9.99,0.02,-0.035
9.992,0.04,-0.015
9.994,0.045,0.025
9.996,0.055,0.08
9.998,0.135,0.15
10.0,0.3,0.23
10.002,0.385,0.315
10.004,0.47,0.39
10.006,0.505,0.455
10.008,0.58,0.49
10.01,0.515,0.505
10.012,0.5,0.485
10.014,0.515,0.445
10.016,0.39,0.385
10.018,0.285,0.305
10.02,0.205,0.22
10.022,0.145,0.14
10.024,0.08,0.06
10.026,0.01,-0.01
10.028,-0.085,-0.07
10.03,-0.16,-0.115
10.032,-0.16,-0.145
10.034,-0.165,-0.165
10.036,-0.15,-0.175
10.038,-0.16,-0.18
10.04,-0.13,-0.175
10.042,-0.1,-0.17
10.044,-0.13,-0.16
10.046,-0.105,-0.15
10.048,-0.11,-0.135
10.05,-0.135,-0.12
10.052,-0.105,-0.1
10.054,-0.01,-0.085
10.056,0.01,-0.07
10.058,-0.035,-0.055
10.06,-0.05,-0.045
10.062,-0.015,-0.035
10.064,0.01,-0.03
10.066,0.0,-0.025
10.068,-0.01,-0.025
10.07,-0.02,-0.03
10.072,-0.02,-0.03
10.074,-0.005,-0.03
10.076,0.0,-0.035
10.078,0.025,-0.03
10.08,0.02,-0.03
10.082,-0.015,-0.03
10.084,-0.02,-0.025
10.086,0.0,-0.025
10.088,-0.01,-0.025
10.09,0.005,-0.025
10.092,0.02,-0.03
10.094,0.0,-0.03
10.096,0.025,-0.035
10.098,0.03,-0.035
10.1,-0.02,-0.035
10.102,-0.005,-0.035
10.104,-0.005,-0.035
10.106,-0.03,-0.035
10.108,-0.04,-0.035
10.11,-0.01,-0.035
10.112,0.015,-0.035
10.114,0.0,-0.035
10.116,-0.01,-0.035
10.118,0.025,-0.035
10.12,-0.03,-0.035
10.122,-0.01,-0.03
10.124,0.01,-0.025
10.126,0.045,-0.015
10.128,0.055,0.0
10.13,0.055,0.01
10.132,0.03,0.015
10.134,0.05,0.02
10.136,0.065,0.02
10.138,0.04,0.02
10.14,0.01,0.01
10.142,-0.02,0.005
10.144,0.03,-0.005
10.146,0.05,-0.01
10.148,0.04,-0.015
10.15,0.045,-0.01
10.152,0.04,-0.01
10.154,0.025,-0.005
10.156,0.025,0.0
10.158,0.045,0.005
10.16,0.07,0.01
10.162,0.06,0.01
10.164,0.01,0.01
10.166,0.015,0.005
10.168,0.03,0.005
10.17,0.065,0.01
10.172,0.095,0.015
10.174,0.075,0.025
10.176,0.05,0.035
10.178,0.08,0.045
10.18,0.095,0.06
10.182,0.105,0.07
10.184,0.135,0.075
10.186,0.11,0.08
10.188,0.09,0.08
10.19,0.11,0.075
10.192,0.125,0.065
10.194,0.125,0.06
10.196,0.125,0.06
10.198,0.125,0.06
10.2,0.13,0.065
10.202,0.12,0.075
10.204,0.13,0.085
10.206,0.14,0.1
10.208,0.115,0.11
10.21,0.16,0.12
10.212,0.155,0.125
10.214,0.16,0.125
10.216,0.135,0.125
10.218,0.165,0.12
10.22,0.185,0.12
10.222,0.165,0.12
10.224,0.175,0.125
10.226,0.2,0.13
10.228,0.205,0.135
10.23,0.165,0.14
10.232,0.17,0.145
10.234,0.15,0.14
10.236,0.125,0.135
10.238,0.15,0.125
10.24,0.125,0.115
10.242,0.125,0.1
10.244,0.165,0.095
10.246,0.145,0.09
10.248,0.15,0.085
10.25,0.12,0.085
10.252,0.09,0.09
10.254,0.11,0.09
10.256,0.09,0.085
10.258,0.08,0.08
10.26,0.095,0.07
10.262,0.075,0.055
10.264,0.055,0.035
10.266,0.04,0.02
10.268,0.025,0.005
10.27,0.05,-0.01
10.272,0.025,-0.015
10.274,0.005,-0.025
10.276,-0.015,-0.03
10.278,-0.02,-0.03
10.28,-0.03,-0.035
10.282,-0.03,-0.035
10.284,0.02,-0.035
10.286,0.03,-0.04
10.288,-0.005,-0.045
10.29,0.005,-0.045
10.292,-0.01,-0.05
10.294,-0.085,-0.055
10.296,-0.045,-0.055
10.298,0.005,-0.06
10.3,0.02,-0.065
10.302,-0.005,-0.065
10.304,-0.025,-0.065
10.306,-0.035,-0.065
10.308,-0.03,-0.06
10.31,-0.05,-0.055
10.312,0.0,-0.05
10.314,0.01,-0.04
10.316,0.01,-0.035
10.318,-0.005,-0.03
10.32,-0.01,-0.03
10.322,0.01,-0.03
10.324,0.005,-0.035
10.326,-0.025,-0.04
10.328,-0.035,-0.05
10.33,-0.035,-0.055
10.332,-0.085,-0.065
10.334,-0.015,-0.07
10.336,-0.015,-0.075
10.338,-0.065,-0.08
10.34,-0.045,-0.085
10.342,-0.015,-0.085
10.344,0.0,-0.085
10.346,0.005,-0.08
10.348,0.0,-0.075
10.35,-0.015,-0.07
10.352,-0.015,-0.06
10.354,-0.04,-0.05
10.356,-0.035,-0.045
10.358,0.02,-0.04
10.36,-0.005,-0.04
10.362,-0.03,-0.045
10.364,-0.025,-0.05
10.366,-0.045,-0.055
10.368,-0.055,-0.06
10.37,-0.01,-0.065
10.372,0.005,-0.065
10.374,-0.005,-0.06
10.376,-0.02,-0.055
10.378,-0.04,-0.05
10.38,-0.065,-0.045
10.382,-0.02,-0.04
10.384,0.035,-0.04
10.386,0.025,-0.04
10.388,-0.02,-0.045
10.39,-0.005,-0.05
10.392,-0.02,-0.055
10.394,-0.025,-0.06
10.396,0.01,-0.06
10.398,0.025,-0.06
10.4,-0.01,-0.055
10.402,-0.04,-0.05
10.404,-0.065,-0.045
10.406,-0.045,-0.045
10.408,-0.03,-0.045
10.41,-0.025,-0.05
10.412,-0.02,-0.05
10.414,0.01,-0.05
10.416,0.015,-0.05
10.418,0.035,-0.05
10.42,0.03,-0.045
10.422,-0.025,-0.04
10.424,-0.015,-0.035
10.426,0.005,-0.035
10.428,-0.005,-0.035
10.43,-0.005,-0.035
10.432,-0.01,-0.04
10.434,-0.055,-0.04
10.436,-0.02,-0.045
10.438,-0.01,-0.045
10.44,-0.01,-0.045
10.442,0.02,-0.045
10.444,0.01,-0.045
10.446,0.015,-0.04
10.448,0.0,-0.04
10.45,0.005,-0.045
10.452,-0.04,-0.05
10.454,-0.03,-0.055
10.456,-0.02,-0.06
10.458,-0.045,-0.06
10.46,-0.035,-0.065
10.462,0.0,-0.06
10.464,0.01,-0.06
10.466,-0.02,-0.06
10.468,-0.045,-0.055
10.47,-0.025,-0.055
10.472,-0.02,-0.055
10.474,-0.015,-0.06
10.476,-0.035,-0.065
10.478,-0.02,-0.07
10.48,-0.045,-0.07
10.482,-0.065,-0.075
10.484,-0.045,-0.07
10.486,-0.005,-0.07
10.488,0.005,-0.065
10.49,0.005,-0.065
10.492,-0.03,-0.065
10.494,-0.02,-0.07
10.496,-0.02,-0.07
10.498,-0.07,-0.075
10.5,-0.085,-0.075
10.502,-0.07,-0.075
10.504,-0.065,-0.065
10.506,0.035,-0.055
10.508,0.055,-0.045
10.51,0.04,-0.025
10.512,0.04,-0.01
10.514,0.065,0.0
10.516,0.075,0.01
10.518,0.035,0.015
10.52,0.035,0.015
10.522,0.035,0.01
10.524,0.03,0.0
10.526,0.03,-0.005
10.528,0.055,-0.015
10.53,0.015,-0.02
10.532,-0.03,-0.02
10.534,0.02,-0.015
10.536,0.04,-0.005
10.538,0.085,0.0
10.54,0.07,0.01
10.542,0.05,0.015
10.544,0.025,0.02
10.546,0.045,0.015
10.548,0.035,0.005
10.55,-0.01,-0.005
10.552,-0.025,-0.02
10.554,-0.035,-0.035
10.556,-0.04,-0.05
10.558,0.005,-0.06
10.56,0.02,-0.065
10.562,-0.02,-0.065
10.564,-0.06,-0.06
10.566,-0.035,-0.05
10.568,-0.005,-0.04
10.57,-0.005,-0.03
10.572,0.02,-0.025
10.574,0.02,-0.02
10.576,0.01,-0.02
10.578,0.03,-0.02
10.58,0.005,-0.025
10.582,0.025,-0.03
10.584,0.01,-0.035
10.586,0.01,-0.035
10.588,-0.04,-0.04
10.59,-0.06,-0.045
10.592,-0.025,-0.05
10.594,0.01,-0.06
10.596,0.01,-0.065
10.598,-0.04,-0.07
10.6,-0.035,-0.075
10.602,-0.02,-0.075
10.604,-0.055,-0.07
10.606,-0.045,-0.065
10.608,0.0,-0.06
10.61,0.02,-0.05
10.612,-0.005,-0.04
10.614,-0.02,-0.035
10.616,0.0,-0.03
10.618,0.025,-0.025
10.62,0.015,-0.025
10.622,0.005,-0.025
10.624,0.0,-0.025
10.626,-0.04,-0.025
10.628,-0.045,-0.025
10.63,0.0,-0.025
10.632,0.0,-0.03
10.634,0.015,-0.035
10.636,-0.005,-0.04
10.638,0.005,-0.05
10.64,-0.03,-0.055
10.642,-0.025,-0.055
10.644,-0.005,-0.045
10.646,0.025,-0.02
10.648,0.055,0.025
10.65,0.12,0.085
10.652,0.205,0.165
10.654,0.31,0.255
10.656,0.39,0.35
10.658,0.52,0.44
10.66,0.58,0.52
10.662,0.685,0.58
10.664,0.715,0.62
10.666,0.635,0.635
10.668,0.67,0.625
10.67,0.675,0.59
10.672,0.565,0.535
10.674,0.45,0.46
10.676,0.395,0.38
10.678,0.325,0.29
10.68,0.25,0.195
10.682,0.095,0.11
10.684,-0.02,0.025
10.686,-0.09,-0.045
10.688,-0.12,-0.105
10.69,-0.125,-0.15
10.692,-0.11,-0.18
10.694,-0.145,-0.19
10.696,-0.15,-0.185
10.698,-0.12,-0.175
10.7,-0.11,-0.15
10.702,-0.09,-0.125
10.704,-0.06,-0.1
10.706,-0.02,-0.07
10.708,0.01,-0.05
10.71,0.04,-0.035
10.712,0.015,-0.025
10.714,-0.01,-0.025
10.716,-0.025,-0.025
10.718,-0.015,-0.025
10.72,-0.005,-0.03
10.722,-0.02,-0.04
10.724,-0.03,-0.045
10.726,-0.055,-0.05
10.728,-0.02,-0.055
10.73,0.005,-0.06
10.732,0.0,-0.06
10.734,-0.055,-0.06
10.736,-0.04,-0.06
10.738,-0.02,-0.06
10.74,-0.005,-0.055
10.742,0.005,-0.05
10.744,-0.025,-0.045
10.746,-0.05,-0.045
10.748,-0.01,-0.04
10.75,0.005,-0.04
10.752,-0.02,-0.045
10.754,-0.03,-0.045
10.756,-0.02,-0.05
10.758,0.01,-0.05
10.76,-0.08,-0.05
10.762,-0.01,-0.045
10.764,0.045,-0.04
10.766,0.015,-0.03
10.768,0.015,-0.025
10.77,0.02,-0.015
10.772,0.02,-0.015
10.774,0.01,-0.015
10.776,-0.02,-0.015
10.778,-0.015,-0.02
10.78,0.015,-0.03
10.782,-0.02,-0.035
10.784,-0.02,-0.04
10.786,-0.03,-0.04
10.788,-0.025,-0.04
10.79,0.005,-0.04
10.792,0.02,-0.035
10.794,0.025,-0.03
10.796,-0.02,-0.02
10.798,-0.01,-0.015
10.8,0.005,-0.015
10.802,0.03,-0.01
10.804,0.03,-0.005
10.806,0.045,-0.005
10.808,0.03,0.0
10.81,0.0,0.0
10.812,-0.03,0.0
10.814,0.005,0.005
10.816,0.025,0.005
10.818,0.05,0.005
10.82,0.03,0.01
10.822,0.03,0.01
10.824,0.035,0.015
10.826,0.06,0.02
10.828,0.08,0.02
10.83,0.08,0.025
10.832,0.05,0.025
10.834,0.045,0.025
10.836,0.045,0.02
10.838,0.04,0.02
10.84,0.0,0.015
10.842,0.0,0.015
10.844,0.03,0.015
10.846,0.075,0.02
10.848,0.085,0.03
10.85,0.09,0.04
10.852,0.115,0.055
10.854,0.11,0.07
10.856,0.105,0.08
10.858,0.12,0.09
10.86,0.11,0.095
10.862,0.11,0.1
10.864,0.085,0.095
10.866,0.1,0.09
10.868,0.115,0.08
10.87,0.14,0.075
10.872,0.115,0.07
10.874,0.105,0.065
10.876,0.09,0.07
10.878,0.105,0.075
10.88,0.12,0.08
10.882,0.115,0.09
10.884,0.105,0.095
10.886,0.08,0.105
10.888,0.1,0.11
10.89,0.13,0.11
10.892,0.145,0.11
10.894,0.13,0.105
10.896,0.1,0.1
10.898,0.115,0.095
10.9,0.155,0.09
10.902,0.1,0.08
10.904,0.03,0.07
10.906,0.065,0.065
10.908,0.085,0.06
10.91,0.085,0.05
10.912,0.055,0.045
10.914,0.015,0.04
10.916,0.045,0.03
10.918,0.03,0.025
10.92,0.04,0.02
10.922,0.045,0.02
10.924,0.01,0.015
10.926,0.005,0.01
10.928,0.005,0.01
10.93,0.04,0.005
10.932,0.02,0.0
10.934,-0.005,-0.005
10.936,-0.015,-0.015
10.938,-0.015,-0.02
10.94,-0.025,-0.025
10.942,-0.04,-0.035
10.944,-0.03,-0.035
10.946,-0.05,-0.035
10.948,-0.035,-0.035
10.95,0.03,-0.03
10.952,0.02,-0.03
10.954,0.005,-0.025
10.956,-0.02,-0.02
10.958,-0.04,-0.015
10.96,-0.025,-0.015
10.962,0.005,-0.015
10.964,-0.01,-0.02
10.966,-0.035,-0.02
10.968,0.01,-0.025
10.97,-0.005,-0.03
10.972,-0.02,-0.035
10.974,-0.035,-0.035
10.976,-0.07,-0.04
10.978,-0.04,-0.045
10.98,-0.02,-0.045
10.982,-0.01,-0.05
10.984,-0.05,-0.05
10.986,-0.05,-0.05
10.988,-0.035,-0.05
10.99,-0.01,-0.045
10.992,-0.02,-0.045
10.994,-0.025,-0.04
10.996,0.005,-0.035
10.998,-0.025,-0.03
11.0,-0.045,-0.025
11.002,-0.03,-0.02
11.004,-0.03,-0.02
11.006,-0.055,-0.02
11.008,-0.065,-0.025
11.01,0.005,-0.03
11.012,0.005,-0.035
11.014,-0.015,-0.035
11.016,-0.02,-0.04
11.018,-0.055,-0.045
11.02,-0.05,-0.045
11.022,-0.025,-0.045
11.024,-0.045,-0.045
11.026,-0.045,-0.04
11.028,-0.025,-0.035
11.03,0.02,-0.035
11.032,0.0,-0.03
11.034,-0.035,-0.03
11.036,-0.025,-0.03
11.038,-0.07,-0.035
11.04,-0.06,-0.04
11.042,-0.04,-0.045
11.044,-0.045,-0.045
11.046,-0.01,-0.05
11.048,-0.01,-0.05
11.05,-0.04,-0.045
11.052,-0.08,-0.04
11.054,-0.065,-0.035
11.056,-0.05,-0.03
11.058,0.015,-0.025
11.06,-0.005,-0.025
11.062,-0.02,-0.025
11.064,-0.035,-0.03
11.066,-0.05,-0.035
11.068,-0.065,-0.04
11.07,-0.075,-0.045
11.072,-0.055,-0.055
11.074,-0.025,-0.055
11.076,-0.025,-0.06
11.078,-0.055,-0.055
11.08,-0.04,-0.055
11.082,-0.025,-0.05
11.084,-0.02,-0.04
11.086,-0.02,-0.035
11.088,-0.045,-0.03
11.09,-0.04,-0.03
11.092,-0.02,-0.03
11.094,-0.035,-0.03
11.096,-0.035,-0.03
11.098,-0.055,-0.03
11.1,-0.065,-0.03
11.102,-0.04,-0.03
11.104,-0.07,-0.025
11.106,0.0,-0.025
11.108,0.005,-0.015
11.11,0.005,-0.01
11.112,0.0,-0.01
11.114,-0.015,-0.005
11.116,-0.03,-0.005
11.118,-0.025,-0.01
11.12,-0.055,-0.015
11.122,-0.05,-0.025
11.124,-0.02,-0.035
11.126,-0.03,-0.045
11.128,-0.08,-0.055
11.13,-0.065,-0.065
11.132,-0.04,-0.07
11.134,-0.035,-0.07
11.136,-0.035,-0.075
11.138,-0.09,-0.07
11.14,-0.06,-0.065
11.142,-0.06,-0.06
11.144,-0.06,-0.055
11.146,-0.09,-0.055
11.148,-0.07,-0.05
11.15,-0.005,-0.05
11.152,-0.035,-0.05
11.154,-0.05,-0.055
11.156,-0.065,-0.06
11.158,-0.085,-0.065
11.16,-0.095,-0.07
11.162,-0.075,-0.07
11.164,-0.08,-0.07
11.166,-0.06,-0.07
11.168,-0.04,-0.065
11.17,-0.035,-0.06
11.172,-0.005,-0.055
11.174,-0.04,-0.05
11.176,-0.075,-0.05
11.178,-0.095,-0.045
11.18,-0.085,-0.045
11.182,-0.055,-0.045
11.184,-0.025,-0.045
11.186,-0.03,-0.045
11.188,-0.02,-0.045
11.19,-0.005,-0.04
11.192,0.02,-0.035
11.194,-0.005,-0.025
11.196,-0.025,-0.02
11.198,-0.04,-0.02
11.2,-0.055,-0.02
11.202,-0.05,-0.025
11.204,-0.055,-0.03
11.206,-0.075,-0.04
11.208,-0.09,-0.045
11.21,-0.055,-0.05
11.212,-0.005,-0.05
11.214,-0.025,-0.045
11.216,-0.04,-0.035
11.218,-0.05,-0.025
11.22,-0.03,-0.01
11.222,0.01,0.0
11.224,0.02,0.01
11.226,0.015,0.015
11.228,0.0,0.015
11.23,-0.005,0.015
11.232,-0.015,0.01
11.234,-0.04,0.005
11.236,-0.015,0.005
11.238,0.025,0.0
11.24,-0.02,0.0
11.242,0.015,0.005
11.244,0.02,0.005
11.246,-0.015,0.0
11.248,-0.02,0.0
11.25,-0.06,-0.005
11.252,-0.04,-0.015
11.254,0.0,-0.02
11.256,-0.015,-0.03
11.258,-0.075,-0.035
11.26,-0.08,-0.04
11.262,-0.09,-0.045
11.264,-0.07,-0.045
11.266,-0.025,-0.04
11.268,-0.02,-0.04
11.27,-0.075,-0.035
11.272,-0.08,-0.035
11.274,-0.03,-0.03
11.276,-0.045,-0.03
11.278,-0.065,-0.03
11.28,-0.085,-0.03
11.282,-0.075,-0.03
11.284,0.0,-0.03
11.286,0.005,-0.025
11.288,-0.03,-0.025
11.29,-0.06,-0.025
11.292,-0.045,-0.025
11.294,-0.075,-0.025
11.296,-0.055,-0.03
11.298,-0.05,-0.035
11.3,-0.065,-0.04
11.302,-0.055,-0.045
11.304,-0.035,-0.045
11.306,-0.045,-0.05
11.308,-0.04,-0.05
11.31,-0.06,-0.055
11.312,-0.065,-0.055
11.314,-0.08,-0.055
11.316,-0.075,-0.055
11.318,-0.085,-0.06
11.32,-0.06,-0.06
11.322,-0.05,-0.06
11.324,-0.055,-0.06
11.326,-0.085,-0.055
11.328,-0.075,-0.05
11.33,-0.08,-0.045
11.332,-0.07,-0.045
11.334,-0.065,-0.045
11.336,-0.05,-0.05
11.338,-0.08,-0.06
11.34,-0.115,-0.075
11.342,-0.115,-0.085
11.344,-0.08,-0.085
11.346,-0.05,-0.075
11.348,-0.03,-0.045
11.35,0.025,0.005
11.352,0.025,0.08
11.354,0.07,0.17
11.356,0.275,0.28
11.358,0.435,0.395
11.36,0.54,0.5
11.362,0.595,0.595
11.364,0.71,0.67
11.366,0.8,0.715
11.368,0.75,0.725
11.37,0.685,0.705
11.372,0.59,0.655
11.374,0.495,0.58
11.376,0.405,0.485
11.378,0.35,0.38
11.38,0.28,0.27
11.382,0.175,0.16
11.384,0.02,0.065
11.386,-0.11,-0.02
11.388,-0.135,-0.085
11.39,-0.17,-0.13
11.392,-0.205,-0.16
11.394,-0.215,-0.17
11.396,-0.195,-0.165
11.398,-0.185,-0.155
11.4,-0.135,-0.135
11.402,-0.115,-0.115
11.404,-0.125,-0.095
11.406,-0.085,-0.08
11.408,-0.045,-0.065
11.41,-0.065,-0.055
11.412,-0.07,-0.05
11.414,-0.085,-0.045
11.416,-0.1,-0.045
11.418,-0.115,-0.04
11.42,-0.12,-0.04
11.422,-0.04,-0.04
11.424,0.01,-0.045
11.426,-0.045,-0.05
11.428,-0.055,-0.06
11.43,-0.085,-0.065
11.432,-0.125,-0.075
11.434,-0.135,-0.08
11.436,-0.19,-0.08
11.438,-0.13,-0.08
11.44,-0.065,-0.07
11.442,-0.03,-0.06
11.444,-0.015,-0.05
11.446,-0.045,-0.035
11.448,-0.07,-0.02
11.45,-0.025,-0.01
11.452,-0.005,-0.005
11.454,-0.005,0.0
11.456,0.01,0.0
11.458,-0.005,-0.005
11.46,-0.06,-0.01
11.462,-0.045,-0.01
11.464,-0.065,-0.015
11.466,-0.02,-0.015
11.468,-0.02,-0.015
11.47,-0.02,-0.015
11.472,-0.045,-0.015
11.474,-0.06,-0.02
11.476,-0.045,-0.025
11.478,-0.02,-0.03
11.48,-0.035,-0.035
11.482,-0.09,-0.04
11.484,-0.08,-0.045
11.486,-0.04,-0.045
11.488,-0.02,-0.04
11.49,-0.055,-0.035
11.492,-0.05,-0.03
11.494,-0.035,-0.02
11.496,-0.005,-0.015
11.498,-0.015,-0.01
11.5,-0.045,-0.005
11.502,-0.025,-0.005
11.504,-0.01,-0.005
11.506,-0.05,-0.005
11.508,-0.055,-0.005
11.51,-0.055,-0.005
11.512,-0.035,0.0
11.514,0.035,0.005
11.516,0.01,0.01
11.518,0.005,0.015
11.52,-0.02,0.02
11.522,-0.03,0.02
11.524,0.005,0.02
11.526,-0.005,0.02
11.528,0.01,0.015
11.53,0.025,0.02
11.532,0.015,0.02
11.534,0.005,0.03
11.536,-0.025,0.04
11.538,0.0,0.05
11.54,0.065,0.06
11.542,0.055,0.065
11.544,0.05,0.07
11.546,0.025,0.075
11.548,0.015,0.075
11.55,0.03,0.075
11.552,0.12,0.075
11.554,0.08,0.075
11.556,0.05,0.075
11.558,0.07,0.075
11.56,0.07,0.08
11.562,0.09,0.09
11.564,0.055,0.095
11.566,0.05,0.105
11.568,0.095,0.11
11.57,0.1,0.115
11.572,0.085,0.12
11.574,0.1,0.12
11.576,0.13,0.12
11.578,0.12,0.115
11.58,0.095,0.115
11.582,0.085,0.11
11.584,0.065,0.105
11.586,0.085,0.1
11.588,0.105,0.1
11.59,0.07,0.1
11.592,0.065,0.105
11.594,0.095,0.11
11.596,0.12,0.115
11.598,0.105,0.12
11.6,0.08,0.13
11.602,0.135,0.13
11.604,0.13,0.135
11.606,0.1,0.13
11.608,0.075,0.125
11.61,0.05,0.115
11.612,0.04,0.1
11.614,0.03,0.085
11.616,0.04,0.07
11.618,0.025,0.055
11.62,0.03,0.045
11.622,0.05,0.035
11.624,0.03,0.03
11.626,-0.015,0.025
11.628,-0.005,0.025
11.63,-0.01,0.02
11.632,-0.015,0.02
11.634,-0.04,0.015
11.636,-0.045,0.01
11.638,-0.055,0.0
11.64,-0.04,-0.005
11.642,-0.025,-0.015
11.644,-0.01,-0.025
11.646,-0.02,-0.03
11.648,-0.075,-0.04
11.65,-0.095,-0.04
11.652,-0.075,-0.04
11.654,-0.04,-0.04
11.656,-0.02,-0.035
11.658,-0.035,-0.03
11.66,-0.045,-0.02
11.662,-0.03,-0.015
11.664,0.0,-0.01
11.666,-0.035,-0.005
11.668,-0.015,-0.01
11.67,-0.025,-0.015
11.672,-0.05,-0.02
11.674,-0.065,-0.03
11.676,-0.065,-0.04
11.678,-0.115,-0.05
11.68,-0.105,-0.06
11.682,-0.055,-0.06
11.684,-0.035,-0.055
11.686,-0.005,-0.045
11.688,-0.01,-0.035
11.69,0.0,-0.025
11.692,-0.025,-0.015
11.694,-0.04,-0.01
11.696,-0.055,-0.01
11.698,-0.065,-0.015
11.7,-0.03,-0.025
11.702,-0.05,-0.035
11.704,-0.075,-0.045
11.706,-0.1,-0.055
11.708,-0.06,-0.055
11.71,-0.025,-0.055
11.712,-0.035,-0.045
11.714,-0.07,-0.035
11.716,-0.045,-0.025
11.718,-0.015,-0.015
11.72,-0.025,-0.005
11.722,-0.035,-0.005
11.724,-0.01,-0.005
11.726,-0.025,-0.005
11.728,-0.04,-0.015
11.73,-0.06,-0.02
11.732,-0.035,-0.03
11.734,-0.025,-0.035
11.736,-0.03,-0.04
11.738,-0.035,-0.05
11.74,-0.05,-0.055
11.742,-0.07,-0.055
11.744,-0.075,-0.055
11.746,-0.15,-0.055
11.748,-0.125,-0.05
11.75,-0.01,-0.045
11.752,-0.005,-0.035
11.754,0.015,-0.03
11.756,0.005,-0.025
11.758,-0.025,-0.02
11.76,-0.05,-0.02
11.762,-0.055,-0.025
11.764,-0.085,-0.03
11.766,-0.06,-0.035
11.768,-0.02,-0.04
11.77,-0.02,-0.04
11.772,-0.01,-0.04
11.774,-0.02,-0.04
11.776,-0.035,-0.035
11.778,-0.04,-0.03
11.78,-0.05,-0.03
11.782,-0.02,-0.03
11.784,-0.015,-0.03
11.786,-0.08,-0.03
11.788,-0.045,-0.035
11.79,-0.06,-0.04
11.792,-0.045,-0.04
11.794,-0.045,-0.045
11.796,-0.06,-0.045
11.798,-0.035,-0.04
11.8,-0.02,-0.04
11.802,-0.06,-0.045
11.804,-0.08,-0.045
11.806,-0.05,-0.05
11.808,-0.035,-0.06
11.81,-0.025,-0.065
11.812,-0.07,-0.07
11.814,-0.1,-0.07
11.816,-0.115,-0.07
11.818,-0.075,-0.065
11.82,-0.02,-0.055
11.822,-0.025,-0.045
11.824,-0.045,-0.035
11.826,-0.04,-0.025
11.828,-0.04,-0.02
11.83,-0.01,-0.015
11.832,-0.02,-0.015
11.834,-0.055,-0.02
11.836,-0.07,-0.025
11.838,-0.03,-0.03
11.84,0.0,-0.035
11.842,-0.01,-0.04
11.844,-0.065,-0.045
11.846,-0.045,-0.045
11.848,-0.025,-0.045
11.85,-0.05,-0.04
11.852,-0.03,-0.04
11.854,-0.07,-0.04
11.856,-0.045,-0.04
11.858,-0.045,-0.045
11.86,-0.035,-0.05
11.862,-0.07,-0.055
11.864,-0.05,-0.055
11.866,-0.025,-0.06
11.868,-0.065,-0.055
11.87,-0.03,-0.05
11.872,-0.02,-0.045
11.874,-0.035,-0.04
11.876,-0.075,-0.035
11.878,-0.045,-0.03
11.88,-0.035,-0.03
11.882,-0.025,-0.03
11.884,-0.03,-0.04
11.886,-0.065,-0.045
11.888,-0.05,-0.055
11.89,-0.045,-0.065
11.892,-0.075,-0.075
11.894,-0.045,-0.08
11.896,-0.08,-0.08
11.898,-0.085,-0.08
11.9,-0.07,-0.07
11.902,-0.11,-0.06
11.904,-0.035,-0.05
11.906,0.015,-0.04
11.908,0.0,-0.03
11.91,-0.05,-0.02
11.912,0.0,-0.015
11.914,-0.01,-0.01
11.916,-0.03,-0.01
11.918,-0.02,-0.01
11.92,-0.04,-0.015
11.922,-0.03,-0.02
11.924,0.0,-0.02
11.926,-0.01,-0.025
11.928,-0.015,-0.03
11.93,-0.02,-0.035
11.932,-0.01,-0.035
11.934,-0.005,-0.04
11.936,-0.05,-0.04
11.938,-0.045,-0.04
11.94,-0.03,-0.04
11.942,-0.005,-0.035
11.944,-0.01,-0.025
11.946,0.0,-0.015
11.948,-0.005,-0.005
11.95,-0.02,0.01
11.952,0.025,0.025
11.954,0.045,0.035
11.956,0.05,0.035
11.958,0.055,0.035
11.96,0.02,0.02
11.962,0.0,0.005
11.964,-0.03,-0.015
11.966,-0.075,-0.035
11.968,-0.065,-0.05
11.97,-0.03,-0.065
11.972,-0.04,-0.07
11.974,-0.07,-0.065
11.976,-0.025,-0.06
11.978,-0.025,-0.05
11.98,-0.04,-0.045
11.982,-0.01,-0.035
11.984,-0.04,-0.035
11.986,-0.04,-0.035
11.988,-0.05,-0.04
11.99,-0.03,-0.05
11.992,-0.04,-0.055
11.994,-0.055,-0.06
11.996,-0.075,-0.06
11.998,-0.05,-0.06
12.0,-0.075,-0.055
12.002,-0.03,-0.055
12.004,-0.03,-0.055
12.006,-0.015,-0.06
12.008,-0.045,-0.065
12.01,-0.1,-0.07
12.012,-0.075,-0.075
12.014,-0.045,-0.075
12.016,-0.07,-0.075
12.018,-0.045,-0.065
12.02,-0.035,-0.055
12.022,0.0,-0.045
12.024,0.055,-0.03
12.026,0.03,-0.02
12.028,-0.04,-0.01
12.03,-0.035,-0.01
12.032,-0.015,-0.01
12.034,-0.015,-0.015
12.036,-0.02,-0.02
12.038,-0.025,-0.03
12.04,-0.025,-0.035
12.042,-0.04,-0.04
12.044,-0.07,-0.05
12.046,-0.075,-0.055
12.048,-0.075,-0.06
12.05,-0.04,-0.065
12.052,0.01,-0.07
12.054,-0.055,-0.07
12.056,-0.04,-0.06
12.058,-0.055,-0.04
12.06,0.0,-0.01
12.062,0.075,0.035
12.064,0.1,0.09
12.066,0.185,0.16
12.068,0.285,0.235
12.07,0.325,0.31
12.072,0.395,0.385
12.074,0.53,0.45
12.076,0.61,0.495
12.078,0.615,0.52
12.08,0.56,0.525
12.082,0.535,0.5
12.084,0.435,0.45
12.086,0.325,0.38
12.088,0.25,0.295
12.09,0.205,0.205
12.092,0.14,0.12
12.094,0.085,0.035
12.096,-0.02,-0.03
12.098,-0.115,-0.085
12.1,-0.12,-0.125
12.102,-0.13,-0.145
12.104,-0.14,-0.16
12.106,-0.135,-0.165
12.108,-0.17,-0.17
12.11,-0.175,-0.17
12.112,-0.15,-0.17
12.114,-0.12,-0.165
12.116,-0.1,-0.155
12.118,-0.09,-0.145
12.12,-0.085,-0.125
12.122,-0.05,-0.1
12.124,0.0,-0.07
12.126,0.005,-0.04
12.128,0.015,-0.02
12.13,0.0,0.0
12.132,-0.02,0.005
12.134,-0.025,0.0
12.136,-0.025,-0.01
12.138,0.02,-0.025
12.14,0.005,-0.04
12.142,-0.035,-0.05
12.144,-0.065,-0.055
12.146,-0.01,-0.055
12.148,0.015,-0.045
12.15,-0.025,-0.035
12.152,0.01,-0.02
12.154,0.03,-0.01
12.156,0.02,0.0
12.158,0.01,0.0
12.16,-0.02,0.0
12.162,0.0,-0.005
12.164,0.02,-0.015
12.166,0.035,-0.02
12.168,0.045,-0.025
12.17,0.005,-0.025
12.172,0.02,-0.025
12.174,0.01,-0.02
12.176,0.025,-0.015
12.178,0.025,-0.01
12.18,0.02,-0.005
12.182,0.0,-0.005
12.184,-0.005,-0.01
12.186,-0.005,-0.015
12.188,0.01,-0.02
12.19,0.035,-0.025
12.192,0.02,-0.035
12.194,-0.01,-0.04
12.196,-0.005,-0.04
12.198,-0.005,-0.04
12.2,-0.035,-0.035
12.202,-0.055,-0.03
12.204,0.01,-0.02
12.206,0.04,-0.01
12.208,0.07,0.0
12.21,0.055,0.01
12.212,0.04,0.02
12.214,0.055,0.025
12.216,0.075,0.025
12.218,0.085,0.03
12.22,0.085,0.03
12.222,0.06,0.03
12.224,0.055,0.03
12.226,0.075,0.035
12.228,0.07,0.035
12.23,0.045,0.04
12.232,0.045,0.04
12.234,0.08,0.04
12.236,0.085,0.04
12.238,0.07,0.04
12.24,0.075,0.035
12.242,0.08,0.035
12.244,0.095,0.035
12.246,0.105,0.035
12.248,0.075,0.04
12.25,0.09,0.05
12.252,0.085,0.055
12.254,0.09,0.065
12.256,0.115,0.075
12.258,0.14,0.08
12.26,0.145,0.085
12.262,0.12,0.085
12.264,0.12,0.09
12.266,0.12,0.09
12.268,0.125,0.09
12.27,0.115,0.095
12.272,0.14,0.1
12.274,0.175,0.105
12.276,0.175,0.11
12.278,0.165,0.115
12.28,0.17,0.115
12.282,0.175,0.12
12.284,0.115,0.12
12.286,0.145,0.125
12.288,0.18,0.13
12.29,0.195,0.13
12.292,0.16,0.135
12.294,0.15,0.14
12.296,0.2,0.14
12.298,0.215,0.14
12.3,0.16,0.14
12.302,0.175,0.135
12.304,0.195,0.135
12.306,0.175,0.13
12.308,0.15,0.13
12.31,0.075,0.13
12.312,0.16,0.135
12.314,0.22,0.135
12.316,0.19,0.14
12.318,0.185,0.135
12.32,0.155,0.13
12.322,0.14,0.12
12.324,0.15,0.11
12.326,0.11,0.095
12.328,0.075,0.075
12.33,0.06,0.06
12.332,0.06,0.045
12.334,0.08,0.03
12.336,0.07,0.02
12.338,0.05,0.015
12.34,0.04,0.01
12.342,0.015,0.005
12.344,0.025,0.005
12.346,0.045,0.0
12.348,0.04,0.0
12.35,0.035,0.0
12.352,0.03,0.0
12.354,0.005,0.0
12.356,0.045,0.0
12.358,0.02,0.0
12.36,0.025,0.0
12.362,0.01,0.0
12.364,0.035,-0.005
12.366,0.04,-0.015
12.368,0.02,-0.02
12.37,-0.015,-0.03
12.372,0.0,-0.04
12.374,0.015,-0.045
12.376,0.03,-0.05
12.378,-0.025,-0.055
12.38,-0.01,-0.055
12.382,0.02,-0.055
12.384,0.02,-0.055
12.386,-0.015,-0.055
12.388,-0.015,-0.055
12.39,-0.04,-0.055
12.392,-0.06,-0.055
12.394,-0.04,-0.06
12.396,-0.01,-0.06
12.398,0.01,-0.065
12.4,-0.005,-0.065
12.402,-0.065,-0.065
12.404,-0.025,-0.065
12.406,-0.005,-0.065
12.408,-0.015,-0.065
12.41,-0.015,-0.06
12.412,0.025,-0.06
12.414,-0.04,-0.06
12.416,-0.05,-0.06
12.418,-0.04,-0.06
12.42,-0.005,-0.06
12.422,0.025,-0.06
12.424,0.005,-0.06
12.426,-0.035,-0.055
12.428,-0.035,-0.055
12.43,0.015,-0.05
12.432,0.025,-0.045
12.434,0.015,-0.04
12.436,-0.025,-0.035
12.438,-0.005,-0.03
12.44,0.015,-0.03
12.442,0.025,-0.025
12.444,0.015,-0.025
12.446,0.02,-0.025
12.448,0.015,-0.025
12.45,0.005,-0.03
12.452,0.005,-0.03
12.454,0.0,-0.035
12.456,-0.04,-0.04
12.458,-0.04,-0.045
12.46,0.015,-0.045
12.462,0.04,-0.05
12.464,0.015,-0.05
12.466,0.005,-0.05
12.468,-0.045,-0.05
12.47,-0.05,-0.045
12.472,0.015,-0.04
12.474,0.03,-0.035
12.476,0.04,-0.03
12.478,0.025,-0.03
12.48,-0.005,-0.035
12.482,0.0,-0.04
12.484,-0.035,-0.05
12.486,-0.06,-0.06
12.488,-0.02,-0.07
12.49,0.0,-0.08
12.492,-0.035,-0.085
12.494,-0.025,-0.09
12.496,-0.015,-0.09
12.498,-0.03,-0.085
12.5,-0.025,-0.075
12.502,-0.055,-0.065
12.504,-0.02,-0.055
12.506,-0.015,-0.05
12.508,0.01,-0.045
12.51,0.025,-0.04
12.512,0.015,-0.04
12.514,0.0,-0.045
12.516,-0.01,-0.045
12.518,-0.02,-0.05
12.52,-0.02,-0.055
12.522,0.0,-0.055
12.524,-0.01,-0.055
12.526,-0.01,-0.055
12.528,0.005,-0.05
12.53,-0.015,-0.045
12.532,-0.02,-0.04
12.534,0.0,-0.04
12.536,0.0,-0.045
12.538,-0.005,-0.045
12.54,-0.04,-0.05
12.542,-0.055,-0.06
12.544,-0.005,-0.065
12.546,-0.045,-0.07
12.548,-0.04,-0.075
12.55,-0.005,-0.075
12.552,0.0,-0.075
12.554,-0.005,-0.07
12.556,-0.035,-0.065
12.558,-0.065,-0.065
12.56,-0.03,-0.06
12.562,-0.025,-0.06
12.564,-0.005,-0.06
12.566,-0.03,-0.06
12.568,-0.03,-0.065
12.57,-0.035,-0.06
12.572,-0.05,-0.06
12.574,0.0,-0.055
12.576,0.015,-0.05
12.578,0.01,-0.045
12.58,0.005,-0.04
12.582,-0.025,-0.035
12.584,0.015,-0.035
12.586,0.03,-0.035
12.588,-0.01,-0.04
12.59,0.02,-0.04
12.592,-0.005,-0.045
12.594,0.015,-0.05
12.596,0.02,-0.05
12.598,0.005,-0.045
12.6,0.0,-0.045
12.602,-0.01,-0.04
12.604,-0.005,-0.035
12.606,0.02,-0.03
12.608,0.025,-0.025
12.61,0.015,-0.02
12.612,0.005,-0.02
12.614,0.04,-0.015
12.616,0.045,-0.015
12.618,0.03,-0.02
12.62,0.01,-0.025
12.622,0.005,-0.03
12.624,-0.03,-0.04
12.626,-0.045,-0.045
12.628,-0.03,-0.055
12.63,-0.045,-0.065
12.632,-0.03,-0.07
12.634,0.01,-0.075
12.636,-0.015,-0.08
12.638,-0.015,-0.08
12.64,-0.02,-0.08
12.642,-0.045,-0.08
12.644,-0.025,-0.075
12.646,-0.025,-0.07
12.648,-0.015,-0.065
12.65,-0.02,-0.065
12.652,-0.045,-0.06
12.654,-0.01,-0.055
12.656,-0.005,-0.055
12.658,0.0,-0.055
12.66,-0.02,-0.06
12.662,-0.02,-0.06
12.664,-0.02,-0.065
12.666,-0.03,-0.07
12.668,-0.07,-0.075
12.67,-0.04,-0.08
12.672,-0.08,-0.085
12.674,-0.055,-0.08
12.676,0.015,-0.08
12.678,0.005,-0.075
12.68,-0.02,-0.07
12.682,-0.015,-0.065
12.684,0.005,-0.06
12.686,-0.005,-0.06
12.688,-0.05,-0.065
12.69,-0.035,-0.07
12.692,-0.025,-0.075
12.694,-0.015,-0.075
12.696,-0.01,-0.08
12.698,0.005,-0.075
12.7,-0.03,-0.075
12.702,-0.07,-0.065
12.704,-0.04,-0.06
12.706,0.0,-0.055
12.708,0.01,-0.055
12.71,-0.015,-0.055
12.712,0.0,-0.055
12.714,0.005,-0.055
12.716,0.015,-0.05
12.718,0.01,-0.03
12.72,0.055,0.005
12.722,0.085,0.055
12.724,0.16,0.12
12.726,0.25,0.2
12.728,0.34,0.285
12.73,0.425,0.365
12.732,0.54,0.44
12.734,0.63,0.49
12.736,0.64,0.52
12.738,0.565,0.52
12.74,0.53,0.5
12.742,0.45,0.45
12.744,0.32,0.385
12.746,0.265,0.305
12.748,0.275,0.22
12.75,0.205,0.135
12.752,0.13,0.055
12.754,0.035,-0.01
12.756,-0.08,-0.07
12.758,-0.12,-0.115
12.76,-0.155,-0.145
12.762,-0.145,-0.165
12.764,-0.16,-0.175
12.766,-0.145,-0.175
12.768,-0.13,-0.17
12.77,-0.13,-0.16
12.772,-0.085,-0.15
12.774,-0.045,-0.13
12.776,-0.04,-0.11
12.778,-0.055,-0.09
12.78,-0.035,-0.065
12.782,0.01,-0.045
12.784,0.035,-0.03
12.786,0.01,-0.02
12.788,0.0,-0.015
12.79,-0.005,-0.015
12.792,-0.025,-0.025
12.794,-0.035,-0.035
12.796,-0.03,-0.045
12.798,-0.005,-0.06
12.8,-0.01,-0.065
12.802,0.01,-0.07
12.804,-0.02,-0.065
12.806,-0.03,-0.055
12.808,-0.01,-0.045
12.81,0.035,-0.03
12.812,0.06,-0.015
12.814,0.035,-0.005
12.816,0.01,0.0
12.818,0.015,0.0
12.82,0.015,0.0
12.822,0.035,-0.005
12.824,0.025,-0.01
12.826,0.035,-0.015
12.828,0.04,-0.015
12.83,0.025,-0.015
12.832,0.02,-0.015
12.834,0.02,-0.01
12.836,0.05,-0.005
12.838,0.07,0.005
12.84,0.06,0.01
12.842,0.05,0.015
12.844,0.015,0.015
12.846,-0.015,0.015
12.848,0.02,0.01
12.85,0.03,0.005
12.852,0.01,-0.005
12.854,0.03,-0.015
12.856,0.055,-0.02
12.858,0.01,-0.025
12.86,0.02,-0.02
12.862,0.04,-0.02
12.864,0.05,-0.01
12.866,0.065,0.0
12.868,0.045,0.015
12.87,0.045,0.025
12.872,0.06,0.035
12.874,0.105,0.04
12.876,0.08,0.045
12.878,0.115,0.045
12.88,0.055,0.04
12.882,0.035,0.035
12.884,0.06,0.025
12.886,0.06,0.02
12.888,0.06,0.02
12.89,0.06,0.02
12.892,0.07,0.02
12.894,0.09,0.025
12.896,0.105,0.035
12.898,0.09,0.045
12.9,0.06,0.055
12.902,0.075,0.065
12.904,0.09,0.07
12.906,0.115,0.075
12.908,0.12,0.08
12.91,0.12,0.085
12.912,0.115,0.085
12.914,0.075,0.08
12.916,0.085,0.08
12.918,0.125,0.08
12.92,0.135,0.085
12.922,0.155,0.09
12.924,0.135,0.095
12.926,0.13,0.1
12.928,0.15,0.11
12.93,0.13,0.115
12.932,0.16,0.125
12.934,0.165,0.13
12.936,0.2,0.135
12.938,0.18,0.14
12.94,0.165,0.145
12.942,0.185,0.15
12.944,0.165,0.15
12.946,0.175,0.155
12.948,0.2,0.155
12.95,0.18,0.155
12.952,0.175,0.16
12.954,0.17,0.16
12.956,0.185,0.16
12.958,0.205,0.16
12.96,0.23,0.16
12.962,0.205,0.165
12.964,0.205,0.165
12.966,0.23,0.17
12.968,0.205,0.175
12.97,0.17,0.175
12.972,0.185,0.17
12.974,0.16,0.165
12.976,0.145,0.155
12.978,0.14,0.135
12.98,0.145,0.12
12.982,0.125,0.1
12.984,0.095,0.08
12.986,0.075,0.065
12.988,0.09,0.055
12.99,0.095,0.05
12.992,0.075,0.045
12.994,0.06,0.04
12.996,0.075,0.04
12.998,0.045,0.035
13.0,0.0,0.03
13.002,0.05,0.025
13.004,0.08,0.02
13.006,0.055,0.015
13.008,0.03,0.005
13.01,0.005,0.005
13.012,0.025,0.0
13.014,0.035,0.0
13.016,0.025,-0.005
13.018,0.01,-0.005
13.02,-0.02,-0.01
13.022,-0.02,-0.015
13.024,0.0,-0.02
13.026,-0.04,-0.025
13.028,0.0,-0.03
13.03,0.045,-0.025
13.032,0.07,-0.02
13.034,0.075,-0.015
13.036,0.035,-0.01
13.038,0.015,-0.005
13.04,0.0,-0.005
13.042,0.005,-0.005
13.044,-0.02,-0.01
13.046,0.005,-0.02
13.048,-0.01,-0.03
13.05,-0.025,-0.035
13.052,0.0,-0.035
13.054,0.03,-0.035
13.056,0.015,-0.03
13.058,0.005,-0.025
13.06,0.03,-0.015
13.062,0.04,-0.01
13.064,0.0,-0.005
13.066,-0.03,-0.005
13.068,-0.01,-0.01
13.07,0.0,-0.015
13.072,0.0,-0.02
13.074,-0.015,-0.02
13.076,-0.025,-0.025
13.078,0.01,-0.02
13.08,0.02,-0.02
13.082,0.03,-0.015
13.084,0.02,-0.01
13.086,0.0,-0.01
13.088,-0.04,-0.01
13.09,-0.025,-0.015
13.092,0.01,-0.02
13.094,0.005,-0.025
13.096,-0.005,-0.03
13.098,-0.005,-0.03
13.1,-0.01,-0.03
13.102,-0.02,-0.025
13.104,-0.03,-0.015
13.106,0.01,-0.01
13.108,0.03,0.0
13.11,0.06,0.005
13.112,0.065,0.01
13.114,0.03,0.005
13.116,-0.005,0.0
13.118,-0.01,-0.01
13.12,0.015,-0.02
13.122,-0.035,-0.03
13.124,-0.02,-0.035
13.126,0.005,-0.04
13.128,-0.005,-0.045
13.13,0.005,-0.04
13.132,0.02,-0.04
13.134,0.01,-0.03
13.136,0.01,-0.025
13.138,-0.005,-0.015
13.14,-0.025,-0.01
13.142,-0.005,0.0
13.144,0.065,0.0
13.146,0.06,0.005
13.148,0.005,0.0
13.15,-0.005,0.0
13.152,0.0,-0.005
13.154,-0.01,-0.015
13.156,-0.035,-0.02
13.158,-0.01,-0.025
13.16,0.015,-0.025
13.162,0.0,-0.03
13.164,0.0,-0.025
13.166,0.015,-0.025
13.168,0.015,-0.025
13.17,0.015,-0.02
13.172,-0.025,-0.02
13.174,0.0,-0.015
13.176,-0.005,-0.015
13.178,0.0,-0.02
13.18,-0.02,-0.02
13.182,0.0,-0.025
13.184,0.015,-0.025
13.186,0.0,-0.03
13.188,0.01,-0.03
13.19,0.015,-0.03
13.192,-0.015,-0.03
13.194,-0.04,-0.03
13.196,-0.03,-0.03
13.198,-0.03,-0.035
13.2,-0.025,-0.035
13.202,-0.025,-0.04
13.204,-0.075,-0.045
13.206,-0.04,-0.05
13.208,-0.01,-0.055
13.21,0.015,-0.055
13.212,0.025,-0.055
13.214,-0.015,-0.05
13.216,-0.04,-0.045
13.218,-0.03,-0.035
13.22,-0.015,-0.025
13.222,-0.01,-0.015
13.224,-0.02,-0.01
13.226,0.04,-0.005
13.228,0.025,-0.005
13.23,-0.005,-0.01
13.232,-0.015,-0.015
13.234,-0.015,-0.02
13.236,-0.005,-0.025
13.238,-0.03,-0.035
13.24,-0.035,-0.035
13.242,-0.025,-0.04
13.244,-0.01,-0.045
13.246,-0.01,-0.045
13.248,-0.03,-0.045
13.25,-0.03,-0.04
13.252,-0.065,-0.04
13.254,-0.04,-0.04
13.256,-0.005,-0.035
13.258,0.0,-0.03
13.26,-0.02,-0.025
13.262,0.0,-0.02
13.264,-0.01,-0.02
13.266,-0.02,-0.015
13.268,-0.03,-0.015
13.27,-0.04,-0.015
13.272,-0.065,-0.02
13.274,-0.025,-0.025
13.276,0.005,-0.03
13.278,-0.02,-0.035
13.28,-0.04,-0.04
13.282,-0.01,-0.045
13.284,-0.01,-0.05
13.286,-0.02,-0.05
13.288,-0.03,-0.05
13.29,-0.05,-0.05
13.292,-0.09,-0.05
13.294,-0.12,-0.05
13.296,-0.065,-0.045
13.298,0.0,-0.045
13.3,0.005,-0.04
13.302,0.035,-0.035
13.304,0.025,-0.03
13.306,0.005,-0.025
13.308,-0.01,-0.015
13.31,0.005,-0.01
13.312,-0.005,-0.005
13.314,-0.01,-0.005
13.316,-0.02,-0.005
13.318,-0.02,-0.005
13.32,-0.03,-0.01
13.322,-0.005,-0.01
13.324,-0.01,-0.015
13.326,-0.01,-0.015
13.328,0.015,-0.015
13.33,0.05,-0.01
13.332,0.025,-0.005
13.334,0.035,0.0
13.336,0.02,0.0
13.338,-0.015,0.005
13.34,-0.02,0.0
13.342,0.015,0.0
13.344,0.02,-0.01
13.346,-0.01,-0.015
13.348,-0.01,-0.015
13.35,0.02,-0.02
13.352,-0.025,-0.015
13.354,-0.005,-0.015
13.356,0.05,-0.005
13.358,0.05,0.005
13.36,0.05,0.015
13.362,0.05,0.025
13.364,0.06,0.03
13.366,0.04,0.03
13.368,0.02,0.025
13.37,-0.01,0.015
13.372,-0.035,0.0
13.374,-0.065,-0.02
13.376,-0.08,-0.035
13.378,-0.085,-0.05
13.38,-0.025,-0.065
13.382,-0.015,-0.07
13.384,-0.025,-0.07
13.386,-0.025,-0.06
13.388,-0.03,-0.05
13.39,-0.015,-0.04
13.392,-0.035,-0.025
13.394,0.01,-0.015
13.396,-0.005,-0.005
13.398,-0.005,0.0
13.4,-0.025,0.0
13.402,-0.035,-0.005
13.404,-0.03,-0.015
13.406,-0.01,-0.025
13.408,-0.025,-0.035
13.41,-0.03,-0.045
13.412,-0.03,-0.055
13.414,-0.04,-0.06
13.416,-0.05,-0.065
13.418,-0.05,-0.07
13.42,-0.04,-0.065
13.422,-0.03,-0.065
13.424,-0.025,-0.06
13.426,-0.015,-0.05
13.428,-0.035,-0.045
13.43,-0.035,-0.035
13.432,-0.015,-0.03
13.434,-0.01,-0.03
13.436,-0.03,-0.03
13.438,-0.035,-0.03
13.44,-0.045,-0.035
13.442,-0.065,-0.04
13.444,-0.05,-0.045
13.446,-0.04,-0.045
13.448,-0.05,-0.045
13.45,-0.045,-0.04
13.452,-0.025,-0.04
13.454,-0.01,-0.045
13.456,-0.02,-0.05
13.458,-0.035,-0.055
13.46,-0.08,-0.05
13.462,-0.08,-0.04
13.464,-0.03,-0.015
13.466,0.01,0.035
13.468,0.13,0.105
13.47,0.265,0.2
13.472,0.37,0.31
13.474,0.46,0.425
13.476,0.575,0.535
13.478,0.665,0.625
13.48,0.755,0.69
13.482,0.74,0.72
13.484,0.715,0.71
13.486,0.7,0.665
13.488,0.57,0.595
13.49,0.4,0.5
13.492,0.345,0.395
13.494,0.345,0.29
13.496,0.285,0.195
13.498,0.155,0.11
13.5,-0.005,0.04
13.502,-0.115,-0.015
13.504,-0.135,-0.06
13.506,-0.145,-0.095
13.508,-0.14,-0.12
13.51,-0.145,-0.135
13.512,-0.125,-0.145
13.514,-0.135,-0.15
13.516,-0.145,-0.145
13.518,-0.125,-0.135
13.52,-0.09,-0.12
13.522,-0.095,-0.1
13.524,-0.06,-0.08
13.526,-0.04,-0.06
13.528,-0.035,-0.05
13.53,-0.025,-0.04
13.532,-0.02,-0.04
13.534,-0.04,-0.04
13.536,-0.01,-0.045
13.538,-0.01,-0.05
13.54,-0.035,-0.055
13.542,-0.08,-0.06
13.544,-0.08,-0.06
13.546,-0.065,-0.06
13.548,-0.055,-0.065
13.55,-0.06,-0.065
13.552,-0.045,-0.065
13.554,-0.035,-0.065
13.556,-0.015,-0.06
13.558,-0.03,-0.06
13.56,-0.05,-0.06
13.562,-0.055,-0.055
13.564,-0.065,-0.05
13.566,-0.045,-0.045
13.568,-0.005,-0.035
13.57,0.025,-0.03
13.572,0.01,-0.025
13.574,0.0,-0.025
13.576,-0.015,-0.025
13.578,-0.025,-0.03
13.58,-0.03,-0.035
13.582,-0.01,-0.04
13.584,-0.015,-0.05
13.586,-0.08,-0.055
13.588,-0.08,-0.055
13.59,-0.025,-0.06
13.592,-0.015,-0.055
13.594,-0.015,-0.05
13.596,-0.01,-0.045
13.598,-0.035,-0.035
13.6,-0.075,-0.03
13.602,-0.03,-0.03
13.604,0.0,-0.025
13.606,-0.035,-0.025
13.608,-0.015,-0.03
13.61,0.0,-0.03
13.612,0.005,-0.035
13.614,0.015,-0.035
13.616,-0.015,-0.03
13.618,-0.05,-0.025
13.62,-0.04,-0.02
13.622,-0.005,-0.01
13.624,0.02,0.0
13.626,0.02,0.01
13.628,0.03,0.015
13.63,0.035,0.02
13.632,0.04,0.02
13.634,0.02,0.02
13.636,0.005,0.01
13.638,-0.025,0.005
13.64,0.0,-0.005
13.642,0.035,-0.01
13.644,0.01,-0.015
13.646,-0.025,-0.015
13.648,-0.04,-0.01
13.65,0.02,-0.005
13.652,0.03,0.0
13.654,0.05,0.01
13.656,0.065,0.02
13.658,0.08,0.025
13.66,0.055,0.035
13.662,0.055,0.04
13.664,0.07,0.05
13.666,0.07,0.055
13.668,0.055,0.06
13.67,0.06,0.06
13.672,0.06,0.065
13.674,0.11,0.07
13.676,0.085,0.07
13.678,0.11,0.075
13.68,0.09,0.075
13.682,0.095,0.08
13.684,0.105,0.085
13.686,0.115,0.085
13.688,0.13,0.09
13.69,0.12,0.09
13.692,0.125,0.09
13.694,0.105,0.09
13.696,0.095,0.09
13.698,0.065,0.09
13.7,0.08,0.085
13.702,0.05,0.085
13.704,0.12,0.08
13.706,0.16,0.08
13.708,0.135,0.08
13.71,0.13,0.085
13.712,0.11,0.085
13.714,0.125,0.09
13.716,0.125,0.09
13.718,0.08,0.09
13.72,0.09,0.09
13.722,0.065,0.085
13.724,0.1,0.08
13.726,0.09,0.075
13.728,0.095,0.07
13.73,0.075,0.065
13.732,0.085,0.06
13.734,0.095,0.055
13.736,0.06,0.05
13.738,0.04,0.04
13.74,0.02,0.03
13.742,0.02,0.02
13.744,0.005,0.015
13.746,0.035,0.005
13.748,0.035,0.0
13.75,0.01,-0.005
13.752,0.02,-0.005
13.754,0.025,-0.005
13.756,0.0,-0.01
13.758,0.015,-0.01
13.76,0.0,-0.015
13.762,-0.015,-0.025
13.764,-0.03,-0.035
13.766,-0.025,-0.045
13.768,-0.1,-0.055
13.77,-0.1,-0.06
13.772,0.0,-0.065
13.774,-0.025,-0.06
13.776,-0.045,-0.05
13.778,0.015,-0.035
13.78,0.035,-0.025
13.782,0.015,-0.015
13.784,0.005,-0.005
13.786,-0.01,-0.005
13.788,-0.03,-0.01
13.79,-0.005,-0.015
13.792,-0.015,-0.025
13.794,-0.005,-0.035
13.796,-0.02,-0.04
13.798,-0.045,-0.045
13.8,-0.055,-0.045
13.802,-0.06,-0.045
13.804,-0.04,-0.04
13.806,-0.02,-0.035
13.808,0.02,-0.035
13.81,0.02,-0.035
13.812,-0.01,-0.035
13.814,-0.005,-0.04
13.816,-0.045,-0.04
13.818,-0.065,-0.045
13.82,-0.025,-0.045
13.822,-0.065,-0.045
13.824,-0.01,-0.045
13.826,-0.015,-0.045
13.828,-0.025,-0.045
13.83,0.0,-0.045
13.832,-0.01,-0.045
13.834,-0.025,-0.045
13.836,-0.035,-0.045
13.838,-0.055,-0.045
13.84,-0.02,-0.04
13.842,-0.03,-0.035
13.844,-0.03,-0.035
13.846,0.01,-0.03
13.848,0.015,-0.03
13.85,-0.015,-0.03
13.852,-0.025,-0.03
13.854,-0.005,-0.035
13.856,-0.025,-0.04
13.858,-0.02,-0.045
13.86,-0.005,-0.05
13.862,-0.025,-0.05
13.864,-0.01,-0.055
13.866,-0.015,-0.055
13.868,-0.025,-0.055
13.87,-0.045,-0.055
13.872,-0.02,-0.05
13.874,-0.005,-0.05
13.876,-0.02,-0.045
13.878,-0.015,-0.04
13.88,0.005,-0.035
13.882,0.005,-0.03
13.884,-0.005,-0.03
13.886,0.035,-0.03
13.888,-0.02,-0.035
13.89,-0.035,-0.045
13.892,-0.035,-0.055
13.894,-0.08,-0.065
13.896,-0.1,-0.075
13.898,-0.025,-0.08
13.9,-0.035,-0.085
13.902,-0.025,-0.085
13.904,-0.01,-0.085
13.906,-0.015,-0.075
13.908,-0.035,-0.065
13.91,-0.035,-0.055
13.912,-0.03,-0.05
13.914,-0.005,-0.045
13.916,0.015,-0.04
13.918,-0.02,-0.045
13.92,-0.025,-0.05
13.922,-0.005,-0.055
13.924,-0.04,-0.06
13.926,-0.03,-0.065
13.928,-0.015,-0.07
13.93,-0.04,-0.07
13.932,-0.06,-0.07
13.934,-0.08,-0.065
13.936,-0.04,-0.065
13.938,0.005,-0.06
13.94,-0.015,-0.055
13.942,-0.03,-0.055
13.944,-0.025,-0.05
13.946,0.01,-0.05
13.948,0.01,-0.05
13.95,-0.03,-0.05
13.952,-0.045,-0.055
13.954,-0.02,-0.055
13.956,0.01,-0.055
13.958,-0.02,-0.055
13.96,-0.025,-0.055
13.962,-0.055,-0.055
13.964,-0.025,-0.055
13.966,-0.01,-0.055
13.968,-0.025,-0.06
13.97,-0.01,-0.06
13.972,-0.015,-0.065
13.974,-0.015,-0.07
13.976,-0.045,-0.075
13.978,-0.055,-0.08
13.98,-0.045,-0.085
13.982,-0.03,-0.09
13.984,-0.025,-0.09
13.986,-0.035,-0.09
13.988,-0.035,-0.085
13.99,-0.03,-0.075
13.992,-0.025,-0.07
13.994,0.005,-0.06
13.996,0.0,-0.055
13.998,-0.035,-0.05
14.0,-0.06,-0.05
14.002,-0.04,-0.05
14.004,-0.03,-0.06
14.006,-0.025,-0.065
14.008,-0.06,-0.075
14.01,-0.05,-0.08
14.012,-0.025,-0.08
14.014,-0.055,-0.08
14.016,-0.025,-0.075
14.018,0.01,-0.065
14.02,0.0,-0.055
14.022,-0.02,-0.045
14.024,-0.015,-0.04
14.026,0.0,-0.035
14.028,0.01,-0.035
14.03,-0.02,-0.04
14.032,-0.025,-0.045
14.034,-0.02,-0.05
14.036,-0.035,-0.06
14.038,-0.03,-0.065
14.04,-0.04,-0.065
14.042,-0.05,-0.065
14.044,0.005,-0.065
14.046,-0.015,-0.06
14.048,0.0,-0.06
14.05,0.01,-0.055
14.052,-0.005,-0.055
14.054,-0.005,-0.055
14.056,-0.005,-0.055
14.058,-0.005,-0.055
14.06,0.0,-0.055
14.062,0.025,-0.05
14.064,0.015,-0.045
14.066,0.015,-0.04
14.068,0.0,-0.035
14.07,-0.005,-0.03
14.072,-0.005,-0.025
14.074,-0.005,-0.025
14.076,-0.005,-0.03
14.078,-0.025,-0.03
14.08,0.01,-0.035
14.082,0.005,-0.04
14.084,0.015,-0.04
14.086,0.035,-0.04
14.088,0.05,-0.035
14.09,0.045,-0.03
14.092,0.025,-0.02
14.094,0.03,-0.01
14.096,0.065,0.0
14.098,0.035,0.01
14.1,0.015,0.015
14.102,0.05,0.015
14.104,0.055,0.015
14.106,0.065,0.01
14.108,0.065,0.0
14.11,0.025,-0.005
14.112,-0.015,-0.01
14.114,-0.015,-0.01
14.116,-0.015,-0.01
14.118,0.07,0.0
14.12,0.115,0.005
14.122,0.105,0.015
14.124,0.08,0.025
14.126,0.055,0.03
14.128,0.06,0.025
14.13,0.04,0.015
14.132,0.03,0.0
14.134,0.005,-0.015
14.136,-0.025,-0.035
14.138,-0.025,-0.05
14.14,-0.035,-0.06
14.142,-0.005,-0.06
14.144,0.045,-0.05
14.146,0.07,-0.04
14.148,0.06,-0.025
14.15,0.065,-0.005
14.152,0.065,0.005
14.154,0.025,0.01
14.156,0.045,0.005
14.158,0.035,-0.005
14.16,0.015,-0.015
14.162,-0.025,-0.03
14.164,-0.05,-0.04
14.166,-0.03,-0.05
14.168,0.06,-0.05
14.17,0.045,-0.045
14.172,0.05,-0.04
14.174,0.03,-0.035
14.176,0.015,-0.03
14.178,-0.015,-0.03
14.18,-0.015,-0.035
14.182,0.015,-0.035
14.184,0.04,-0.04
14.186,0.065,-0.045
14.188,0.055,-0.045
14.19,0.025,-0.045
14.192,0.01,-0.04
14.194,-0.005,-0.035
14.196,0.0,-0.03
14.198,0.0,-0.03
14.2,0.005,-0.035
14.202,0.005,-0.035
14.204,0.015,-0.04
14.206,0.01,-0.045
14.208,-0.02,-0.05
14.21,-0.045,-0.05
14.212,-0.01,-0.05
14.214,0.055,-0.05
14.216,0.03,-0.05
14.218,0.01,-0.045
14.22,-0.005,-0.04
14.222,0.015,-0.025
14.224,0.045,0.0
14.226,0.12,0.045
14.228,0.14,0.105
14.23,0.255,0.18
14.232,0.38,0.27
14.234,0.47,0.37
14.236,0.535,0.465
14.238,0.645,0.55
14.24,0.745,0.61
14.242,0.715,0.64
14.244,0.68,0.64
14.246,0.67,0.6
14.248,0.55,0.54
14.25,0.465,0.455
14.252,0.375,0.36
14.254,0.335,0.26
14.256,0.265,0.17
14.258,0.145,0.09
14.26,0.065,0.02
14.262,-0.045,-0.035
14.264,-0.075,-0.08
14.266,-0.09,-0.115
14.268,-0.12,-0.14
14.27,-0.165,-0.155
14.272,-0.1,-0.165
14.274,-0.06,-0.165
14.276,-0.07,-0.16
14.278,-0.03,-0.145
14.28,-0.02,-0.12
14.282,-0.005,-0.095
14.284,0.01,-0.07
14.286,0.0,-0.05
14.288,0.015,-0.03
14.29,0.025,-0.015
14.292,0.03,-0.01
14.294,0.04,-0.01
14.296,0.05,-0.01
14.298,0.05,-0.02
14.3,0.04,-0.025
14.302,0.02,-0.035
14.304,0.02,-0.05
14.306,-0.01,-0.06
14.308,0.005,-0.065
14.31,0.02,-0.07
14.312,-0.01,-0.07
14.314,-0.03,-0.065
14.316,-0.03,-0.055
14.318,0.045,-0.04
14.32,0.09,-0.025
14.322,0.095,-0.005
14.324,0.09,0.005
14.326,0.075,0.015
14.328,0.065,0.015
14.33,0.075,0.015
14.332,0.065,0.005
14.334,0.035,-0.005
14.336,0.04,-0.015
14.338,0.065,-0.025
14.34,0.05,-0.03
14.342,0.065,-0.03
14.344,0.06,-0.025
14.346,0.05,-0.025
14.348,0.06,-0.02
14.35,0.055,-0.015
14.352,0.06,-0.01
14.354,0.075,-0.01
14.356,0.06,-0.005
14.358,0.035,0.0
14.36,0.065,0.005
14.362,0.115,0.01
14.364,0.09,0.02
14.366,0.085,0.025
14.368,0.065,0.03
14.37,0.06,0.03
14.372,0.06,0.025
14.374,0.065,0.02
14.376,0.04,0.01
14.378,0.045,0.0
14.38,0.065,-0.005
14.382,0.11,-0.005
14.384,0.135,-0.005
14.386,0.135,0.0
14.388,0.13,0.01
14.39,0.11,0.015
14.392,0.055,0.025
14.394,0.05,0.03
14.396,0.065,0.035
14.398,0.09,0.035
14.4,0.115,0.03
14.402,0.145,0.03
14.404,0.125,0.03
14.406,0.13,0.03
14.408,0.115,0.04
14.41,0.11,0.05
14.412,0.135,0.065
14.414,0.155,0.08
14.416,0.15,0.095
14.418,0.145,0.105
14.42,0.15,0.105
14.422,0.155,0.105
14.424,0.165,0.1
14.426,0.14,0.09
14.428,0.125,0.085
14.43,0.14,0.08
14.432,0.18,0.08
14.434,0.22,0.085
14.436,0.2,0.1
14.438,0.195,0.11
14.44,0.215,0.125
14.442,0.185,0.14
14.444,0.21,0.145
14.446,0.22,0.15
14.448,0.2,0.145
14.45,0.2,0.14
14.452,0.195,0.135
14.454,0.205,0.13
14.456,0.195,0.13
14.458,0.19,0.13
14.46,0.23,0.135
14.462,0.235,0.145
14.464,0.235,0.155
14.466,0.235,0.16
14.468,0.23,0.16
14.47,0.215,0.16
14.472,0.21,0.15
14.474,0.225,0.14
14.476,0.205,0.13
14.478,0.18,0.115
14.48,0.19,0.11
14.482,0.2,0.1
14.484,0.185,0.1
14.486,0.145,0.1
14.488,0.125,0.1
14.49,0.175,0.1
14.492,0.165,0.095
14.494,0.125,0.09
14.496,0.13,0.08
14.498,0.14,0.07
14.5,0.135,0.05
14.502,0.075,0.035
14.504,0.095,0.02
14.506,0.085,0.005
14.508,0.065,-0.01
14.51,0.03,-0.02
14.512,0.055,-0.025
14.514,0.02,-0.03
14.516,0.03,-0.035
14.518,0.05,-0.035
14.52,0.08,-0.03
14.522,0.11,-0.025
14.524,0.115,-0.02
14.526,0.075,-0.015
14.528,0.055,-0.01
14.53,0.055,-0.005
14.532,0.045,-0.005
14.534,0.05,0.0
14.536,0.055,0.0
14.538,0.075,-0.005
14.54,0.075,-0.01
14.542,0.055,-0.015
14.544,0.04,-0.025
14.546,0.02,-0.03
14.548,0.045,-0.04
14.55,0.055,-0.045
14.552,0.075,-0.045
14.554,0.01,-0.045
14.556,-0.01,-0.04
14.558,0.05,-0.03
14.56,0.095,-0.02
14.562,0.075,-0.01
14.564,0.06,-0.005
14.566,0.04,-0.005
14.568,0.025,-0.01
14.57,0.05,-0.015
14.572,0.03,-0.03
14.574,0.04,-0.045
14.576,0.005,-0.055
14.578,0.02,-0.07
14.58,0.035,-0.075
14.582,0.04,-0.075
14.584,0.06,-0.07
14.586,0.045,-0.06
14.588,0.04,-0.055
14.59,0.035,-0.045
14.592,0.005,-0.04
14.594,0.025,-0.035
14.596,0.045,-0.04
14.598,0.03,-0.04
14.6,0.015,-0.045
14.602,0.045,-0.05
14.604,0.06,-0.045
14.606,0.05,-0.045
14.608,0.025,-0.04
14.61,0.05,-0.03
14.612,0.03,-0.025
14.614,0.02,-0.02
14.616,0.01,-0.02
14.618,0.01,-0.025
14.62,0.055,-0.03
14.622,0.05,-0.04
14.624,0.045,-0.045
14.626,0.045,-0.045
14.628,0.04,-0.045
14.63,0.045,-0.045
14.632,0.055,-0.035
14.634,0.045,-0.03
14.636,0.065,-0.025
14.638,0.045,-0.02
14.64,0.045,-0.02
14.642,0.03,-0.025
14.644,0.07,-0.03
14.646,0.035,-0.04
14.648,0.03,-0.045
14.65,0.03,-0.05
14.652,0.005,-0.05
14.654,-0.005,-0.05
14.656,0.045,-0.045
14.658,0.025,-0.045
14.66,0.04,-0.04
14.662,0.06,-0.035
14.664,0.06,-0.035
14.666,0.045,-0.035
14.668,0.055,-0.035
14.67,0.065,-0.03
14.672,0.025,-0.03
14.674,0.06,-0.025
14.676,0.04,-0.025
14.678,0.015,-0.02
14.68,0.01,-0.02
14.682,0.065,-0.025
14.684,0.08,-0.025
14.686,0.04,-0.03
14.688,0.025,-0.035
14.69,0.025,-0.04
14.692,0.05,-0.045
14.694,0.045,-0.045
14.696,0.025,-0.05
14.698,0.025,-0.05
14.7,0.035,-0.05
14.702,0.045,-0.05
14.704,0.035,-0.05
14.706,0.01,-0.055
14.708,0.02,-0.06
14.71,0.025,-0.06
14.712,0.035,-0.065
14.714,0.035,-0.06
14.716,-0.005,-0.06
14.718,0.01,-0.055
14.72,0.01,-0.05
14.722,0.045,-0.05
14.724,0.075,-0.045
14.726,0.09,-0.045
14.728,0.055,-0.045
14.73,0.045,-0.045
14.732,0.025,-0.05
14.734,0.03,-0.05
14.736,0.035,-0.05
14.738,0.04,-0.05
14.74,0.025,-0.045
14.742,0.01,-0.045
14.744,-0.01,-0.045
14.746,0.05,-0.045
14.748,0.025,-0.045
14.75,0.01,-0.045
14.752,0.025,-0.05
14.754,0.06,-0.05
14.756,0.045,-0.05
14.758,0.055,-0.045
14.76,0.03,-0.04
14.762,0.015,-0.03
14.764,0.08,-0.025
14.766,0.095,-0.015
14.768,0.065,-0.01
14.77,0.07,-0.005
14.772,0.065,-0.005
14.774,0.06,-0.005
14.776,0.07,0.0
14.778,0.03,0.0
14.78,0.085,0.0
14.782,0.105,0.0
14.784,0.095,0.0
14.786,0.12,0.0
14.788,0.08,-0.005
14.79,0.045,-0.005
14.792,0.035,-0.015
14.794,0.045,-0.02
14.796,0.025,-0.03
14.798,0.025,-0.035
14.8,0.02,-0.04
14.802,0.01,-0.045
14.804,0.04,-0.05
14.806,0.055,-0.05
14.808,0.025,-0.05
14.81,0.05,-0.045
14.812,0.04,-0.04
14.814,0.045,-0.035
14.816,0.05,-0.035
14.818,0.04,-0.03
14.82,0.045,-0.025
14.822,0.03,-0.025
14.824,0.055,-0.02
14.826,0.06,-0.02
14.828,0.045,-0.02
14.83,0.05,-0.02
14.832,0.05,-0.025
14.834,0.06,-0.025
14.836,0.04,-0.03
14.838,0.045,-0.04
14.84,0.06,-0.045
14.842,0.02,-0.05
14.844,0.025,-0.055
14.846,0.04,-0.065
14.848,-0.015,-0.065
14.85,0.005,-0.065
14.852,0.015,-0.065
14.854,0.025,-0.065
14.856,0.025,-0.06
14.858,0.035,-0.06
14.86,0.045,-0.055
14.862,0.01,-0.055
14.864,0.0,-0.055
14.866,0.01,-0.06
14.868,0.015,-0.06
14.87,0.055,-0.06
14.872,0.05,-0.06
14.874,0.04,-0.06
14.876,-0.005,-0.06
14.878,-0.02,-0.055
14.88,0.02,-0.055
14.882,0.04,-0.05
14.884,0.03,-0.055
14.886,-0.01,-0.055
14.888,-0.02,-0.05
14.89,0.03,-0.04
14.892,0.085,-0.02
14.894,0.105,0.015
14.896,0.135,0.07
14.898,0.215,0.135
14.9,0.33,0.215
14.902,0.39,0.3
14.904,0.485,0.38
14.906,0.545,0.445
14.908,0.645,0.49
14.91,0.585,0.505
14.912,0.54,0.49
14.914,0.505,0.445
14.916,0.4,0.38
14.918,0.335,0.295
14.92,0.235,0.205
14.922,0.2,0.115
14.924,0.13,0.04
14.926,0.035,-0.02
14.928,-0.06,-0.07
14.93,-0.08,-0.1
14.932,-0.09,-0.12
14.934,-0.07,-0.13
14.936,-0.075,-0.135
14.938,-0.075,-0.14
14.94,-0.085,-0.145
14.942,-0.09,-0.145
14.944,-0.105,-0.15
14.946,-0.065,-0.145
14.948,-0.035,-0.145
14.95,-0.115,-0.135
14.952,-0.045,-0.125
14.954,-0.015,-0.11
14.956,0.03,-0.09
14.958,0.035,-0.075
14.96,0.045,-0.055
14.962,0.065,-0.04
14.964,0.025,-0.025
14.966,0.04,-0.015
14.968,0.04,-0.01
14.97,0.04,-0.01
14.972,0.035,-0.01
14.974,0.03,-0.015
14.976,0.035,-0.02
14.978,0.035,-0.03
14.98,0.055,-0.035
14.982,0.02,-0.04
14.984,0.025,-0.04
14.986,0.055,-0.04
14.988,0.045,-0.035
14.99,0.06,-0.03
14.992,0.065,-0.025
14.994,0.06,-0.02
14.996,0.04,-0.015
14.998,0.04,-0.015
15.0,0.06,-0.01
15.002,0.055,-0.01
15.004,0.05,-0.015
15.006,0.06,-0.015
15.008,0.035,-0.01
15.01,0.025,-0.005
15.012,0.07,-0.005
15.014,0.085,0.0
15.016,0.085,0.005
15.018,0.08,0.01
15.02,0.065,0.01
15.022,0.04,0.01
15.024,0.03,0.005
15.026,0.01,0.005
15.028,0.06,0.0
15.03,0.075,0.0
15.032,0.07,0.0
15.034,0.07,0.0
15.036,0.04,0.005
15.038,0.09,0.01
15.04,0.085,0.02
15.042,0.07,0.025
15.044,0.09,0.03
15.046,0.08,0.035
15.048,0.075,0.035
15.05,0.07,0.035
15.052,0.065,0.03
15.054,0.1,0.025
15.056,0.125,0.02
15.058,0.12,0.02
15.06,0.08,0.015
15.062,0.07,0.015
15.064,0.08,0.02
15.066,0.105,0.025
15.068,0.1,0.03
15.07,0.095,0.035
15.072,0.08,0.045
15.074,0.07,0.05
15.076,0.14,0.055
15.078,0.15,0.06
15.08,0.13,0.065
15.082,0.15,0.07
15.084,0.14,0.07
15.086,0.14,0.075
15.088,0.155,0.075
15.09,0.155,0.075
15.092,0.135,0.075
15.094,0.15,0.08
15.096,0.13,0.08
15.098,0.125,0.08
15.1,0.145,0.085
15.102,0.155,0.09
15.104,0.185,0.1
15.106,0.215,0.115
15.108,0.19,0.125
15.11,0.17,0.14
15.112,0.2,0.155
15.114,0.255,0.165
15.116,0.22,0.17
15.118,0.21,0.175
15.12,0.225,0.17
15.122,0.235,0.165
15.124,0.22,0.16
15.126,0.185,0.15
15.128,0.195,0.145
15.13,0.22,0.135
15.132,0.195,0.135
15.134,0.17,0.13
15.136,0.185,0.135
15.138,0.245,0.135
15.14,0.185,0.14
15.142,0.19,0.14
15.144,0.23,0.14
15.146,0.2,0.135
15.148,0.18,0.13
15.15,0.175,0.12
15.152,0.175,0.11
15.154,0.14,0.095
15.156,0.125,0.085
15.158,0.11,0.07
15.16,0.11,0.06
15.162,0.1,0.05
15.164,0.11,0.045
15.166,0.095,0.035
15.168,0.085,0.025
15.17,0.05,0.015
15.172,0.05,0.005
15.174,0.025,-0.01
15.176,0.01,-0.02
15.178,0.035,-0.03
15.18,0.01,-0.035
15.182,0.04,-0.04
15.184,0.025,-0.04
15.186,0.03,-0.035
15.188,0.055,-0.03
15.19,0.025,-0.03
15.192,0.025,-0.03
15.194,0.045,-0.03
15.196,0.045,-0.03
15.198,0.015,-0.035
15.2,0.015,-0.04
15.202,0.045,-0.045
15.204,0.01,-0.045
15.206,-0.025,-0.05
15.208,-0.06,-0.05
15.21,-0.005,-0.05
15.212,0.02,-0.05
15.214,0.015,-0.055
15.216,0.035,-0.055
15.218,0.005,-0.06
15.22,0.005,-0.06
15.222,0.005,-0.065
15.224,0.015,-0.065
15.226,0.01,-0.065
15.228,0.01,-0.065
15.23,-0.02,-0.06
15.232,-0.005,-0.06
15.234,-0.01,-0.055
15.236,-0.01,-0.05
15.238,0.005,-0.05
15.24,0.005,-0.05
15.242,0.015,-0.045
15.244,0.01,-0.045
15.246,0.03,-0.04
15.248,0.005,-0.04
15.25,0.01,-0.035
15.252,0.02,-0.035
15.254,0.02,-0.035
15.256,0.01,-0.035
15.258,-0.015,-0.04
15.26,0.005,-0.045
15.262,0.025,-0.05
15.264,-0.02,-0.055
15.266,0.0,-0.055
15.268,0.0,-0.06
15.27,0.01,-0.055
15.272,0.03,-0.055
15.274,0.015,-0.05
15.276,0.0,-0.045
15.278,-0.025,-0.045
15.28,-0.02,-0.04
15.282,0.02,-0.04
15.284,0.02,-0.04
15.286,0.015,-0.04
15.288,0.015,-0.045
15.29,0.005,-0.045
15.292,0.0,-0.05
15.294,-0.02,-0.055
15.296,-0.015,-0.06
15.298,-0.005,-0.06
15.3,0.0,-0.06
15.302,0.025,-0.06
15.304,-0.025,-0.06
15.306,-0.06,-0.055
15.308,-0.01,-0.055
15.31,0.01,-0.05
15.312,0.01,-0.045
15.314,-0.01,-0.045
15.316,0.015,-0.04
15.318,0.03,-0.04
15.32,0.005,-0.045
15.322,0.015,-0.045
15.324,0.0,-0.045
15.326,-0.015,-0.045
15.328,-0.02,-0.045
15.33,0.01,-0.045
15.332,0.0,-0.045
15.334,-0.025,-0.045
15.336,-0.03,-0.045
15.338,0.0,-0.05
15.34,0.02,-0.05
15.342,0.05,-0.05
15.344,0.01,-0.05
15.346,-0.01,-0.045
15.348,-0.01,-0.04
15.35,0.005,-0.035
15.352,-0.005,-0.03
15.354,-0.01,-0.025
15.356,-0.01,-0.02
15.358,0.02,-0.02
15.36,0.025,-0.025
15.362,0.005,-0.035
15.364,0.025,-0.04
15.366,0.01,-0.05
15.368,-0.025,-0.055
15.37,-0.01,-0.06
15.372,-0.045,-0.06
15.374,-0.045,-0.055
15.376,-0.005,-0.05
15.378,0.02,-0.04
15.38,0.035,-0.035
15.382,0.035,-0.03
15.384,0.02,-0.025
15.386,0.005,-0.025
15.388,-0.01,-0.03
15.39,-0.01,-0.035
15.392,-0.04,-0.045
15.394,-0.05,-0.06
15.396,-0.01,-0.07
15.398,0.025,-0.08
15.4,-0.01,-0.085
15.402,-0.065,-0.09
15.404,-0.065,-0.085
15.406,-0.035,-0.08
15.408,-0.025,-0.07
15.41,-0.005,-0.055
15.412,0.03,-0.045
15.414,0.02,-0.03
15.416,0.01,-0.02
15.418,-0.005,-0.01
15.42,0.02,-0.005
15.422,0.02,-0.005
15.424,0.02,-0.005
15.426,0.03,-0.01
15.428,0.02,-0.01
15.43,0.015,-0.015
15.432,0.005,-0.02
15.434,0.045,-0.025
15.436,0.03,-0.03
15.438,-0.025,-0.03
15.44,-0.03,-0.03
15.442,-0.04,-0.025
15.444,0.035,-0.02
15.446,0.06,-0.015
15.448,0.06,-0.01
15.45,0.075,0.0
15.452,0.07,0.005
15.454,0.065,0.01
15.456,0.07,0.015
15.458,0.065,0.015
15.46,0.035,0.015
15.462,0.04,0.01
15.464,0.045,0.005
15.466,0.04,-0.005
15.468,0.02,-0.015
15.47,-0.025,-0.025
15.472,-0.06,-0.035
15.474,-0.005,-0.045
15.476,0.025,-0.05
15.478,-0.015,-0.055
15.48,-0.02,-0.055
15.482,0.005,-0.05
15.484,0.0,-0.05
15.486,-0.025,-0.045
15.488,0.005,-0.04
15.49,-0.01,-0.04
15.492,-0.045,-0.035
15.494,-0.025,-0.035
15.496,-0.015,-0.035
15.498,-0.015,-0.035
15.5,-0.01,-0.04
15.502,-0.015,-0.04
15.504,-0.025,-0.04
15.506,-0.01,-0.04
15.508,-0.025,-0.04
15.51,0.005,-0.04
15.512,0.015,-0.035
15.514,0.015,-0.035
15.516,0.005,-0.03
15.518,-0.015,-0.03
15.52,-0.005,-0.025
15.522,-0.015,-0.025
15.524,-0.02,-0.025
15.526,-0.02,-0.025
15.528,-0.015,-0.025
15.53,-0.025,-0.03
15.532,-0.02,-0.04
15.534,-0.035,-0.045
15.536,-0.035,-0.055
15.538,-0.045,-0.065
15.54,-0.035,-0.07
15.542,-0.035,-0.075
15.544,-0.03,-0.075
15.546,-0.045,-0.075
15.548,-0.09,-0.07
15.55,-0.035,-0.065
15.552,-0.015,-0.06
15.554,-0.02,-0.06
15.556,-0.015,-0.055
15.558,-0.01,-0.055
15.56,-0.01,-0.045
15.562,0.0,-0.035
15.564,0.02,-0.01
15.566,0.065,0.03
15.568,0.105,0.085
15.57,0.17,0.155
15.572,0.285,0.24
15.574,0.4,0.33
15.576,0.465,0.425
15.578,0.555,0.51
15.58,0.67,0.58
15.582,0.76,0.625
15.584,0.68,0.645
15.586,0.645,0.63
15.588,0.605,0.585
15.59,0.475,0.515
15.592,0.38,0.42
15.594,0.33,0.32
15.596,0.265,0.21
15.598,0.155,0.11
15.6,0.04,0.02
15.602,-0.09,-0.055
15.604,-0.12,-0.11
15.606,-0.135,-0.15
15.608,-0.135,-0.17
15.61,-0.19,-0.18
15.612,-0.195,-0.18
15.614,-0.13,-0.175
15.616,-0.105,-0.165
15.618,-0.125,-0.15
15.62,-0.11,-0.135
15.622,-0.075,-0.12
15.624,-0.035,-0.105
15.626,-0.035,-0.09
15.628,-0.05,-0.08
15.63,-0.07,-0.07
15.632,-0.03,-0.06
15.634,-0.055,-0.055
15.636,-0.02,-0.055
15.638,-0.03,-0.055
15.64,-0.02,-0.055
15.642,-0.04,-0.06
15.644,-0.03,-0.06
15.646,-0.06,-0.06
15.648,-0.02,-0.06
15.65,-0.04,-0.06
15.652,-0.025,-0.055
15.654,-0.005,-0.05
15.656,-0.025,-0.045
15.658,-0.04,-0.04
15.66,-0.04,-0.035
15.662,-0.01,-0.035
15.664,0.03,-0.035
15.666,0.02,-0.035
15.668,-0.015,-0.04
15.67,-0.025,-0.04
15.672,-0.03,-0.045
15.674,-0.025,-0.05
15.676,-0.035,-0.05
15.678,-0.03,-0.055
15.68,-0.02,-0.055
15.682,-0.035,-0.06
15.684,-0.035,-0.06
15.686,-0.01,-0.055
15.688,0.005,-0.055
15.69,0.0,-0.05
15.692,-0.025,-0.045
15.694,-0.04,-0.04
15.696,-0.03,-0.04
15.698,-0.04,-0.035
15.7,-0.005,-0.035
15.702,-0.005,-0.03
15.704,0.0,-0.03
15.706,-0.01,-0.025
15.708,-0.02,-0.025
15.71,-0.03,-0.02
15.712,0.0,-0.02
15.714,-0.01,-0.015
15.716,-0.025,-0.01
15.718,-0.03,-0.01
15.72,0.025,-0.01
15.722,0.03,-0.005
15.724,0.005,-0.01
15.726,0.0,-0.01
15.728,0.015,-0.01
15.73,-0.025,-0.01
15.732,0.0,-0.01
15.734,0.0,-0.01
15.736,0.03,-0.005
15.738,0.045,0.0
15.74,0.035,0.005
15.742,0.005,0.01
15.744,0.03,0.015
15.746,0.02,0.02
15.748,0.015,0.025
15.75,0.06,0.025
15.752,0.085,0.03
15.754,0.07,0.03
15.756,0.045,0.035
15.758,0.055,0.04
15.76,0.055,0.045
15.762,0.08,0.05
15.764,0.085,0.055
15.766,0.105,0.06
15.768,0.095,0.06
15.77,0.09,0.065
15.772,0.065,0.065
15.774,0.065,0.065
15.776,0.075,0.07
15.778,0.095,0.075
15.78,0.145,0.085
15.782,0.125,0.09
15.784,0.105,0.1
15.786,0.14,0.11
15.788,0.11,0.12
15.79,0.095,0.125
15.792,0.115,0.125
15.794,0.12,0.12
15.796,0.105,0.12
15.798,0.11,0.115
15.8,0.15,0.11
15.802,0.13,0.105
15.804,0.15,0.105
15.806,0.155,0.11
15.808,0.155,0.11
15.81,0.145,0.115
15.812,0.15,0.12
15.814,0.145,0.12
15.816,0.14,0.12
15.818,0.145,0.115
15.82,0.125,0.11
15.822,0.12,0.1
15.824,0.09,0.095
15.826,0.095,0.085
15.828,0.1,0.08
15.83,0.075,0.07
15.832,0.075,0.065
15.834,0.045,0.06
15.836,0.03,0.05
15.838,0.03,0.04
15.84,0.03,0.03
15.842,0.035,0.015
15.844,-0.01,0.0
15.846,-0.04,-0.015
15.848,-0.01,-0.025
15.85,-0.03,-0.035
15.852,-0.02,-0.035
15.854,0.01,-0.035
15.856,0.015,-0.025
15.858,0.01,-0.02
15.86,0.005,-0.015
15.862,-0.015,-0.01
15.864,-0.04,-0.01
15.866,-0.04,-0.015
15.868,-0.02,-0.025
15.87,-0.02,-0.035
15.872,-0.04,-0.04
15.874,-0.025,-0.045
15.876,0.005,-0.05
15.878,-0.005,-0.045
15.88,-0.025,-0.035
15.882,-0.015,-0.025
15.884,0.0,-0.015
15.886,-0.015,-0.01
15.888,-0.02,-0.005
15.89,0.01,-0.005
15.892,0.015,-0.01
15.894,0.0,-0.015
15.896,-0.03,-0.025
15.898,-0.03,-0.03
15.9,-0.02,-0.035
15.902,-0.045,-0.04
15.904,-0.035,-0.045
15.906,-0.02,-0.045
15.908,-0.025,-0.045
15.91,-0.05,-0.045
15.912,-0.035,-0.045
15.914,-0.03,-0.05
15.916,-0.02,-0.05
15.918,-0.04,-0.05
15.92,-0.105,-0.055
15.922,-0.065,-0.055
15.924,-0.015,-0.05
15.926,-0.03,-0.05
15.928,-0.02,-0.045
15.93,-0.015,-0.04
15.932,-0.01,-0.04
15.934,-0.02,-0.035
15.936,-0.02,-0.035
15.938,-0.02,-0.035
15.94,-0.025,-0.035
15.942,-0.045,-0.03
15.944,-0.03,-0.03
15.946,-0.015,-0.03
15.948,-0.015,-0.03
15.95,-0.015,-0.03
15.952,0.025,-0.03
15.954,-0.025,-0.035
15.956,-0.07,-0.035
15.958,-0.095,-0.04
15.96,-0.065,-0.04
15.962,-0.03,-0.04
15.964,-0.015,-0.04
15.966,-0.025,-0.035
15.968,-0.035,-0.035
15.97,-0.035,-0.03
15.972,-0.02,-0.03
15.974,-0.015,-0.025
15.976,-0.03,-0.025
15.978,-0.03,-0.025
15.98,-0.035,-0.02
15.982,-0.01,-0.02
15.984,-0.03,-0.015
15.986,-0.03,-0.015
15.988,-0.04,-0.015
15.99,-0.02,-0.015
15.992,0.0,-0.015
15.994,0.015,-0.02
15.996,-0.02,-0.025
15.998,-0.025,-0.025
16.0,-0.035,-0.03
16.002,-0.035,-0.03
16.004,-0.035,-0.03
16.006,-0.04,-0.03
16.008,-0.045,-0.03
16.01,-0.025,-0.025
16.012,-0.03,-0.025
16.014,-0.04,-0.025
16.016,-0.005,-0.03
16.018,-0.045,-0.03
16.02,-0.05,-0.035
16.022,-0.065,-0.04
16.024,-0.05,-0.045
16.026,-0.07,-0.045
16.028,-0.1,-0.045
16.03,-0.045,-0.04
16.032,0.02,-0.035
16.034,0.005,-0.03
16.036,-0.02,-0.025
16.038,-0.015,-0.02
16.04,-0.025,-0.015
16.042,-0.015,-0.015
16.044,-0.03,-0.02
16.046,-0.025,-0.025
16.048,-0.02,-0.03
16.05,-0.02,-0.04
16.052,-0.035,-0.045
16.054,-0.04,-0.05
16.056,-0.105,-0.055
16.058,-0.14,-0.055
16.06,-0.055,-0.055
16.062,-0.025,-0.055
16.064,-0.035,-0.05
16.066,-0.035,-0.05
16.068,-0.03,-0.045
16.07,-0.06,-0.045
16.072,-0.05,-0.04
16.074,-0.04,-0.04
16.076,-0.045,-0.04
16.078,-0.07,-0.035
16.08,-0.075,-0.035
16.082,-0.04,-0.035
16.084,-0.04,-0.035
16.086,-0.055,-0.035
16.088,-0.045,-0.035
16.09,-0.035,-0.035
16.092,-0.04,-0.035
16.094,-0.02,-0.03
16.096,-0.015,-0.03
16.098,-0.05,-0.03
16.1,-0.02,-0.025
16.102,-0.035,-0.025
16.104,-0.05,-0.025
16.106,-0.045,-0.025
16.108,-0.05,-0.025
16.11,-0.025,-0.025
16.112,-0.035,-0.025
16.114,-0.045,-0.025
16.116,-0.01,-0.02
16.118,-0.02,-0.02
16.12,-0.035,-0.02
16.122,-0.03,-0.015
16.124,-0.03,-0.015
16.126,-0.045,-0.01
16.128,-0.05,-0.005
16.13,-0.045,-0.005
16.132,-0.065,0.0
16.134,-0.025,0.005
16.136,0.08,0.01
16.138,0.08,0.01
16.14,0.03,0.015
16.142,-0.02,0.02
16.144,-0.02,0.02
16.146,-0.03,0.02
16.148,-0.045,0.015
16.15,-0.04,0.005
16.152,-0.04,-0.005
16.154,-0.035,-0.02
16.156,-0.05,-0.035
16.158,-0.055,-0.055
16.16,-0.075,-0.065
16.162,-0.075,-0.075
16.164,-0.07,-0.08
16.166,-0.06,-0.08
16.168,-0.095,-0.075
16.17,-0.08,-0.065
16.172,-0.05,-0.06
16.174,-0.065,-0.055
16.176,-0.08,-0.05
16.178,-0.095,-0.055
16.18,-0.13,-0.06
16.182,-0.1,-0.065
16.184,-0.055,-0.07
16.186,-0.04,-0.07
16.188,-0.01,-0.065
16.19,-0.055,-0.055
16.192,-0.09,-0.045
16.194,-0.075,-0.035
16.196,-0.04,-0.03
16.198,-0.055,-0.025
16.2,-0.07,-0.025
16.202,-0.035,-0.035
16.204,-0.065,-0.045
16.206,-0.06,-0.055
16.208,-0.05,-0.06
16.21,-0.065,-0.065
16.212,-0.075,-0.06
16.214,-0.065,-0.055
16.216,-0.03,-0.05
16.218,-0.04,-0.04
16.22,-0.08,-0.035
16.222,-0.09,-0.035
16.224,-0.075,-0.04
16.226,-0.08,-0.045
16.228,-0.08,-0.055
16.23,-0.04,-0.065
16.232,-0.075,-0.075
16.234,-0.115,-0.075
16.236,-0.11,-0.07
16.238,-0.03,-0.055
16.24,-0.02,-0.025
16.242,-0.02,0.015
16.244,0.04,0.07
16.246,0.105,0.14
16.248,0.19,0.22
16.25,0.34,0.31
16.252,0.45,0.405
16.254,0.51,0.5
16.256,0.595,0.575
16.258,0.71,0.635
16.26,0.71,0.67
16.262,0.69,0.67
16.264,0.61,0.64
16.266,0.485,0.58
16.268,0.415,0.495
16.27,0.355,0.395
16.272,0.295,0.29
16.274,0.195,0.18
16.276,0.065,0.085
16.278,-0.045,0.005
16.28,-0.145,-0.06
16.282,-0.16,-0.105
16.284,-0.2,-0.135
16.286,-0.195,-0.155
16.288,-0.155,-0.16
16.29,-0.175,-0.16
16.292,-0.165,-0.15
16.294,-0.14,-0.135
16.296,-0.11,-0.12
16.298,-0.115,-0.1
16.3,-0.045,-0.08
16.302,-0.045,-0.06
16.304,-0.025,-0.045
16.306,-0.045,-0.035
16.308,-0.09,-0.03
16.31,-0.09,-0.03
16.312,-0.08,-0.035
16.314,-0.1,-0.04
16.316,-0.09,-0.05
16.318,-0.075,-0.055
16.32,-0.075,-0.055
16.322,-0.07,-0.06
16.324,-0.015,-0.055
16.326,-0.07,-0.055
16.328,-0.055,-0.05
16.33,-0.05,-0.05
16.332,-0.075,-0.05
16.334,-0.08,-0.05
16.336,-0.07,-0.055
16.338,-0.045,-0.055
16.34,-0.06,-0.055
16.342,-0.105,-0.055
16.344,-0.13,-0.05
16.346,-0.07,-0.045
16.348,-0.02,-0.035
16.35,-0.035,-0.03
16.352,-0.05,-0.02
16.354,-0.025,-0.015
16.356,-0.04,-0.015
16.358,-0.05,-0.015
16.36,-0.04,-0.015
16.362,-0.05,-0.015
16.364,-0.055,-0.015
16.366,-0.04,-0.015
16.368,-0.03,-0.015
16.37,-0.045,-0.015
16.372,-0.06,-0.02
16.374,-0.035,-0.02
16.376,-0.025,-0.025
16.378,-0.04,-0.03
16.38,-0.05,-0.03
16.382,-0.09,-0.035
16.384,-0.08,-0.035
16.386,-0.05,-0.03
16.388,-0.015,-0.025
16.39,-0.03,-0.02
16.392,-0.05,-0.01
16.394,-0.01,-0.005
16.396,0.015,0.0
16.398,-0.015,0.005
16.4,-0.04,0.005
16.402,-0.035,0.005
16.404,-0.05,0.005
16.406,-0.03,0.0
16.408,-0.015,0.0
16.41,-0.025,0.0
16.412,-0.045,0.0
16.414,-0.025,0.005
16.416,0.02,0.01
16.418,0.035,0.015
16.42,0.015,0.02
16.422,0.025,0.025
16.424,0.0,0.03
16.426,-0.01,0.035
16.428,-0.005,0.03
16.43,0.015,0.03
16.432,0.005,0.03
16.434,0.0,0.03
16.436,0.04,0.03
16.438,0.04,0.035
16.44,0.03,0.04
16.442,-0.02,0.055
16.444,0.0,0.065
16.446,0.05,0.08
16.448,0.11,0.09
16.45,0.105,0.095
16.452,0.09,0.1
16.454,0.085,0.095
16.456,0.045,0.095
16.458,0.055,0.09
16.46,0.06,0.085
16.462,0.075,0.085
16.464,0.075,0.09
16.466,0.09,0.095
16.468,0.12,0.1
16.47,0.095,0.11
16.472,0.055,0.115
16.474,0.055,0.12
16.476,0.1,0.12
16.478,0.11,0.12
16.48,0.055,0.115
16.482,0.105,0.115
16.484,0.12,0.115
16.486,0.11,0.12
16.488,0.115,0.12
16.49,0.1,0.12
16.492,0.105,0.12
16.494,0.1,0.115
16.496,0.065,0.105
16.498,0.025,0.085
16.5,0.03,0.065
16.502,0.05,0.05
16.504,-0.005,0.03
16.506,0.015,0.025
16.508,0.055,0.02
16.51,0.01,0.025
16.512,0.01,0.035
16.514,-0.005,0.045
16.516,0.055,0.055
16.518,0.025,0.06
16.52,0.015,0.055
16.522,-0.025,0.045
16.524,0.005,0.025
16.526,-0.005,0.005
16.528,-0.06,-0.015
16.53,-0.045,-0.03
16.532,-0.04,-0.035
16.534,-0.085,-0.04
16.536,-0.035,-0.035
16.538,-0.015,-0.025
16.54,-0.035,-0.015
16.542,-0.04,-0.005
16.544,-0.05,0.0
16.546,-0.065,0.0
16.548,-0.045,-0.005
16.55,-0.05,-0.01
16.552,-0.05,-0.02
16.554,-0.06,-0.03
16.556,-0.08,-0.04
16.558,-0.08,-0.05
16.56,-0.05,-0.055
16.562,-0.075,-0.055
16.564,-0.1,-0.055
16.566,-0.085,-0.05
16.568,-0.055,-0.045
16.57,-0.055,-0.04
16.572,-0.075,-0.03
16.574,-0.07,-0.025
16.576,-0.085,-0.02
16.578,-0.03,-0.015
16.58,0.02,-0.02
16.582,-0.04,-0.02
16.584,-0.05,-0.025
16.586,-0.06,-0.035
16.588,-0.09,-0.04
16.59,-0.085,-0.045
16.592,-0.04,-0.045
16.594,-0.055,-0.045
16.596,-0.11,-0.04
16.598,-0.135,-0.035
16.6,-0.045,-0.03
16.602,0.005,-0.025
16.604,-0.005,-0.02
16.606,-0.045,-0.025
16.608,-0.1,-0.025
16.61,-0.08,-0.025
16.612,-0.05,-0.03
16.614,-0.02,-0.03
16.616,-0.045,-0.025
16.618,-0.05,-0.025
16.62,-0.05,-0.02
16.622,-0.035,-0.02
16.624,-0.045,-0.02
16.626,-0.06,-0.02
16.628,-0.055,-0.03
16.63,-0.045,-0.035
16.632,-0.08,-0.045
16.634,-0.105,-0.05
16.636,-0.085,-0.055
16.638,-0.06,-0.055
16.64,-0.04,-0.055
16.642,-0.05,-0.045
16.644,-0.06,-0.04
16.646,-0.045,-0.035
16.648,-0.05,-0.03
16.65,-0.025,-0.03
16.652,-0.07,-0.03
16.654,-0.06,-0.035
16.656,-0.06,-0.04
16.658,-0.07,-0.045
16.66,-0.075,-0.05
16.662,-0.065,-0.055
16.664,-0.06,-0.05
16.666,-0.04,-0.05
16.668,-0.025,-0.045
16.67,-0.055,-0.045
16.672,-0.12,-0.04
16.674,-0.075,-0.04
16.676,-0.075,-0.04
16.678,-0.09,-0.04
16.68,-0.1,-0.045
16.682,-0.065,-0.045
16.684,-0.06,-0.045
16.686,-0.06,-0.045
16.688,-0.075,-0.04
16.69,-0.07,-0.035
16.692,-0.08,-0.03
16.694,-0.05,-0.025
16.696,-0.05,-0.025
16.698,-0.065,-0.025
16.7,-0.045,-0.025
16.702,-0.045,-0.03
16.704,-0.085,-0.035
16.706,-0.08,-0.035
16.708,-0.05,-0.04
16.71,-0.055,-0.04
16.712,-0.02,-0.035
16.714,-0.035,-0.03
16.716,-0.045,-0.025
16.718,-0.085,-0.02
16.72,-0.105,-0.015
16.722,-0.055,-0.015
16.724,-0.04,-0.015
16.726,-0.045,-0.015
16.728,-0.025,-0.02
16.73,-0.02,-0.025
16.732,-0.065,-0.03
16.734,-0.085,-0.035
16.736,-0.09,-0.04
16.738,-0.07,-0.04
16.74,-0.04,-0.04
16.742,-0.045,-0.04
16.744,-0.065,-0.04
16.746,-0.05,-0.04
16.748,-0.055,-0.04
16.75,-0.12,-0.045
16.752,-0.14,-0.045
16.754,-0.09,-0.05
16.756,-0.075,-0.05
16.758,-0.08,-0.05
16.76,-0.065,-0.055
16.762,-0.045,-0.055
16.764,-0.025,-0.05
16.766,-0.035,-0.05
16.768,-0.06,-0.05
16.77,-0.065,-0.045
16.772,-0.075,-0.045
16.774,-0.07,-0.04
16.776,-0.085,-0.04
16.778,-0.095,-0.04
16.78,-0.07,-0.035
16.782,-0.055,-0.035
16.784,-0.065,-0.04
16.786,-0.075,-0.04
16.788,-0.07,-0.04
16.79,-0.07,-0.045
16.792,-0.06,-0.05
16.794,-0.08,-0.05
16.796,-0.08,-0.05
16.798,-0.04,-0.05
16.8,-0.07,-0.05
16.802,-0.055,-0.045
16.804,-0.06,-0.045
16.806,-0.12,-0.04
16.808,-0.085,-0.035
16.81,-0.055,-0.035
16.812,-0.04,-0.035
16.814,-0.05,-0.035
16.816,-0.045,-0.04
16.818,-0.085,-0.04
16.82,-0.08,-0.045
16.822,-0.045,-0.045
16.824,-0.03,-0.045
16.826,-0.03,-0.045
16.828,-0.03,-0.04
16.83,-0.055,-0.04
16.832,-0.065,-0.035
16.834,-0.065,-0.035
16.836,-0.085,-0.035
16.838,-0.055,-0.035
16.84,-0.085,-0.04
16.842,-0.11,-0.04
16.844,-0.035,-0.035
16.846,-0.04,-0.035
16.848,-0.035,-0.03
16.85,-0.045,-0.02
16.852,-0.01,-0.015
16.854,-0.03,-0.01
16.856,-0.055,-0.01
16.858,-0.06,-0.01
16.86,-0.08,-0.015
16.862,-0.04,-0.02
16.864,-0.035,-0.025
16.866,-0.04,-0.03
16.868,-0.035,-0.03
16.87,-0.025,-0.03
16.872,-0.035,-0.02
16.874,-0.045,-0.01
16.876,-0.015,0.005
16.878,0.02,0.015
16.88,0.0,0.03
16.882,0.03,0.035
16.884,0.01,0.03
16.886,-0.015,0.025
16.888,-0.005,0.01
16.89,-0.04,-0.005
16.892,-0.085,-0.025
16.894,-0.085,-0.04
16.896,-0.08,-0.05
16.898,-0.075,-0.06
16.9,-0.095,-0.06
16.902,-0.08,-0.06
16.904,-0.04,-0.055
16.906,-0.03,-0.05
16.908,-0.05,-0.045
16.91,-0.055,-0.04
16.912,-0.1,-0.04
16.914,-0.09,-0.04
16.916,-0.05,-0.045
16.918,-0.06,-0.045
16.92,-0.075,-0.045
16.922,-0.075,-0.045
16.924,-0.065,-0.045
16.926,-0.095,-0.04
16.928,-0.04,-0.04
16.93,-0.05,-0.035
16.932,-0.07,-0.035
16.934,-0.085,-0.04
16.936,-0.05,-0.045
16.938,-0.075,-0.05
16.94,-0.09,-0.05
16.942,-0.12,-0.055
16.944,-0.095,-0.055
16.946,-0.04,-0.055
16.948,-0.04,-0.05
16.95,-0.045,-0.04
16.952,-0.075,-0.035
16.954,-0.08,-0.03
16.956,-0.035,-0.03
16.958,-0.03,-0.035
16.96,-0.04,-0.04
16.962,-0.065,-0.05
16.964,-0.135,-0.055
16.966,-0.105,-0.06
16.968,-0.05,-0.06
16.97,-0.075,-0.06
16.972,-0.05,-0.06
16.974,-0.04,-0.055
16.976,-0.055,-0.05
16.978,-0.11,-0.05
16.98,-0.09,-0.045
16.982,-0.06,-0.035
16.984,-0.005,-0.015
16.986,0.025,0.02
16.988,0.07,0.065
16.99,0.125,0.13
16.992,0.205,0.21
16.994,0.305,0.3
16.996,0.395,0.385
16.998,0.47,0.465
17.0,0.56,0.52
17.002,0.57,0.555
17.004,0.545,0.56
17.006,0.555,0.535
17.008,0.455,0.485
17.01,0.35,0.415
17.012,0.265,0.33
17.014,0.19,0.245
17.016,0.13,0.16
17.018,0.06,0.08
17.02,0.025,0.015
17.022,-0.095,-0.045
17.024,-0.16,-0.09
17.026,-0.18,-0.125
17.028,-0.215,-0.15
17.03,-0.215,-0.17
17.032,-0.185,-0.175
17.034,-0.185,-0.175
17.036,-0.22,-0.17
17.038,-0.17,-0.16
17.04,-0.09,-0.14
17.042,-0.12,-0.12
17.044,-0.145,-0.1
17.046,-0.125,-0.08
17.048,-0.095,-0.065
17.05,-0.015,-0.045
17.052,0.01,-0.035
17.054,-0.025,-0.02
17.056,-0.04,-0.015
17.058,-0.045,-0.005
17.06,0.0,-0.005
17.062,-0.01,0.0
17.064,-0.01,0.0
17.066,-0.04,-0.005
17.068,-0.015,-0.01
17.07,-0.025,-0.01
17.072,-0.035,-0.015
17.074,-0.035,-0.015
17.076,-0.015,-0.02
17.078,-0.025,-0.02
17.08,-0.04,-0.02
17.082,-0.035,-0.02
17.084,-0.04,-0.015
17.086,-0.07,-0.015
17.088,-0.03,-0.01
17.09,-0.02,-0.01
17.092,-0.03,-0.01
17.094,-0.015,-0.005
17.096,-0.01,-0.005
17.098,0.01,0.0
17.1,0.0,0.0
17.102,-0.01,-0.005
17.104,-0.01,-0.005
17.106,-0.035,-0.01
17.108,-0.015,-0.02
17.11,-0.005,-0.025
17.112,-0.075,-0.03
17.114,-0.04,-0.03
17.116,-0.005,-0.03
17.118,-0.025,-0.025
17.12,-0.03,-0.02
17.122,-0.04,-0.015
17.124,-0.06,-0.005
17.126,-0.02,0.0
17.128,-0.02,0.005
17.13,0.005,0.005
17.132,0.005,0.005
17.134,-0.01,0.01
17.136,0.0,0.01
17.138,0.045,0.015
17.14,0.03,0.02
17.142,0.025,0.025
17.144,0.005,0.035
17.146,-0.025,0.04
17.148,0.03,0.045
17.15,0.04,0.05
17.152,0.015,0.05
17.154,0.02,0.045
17.156,0.01,0.035
17.158,-0.005,0.03
17.16,0.045,0.025
17.162,0.06,0.02
17.164,0.01,0.02
17.166,0.005,0.03
17.168,0.035,0.04
17.17,0.095,0.05
17.172,0.07,0.06
17.174,0.05,0.07
17.176,0.05,0.075
17.178,0.03,0.08
17.18,0.03,0.075
17.182,0.05,0.07
17.184,0.08,0.065
17.186,0.08,0.06
17.188,0.11,0.06
17.19,0.11,0.065
17.192,0.105,0.075
17.194,0.09,0.085
17.196,0.085,0.105
17.198,0.085,0.12
17.2,0.14,0.135
17.202,0.17,0.15
17.204,0.16,0.155
17.206,0.155,0.16
17.208,0.14,0.155
17.21,0.1,0.155
17.212,0.135,0.15
17.214,0.11,0.145
17.216,0.1,0.14
17.218,0.18,0.135
17.22,0.14,0.14
17.222,0.1,0.14
17.224,0.17,0.145
17.226,0.175,0.15
17.228,0.185,0.155
17.23,0.17,0.155
17.232,0.135,0.155
17.234,0.1,0.15
17.236,0.065,0.145
17.238,0.105,0.135
17.24,0.13,0.125
17.242,0.125,0.115
17.244,0.105,0.105
17.246,0.105,0.095
17.248,0.065,0.09
17.25,0.04,0.08
17.252,0.06,0.075
17.254,0.095,0.065
17.256,0.04,0.055
17.258,0.015,0.04
17.26,0.05,0.025
17.262,0.065,0.015
17.264,-0.005,0.0
17.266,-0.055,-0.01
17.268,-0.02,-0.015
17.27,-0.015,-0.02
17.272,-0.015,-0.02
17.274,0.02,-0.015
17.276,0.035,-0.01
17.278,0.01,-0.01
17.28,0.02,-0.005
17.282,-0.02,-0.005
17.284,-0.035,0.0
17.286,-0.015,-0.005
17.288,-0.025,-0.005
17.29,-0.02,-0.01
17.292,0.0,-0.01
17.294,-0.01,-0.015
17.296,-0.025,-0.02
17.298,-0.015,-0.025
17.3,-0.02,-0.025
17.302,-0.02,-0.03
17.304,-0.04,-0.03
17.306,-0.08,-0.03
17.308,-0.03,-0.03
17.31,0.0,-0.03
17.312,-0.03,-0.03
17.314,-0.02,-0.03
17.316,-0.015,-0.03
17.318,-0.025,-0.03
17.32,-0.025,-0.035
17.322,-0.025,-0.035
17.324,-0.07,-0.04
17.326,-0.085,-0.045
17.328,-0.045,-0.045
17.33,0.0,-0.045
17.332,-0.005,-0.045
17.334,-0.085,-0.045
17.336,-0.035,-0.045
17.338,-0.045,-0.045
17.34,-0.04,-0.045
17.342,-0.06,-0.05
17.344,-0.06,-0.05
17.346,-0.03,-0.055
17.348,-0.015,-0.055
17.35,-0.03,-0.055
17.352,-0.03,-0.055
17.354,-0.025,-0.055
17.356,-0.03,-0.05
17.358,-0.035,-0.045
17.36,-0.065,-0.04
17.362,-0.035,-0.04
17.364,-0.015,-0.04
17.366,-0.05,-0.04
17.368,-0.03,-0.045
17.37,-0.005,-0.045
17.372,-0.03,-0.05
17.374,-0.055,-0.05
17.376,-0.06,-0.05
17.378,-0.07,-0.045
17.38,-0.045,-0.045
17.382,-0.03,-0.04
17.384,0.005,-0.035
17.386,0.01,-0.03
17.388,-0.01,-0.03
17.39,-0.05,-0.03
17.392,-0.035,-0.03
17.394,-0.025,-0.035
17.396,-0.055,-0.04
17.398,-0.085,-0.045
17.4,-0.05,-0.05
17.402,-0.005,-0.05
17.404,-0.02,-0.05
17.406,-0.02,-0.045
17.408,0.015,-0.04
17.41,-0.025,-0.035
17.412,-0.07,-0.025
17.414,-0.03,-0.02
17.416,0.0,-0.015
17.418,-0.015,-0.01
17.42,-0.035,-0.01
17.422,-0.02,-0.01
17.424,-0.01,-0.015
17.426,-0.01,-0.02
17.428,-0.01,-0.025
17.43,-0.025,-0.03
17.432,-0.02,-0.035
17.434,-0.035,-0.04
17.436,-0.05,-0.04
17.438,-0.035,-0.04
17.44,-0.035,-0.04
17.442,-0.065,-0.04
17.444,-0.025,-0.04
17.446,-0.025,-0.04
17.448,-0.045,-0.04
17.45,-0.055,-0.04
17.452,-0.025,-0.04
17.454,-0.04,-0.045
17.456,-0.025,-0.045
17.458,-0.015,-0.05
17.46,-0.005,-0.05
17.462,-0.025,-0.055
17.464,-0.035,-0.055
17.466,-0.03,-0.05
17.468,-0.04,-0.05
17.47,-0.02,-0.045
17.472,0.0,-0.04
17.474,-0.015,-0.035
17.476,-0.02,-0.03
17.478,-0.03,-0.025
17.48,-0.05,-0.02
17.482,-0.015,-0.02
17.484,-0.02,-0.02
17.486,0.01,-0.015
17.488,0.01,-0.015
17.49,0.0,-0.015
17.492,0.0,-0.015
17.494,-0.02,-0.02
17.496,-0.04,-0.02
17.498,-0.025,-0.025
17.5,-0.025,-0.03
17.502,-0.035,-0.04
17.504,-0.01,-0.045
17.506,-0.06,-0.045
17.508,-0.075,-0.045
17.51,-0.025,-0.04
17.512,0.01,-0.03
17.514,0.035,-0.015
17.516,0.025,-0.005
17.518,0.05,0.01
17.52,0.025,0.015
17.522,-0.01,0.02
17.524,0.015,0.015
17.526,0.0,0.005
17.528,-0.035,-0.01
17.53,-0.06,-0.025
17.532,-0.04,-0.04
17.534,-0.04,-0.055
17.536,-0.035,-0.065
17.538,-0.04,-0.065
17.54,-0.035,-0.065
17.542,-0.005,-0.06
17.544,-0.055,-0.055
17.546,-0.045,-0.05
17.548,-0.025,-0.045
17.55,-0.015,-0.045
17.552,-0.005,-0.045
17.554,-0.035,-0.045
17.556,-0.05,-0.045
17.558,-0.025,-0.045
17.56,-0.045,-0.05
17.562,-0.035,-0.05
17.564,-0.025,-0.05
17.566,-0.03,-0.05
17.568,-0.055,-0.05
17.57,-0.08,-0.055
17.572,-0.05,-0.06
17.574,-0.01,-0.065
17.576,-0.005,-0.065
17.578,-0.045,-0.07
17.58,-0.09,-0.07
17.582,-0.045,-0.065
17.584,-0.045,-0.06
17.586,-0.03,-0.055
17.588,-0.015,-0.05
17.59,-0.03,-0.045
17.592,0.0,-0.045
17.594,-0.02,-0.045
17.596,-0.05,-0.05
17.598,-0.07,-0.055
17.6,-0.06,-0.06
17.602,-0.045,-0.065
17.604,-0.075,-0.07
17.606,-0.055,-0.075
17.608,-0.06,-0.075
17.61,-0.04,-0.075
17.612,-0.03,-0.07
17.614,-0.02,-0.07
17.616,-0.035,-0.065
17.618,-0.05,-0.055
17.62,-0.035,-0.045
17.622,-0.02,-0.02
17.624,0.025,0.015
17.626,0.11,0.07
17.628,0.165,0.13
17.63,0.26,0.21
17.632,0.32,0.29
17.634,0.405,0.37
17.636,0.49,0.435
17.638,0.575,0.48
17.64,0.535,0.5
17.642,0.485,0.485
17.644,0.415,0.445
17.646,0.38,0.375
17.648,0.265,0.295
17.65,0.145,0.2
17.652,0.125,0.11
17.654,0.075,0.025
17.656,0.01,-0.04
17.658,-0.11,-0.095
17.66,-0.185,-0.13
17.662,-0.205,-0.155
17.664,-0.185,-0.17
17.666,-0.19,-0.175
17.668,-0.165,-0.18
17.67,-0.165,-0.18
17.672,-0.17,-0.18
17.674,-0.145,-0.17
17.676,-0.155,-0.16
17.678,-0.16,-0.145
17.68,-0.065,-0.125
17.682,-0.02,-0.105
17.684,-0.06,-0.085
17.686,-0.07,-0.065
17.688,-0.035,-0.055
17.69,-0.045,-0.05
17.692,-0.05,-0.045
17.694,-0.04,-0.05
17.696,-0.025,-0.05
17.698,-0.02,-0.055
17.7,-0.04,-0.055
17.702,-0.03,-0.05
17.704,-0.045,-0.045
17.706,-0.055,-0.04
17.708,-0.015,-0.03
17.71,-0.02,-0.025
17.712,-0.02,-0.02
17.714,-0.025,-0.02
17.716,-0.035,-0.025
17.718,-0.045,-0.025
17.72,-0.01,-0.03
17.722,-0.015,-0.035
17.724,-0.025,-0.035
17.726,0.015,-0.03
17.728,0.0,-0.03
17.73,-0.035,-0.025
17.732,-0.055,-0.02
17.734,-0.015,-0.02
17.736,0.005,-0.02
17.738,0.0,-0.02
17.74,-0.03,-0.025
17.742,0.01,-0.025
17.744,0.035,-0.025
17.746,0.025,-0.025
17.748,0.01,-0.02
17.75,-0.005,-0.015
17.752,-0.02,-0.01
17.754,-0.04,-0.01
17.756,-0.01,-0.01
17.758,-0.02,-0.01
17.76,-0.01,-0.015
17.762,0.015,-0.02
17.764,0.025,-0.025
17.766,-0.02,-0.03
17.768,-0.015,-0.025
17.77,-0.045,-0.02
17.772,-0.005,-0.015
17.774,0.045,0.0
17.776,0.04,0.005
17.778,0.015,0.015
17.78,0.015,0.015
17.782,0.015,0.015
17.784,0.03,0.01
17.786,0.05,0.005
17.788,0.02,-0.005
17.79,0.03,-0.01
17.792,0.02,-0.015
17.794,0.025,-0.01
17.796,0.025,-0.005
17.798,0.025,0.005
17.8,0.055,0.015
17.802,0.035,0.025
17.804,0.055,0.035
17.806,0.06,0.045
17.808,0.075,0.05
17.81,0.08,0.055
17.812,0.08,0.06
17.814,0.09,0.065
17.816,0.13,0.07
17.818,0.13,0.075
17.82,0.105,0.085
17.822,0.1,0.09
17.824,0.07,0.1
17.826,0.105,0.105
17.828,0.11,0.11
17.83,0.12,0.11
17.832,0.135,0.11
17.834,0.115,0.11
17.836,0.105,0.11
17.838,0.125,0.11
17.84,0.16,0.115
17.842,0.14,0.12
17.844,0.135,0.125
17.846,0.16,0.135
17.848,0.19,0.14
17.85,0.195,0.15
17.852,0.175,0.155
17.854,0.175,0.165
17.856,0.185,0.165
17.858,0.165,0.165
17.86,0.155,0.165
17.862,0.135,0.16
17.864,0.125,0.155
17.866,0.145,0.15
17.868,0.16,0.145
17.87,0.18,0.14
17.872,0.13,0.135
17.874,0.125,0.135
17.876,0.165,0.13
17.878,0.13,0.125
17.88,0.095,0.115
17.882,0.1,0.105
17.884,0.1,0.09
17.886,0.115,0.08
17.888,0.075,0.06
17.89,0.055,0.05
17.892,0.025,0.035
17.894,-0.01,0.025
17.896,0.03,0.02
17.898,0.005,0.015
17.9,0.03,0.01
17.902,0.01,0.005
17.904,0.02,0.005
17.906,0.0,0.0
17.908,0.005,-0.005
17.91,0.01,-0.01
17.912,0.01,-0.015
17.914,0.01,-0.015
17.916,-0.015,-0.02
17.918,-0.015,-0.02
17.92,-0.005,-0.02
17.922,-0.005,-0.02
17.924,-0.005,-0.02
17.926,-0.02,-0.02
17.928,-0.03,-0.02
17.93,-0.045,-0.025
17.932,-0.01,-0.025
17.934,-0.045,-0.03
17.936,-0.03,-0.035
17.938,-0.015,-0.035
17.94,-0.035,-0.04
17.942,-0.02,-0.045
17.944,-0.03,-0.045
17.946,-0.025,-0.05
17.948,-0.025,-0.05
17.95,-0.055,-0.055
17.952,-0.055,-0.06
17.954,-0.07,-0.06
17.956,-0.095,-0.065
17.958,-0.045,-0.065
17.96,-0.02,-0.065
17.962,-0.07,-0.065
17.964,-0.055,-0.06
17.966,-0.015,-0.06
17.968,-0.02,-0.055
17.97,-0.025,-0.05
17.972,-0.025,-0.045
17.974,-0.015,-0.04
17.976,-0.02,-0.04
17.978,-0.035,-0.04
17.98,-0.07,-0.045
17.982,-0.085,-0.045
17.984,-0.05,-0.05
17.986,-0.02,-0.055
17.988,-0.06,-0.06
17.99,-0.065,-0.065
17.992,-0.045,-0.06
17.994,-0.015,-0.06
17.996,0.005,-0.055
17.998,-0.045,-0.05
18.0,-0.035,-0.04
18.002,-0.03,-0.04
18.004,-0.05,-0.04
18.006,-0.045,-0.04
18.008,-0.03,-0.05
18.01,-0.055,-0.055
18.012,-0.06,-0.065
18.014,-0.045,-0.07
18.016,-0.06,-0.07
18.018,-0.07,-0.07
18.02,-0.07,-0.065
18.022,-0.03,-0.055
18.024,0.0,-0.045
18.026,0.0,-0.03
18.028,-0.035,-0.025
18.03,-0.03,-0.02
18.032,-0.01,-0.02
18.034,-0.025,-0.02
18.036,-0.005,-0.025
18.038,-0.03,-0.035
18.04,-0.015,-0.04
18.042,-0.05,-0.045
18.044,-0.06,-0.045
18.046,-0.1,-0.045
18.048,-0.035,-0.045
18.05,-0.03,-0.045
18.052,-0.03,-0.04
18.054,-0.005,-0.04
18.056,0.015,-0.035
18.058,-0.03,-0.035
18.06,-0.025,-0.035
18.062,-0.015,-0.035
18.064,-0.035,-0.035
18.066,-0.06,-0.035
18.068,-0.055,-0.035
18.07,-0.06,-0.035
18.072,-0.055,-0.04
18.074,-0.06,-0.04
18.076,-0.055,-0.045
18.078,-0.025,-0.05
18.08,-0.03,-0.05
18.082,-0.065,-0.055
18.084,-0.04,-0.055
18.086,-0.035,-0.06
18.088,-0.055,-0.06
18.09,-0.065,-0.06
18.092,-0.06,-0.06
18.094,-0.035,-0.06
18.096,-0.05,-0.06
18.098,-0.035,-0.055
18.1,-0.025,-0.05
18.102,-0.01,-0.045
18.104,-0.035,-0.04
18.106,-0.065,-0.035
18.108,-0.09,-0.035
18.11,-0.06,-0.04
18.112,-0.04,-0.045
18.114,-0.02,-0.055
18.116,-0.06,-0.06
18.118,-0.04,-0.065
18.12,-0.095,-0.07
18.122,-0.06,-0.07
18.124,-0.03,-0.065
18.126,-0.05,-0.06
18.128,-0.075,-0.055
18.13,-0.08,-0.045
18.132,-0.065,-0.04
18.134,-0.035,-0.035
18.136,-0.005,-0.035
18.138,0.0,-0.035
18.14,-0.025,-0.035
18.142,-0.03,-0.035
18.144,-0.035,-0.035
18.146,-0.07,-0.035
18.148,-0.09,-0.035
18.15,-0.05,-0.035
18.152,-0.005,-0.035
18.154,-0.015,-0.035
18.156,-0.03,-0.04
18.158,-0.05,-0.04
18.16,-0.045,-0.04
18.162,-0.04,-0.04
18.164,-0.02,-0.035
18.166,-0.03,-0.03
18.168,-0.005,-0.025
18.17,0.0,-0.02
18.172,-0.025,-0.01
18.174,-0.02,-0.005
18.176,0.025,0.0
18.178,0.01,0.0
18.18,0.01,0.0
18.182,0.01,0.0
18.184,0.025,-0.005
18.186,-0.005,-0.01
18.188,-0.01,-0.015
18.19,-0.04,-0.02
18.192,-0.03,-0.025
18.194,-0.065,-0.03
18.196,-0.04,-0.04
18.198,-0.045,-0.045
18.2,-0.035,-0.045
18.202,-0.06,-0.05
18.204,-0.035,-0.05
18.206,-0.04,-0.05
18.208,-0.07,-0.05
18.21,-0.07,-0.05
18.212,-0.08,-0.05
18.214,-0.05,-0.05
18.216,-0.03,-0.05
18.218,-0.055,-0.055
18.22,-0.05,-0.055
18.222,-0.085,-0.06
18.224,-0.075,-0.06
18.226,-0.04,-0.06
18.228,-0.035,-0.06
18.23,-0.065,-0.055
18.232,-0.08,-0.055
18.234,-0.09,-0.05
18.236,-0.065,-0.05
18.238,-0.035,-0.045
18.24,-0.04,-0.045
18.242,-0.055,-0.045
18.244,-0.055,-0.045
18.246,-0.015,-0.045
18.248,-0.035,-0.045
18.25,-0.05,-0.04
18.252,-0.045,-0.035
18.254,-0.085,-0.035
18.256,-0.09,-0.03
18.258,-0.04,-0.03
18.26,-0.03,-0.03
18.262,-0.045,-0.03
18.264,-0.04,-0.035
18.266,-0.05,-0.04
18.268,-0.06,-0.045
18.27,-0.06,-0.045
18.272,-0.08,-0.05
18.274,-0.085,-0.055
18.276,-0.11,-0.06
18.278,-0.065,-0.065
18.28,-0.07,-0.07
18.282,-0.1,-0.065
18.284,-0.045,-0.055
18.286,-0.05,-0.035
18.288,-0.01,-0.005
18.29,0.035,0.045
18.292,0.095,0.11
18.294,0.19,0.19
18.296,0.295,0.28
18.298,0.4,0.375
18.3,0.495,0.465
18.302,0.595,0.545
18.304,0.67,0.61
18.306,0.705,0.645
18.308,0.62,0.655
18.31,0.605,0.635
18.312,0.56,0.59
18.314,0.485,0.52
18.316,0.345,0.435
18.318,0.32,0.345
18.32,0.3,0.245
18.322,0.19,0.155
18.324,0.035,0.07
18.326,-0.095,-0.005
18.328,-0.13,-0.06
18.33,-0.17,-0.1
18.332,-0.155,-0.13
18.334,-0.155,-0.145
18.336,-0.16,-0.15
18.338,-0.175,-0.15
18.34,-0.16,-0.145
18.342,-0.135,-0.14
18.344,-0.135,-0.13
18.346,-0.105,-0.12
18.348,-0.08,-0.105
18.35,-0.085,-0.095
18.352,-0.05,-0.085
18.354,-0.105,-0.075
18.356,-0.12,-0.065
18.358,-0.06,-0.06
18.36,-0.03,-0.05
18.362,-0.06,-0.045
18.364,-0.045,-0.04
18.366,0.0,-0.04
18.368,0.005,-0.035
18.37,-0.07,-0.03
18.372,-0.04,-0.025
18.374,-0.02,-0.025
18.376,-0.025,-0.03
18.378,-0.045,-0.03
18.38,-0.07,-0.04
18.382,-0.1,-0.045
18.384,-0.085,-0.055
18.386,-0.065,-0.06
18.388,-0.105,-0.065
18.39,-0.115,-0.065
18.392,-0.065,-0.055
18.394,-0.04,-0.05
18.396,0.015,-0.035
18.398,0.045,-0.025
18.4,-0.015,-0.015
18.402,-0.035,-0.01
18.404,-0.065,-0.005
18.406,-0.04,-0.01
18.408,-0.05,-0.01
18.41,-0.07,-0.02
18.412,-0.07,-0.025
18.414,-0.055,-0.03
18.416,-0.03,-0.03
18.418,-0.02,-0.03
18.42,-0.03,-0.03
18.422,-0.03,-0.025
18.424,-0.04,-0.02
18.426,-0.015,-0.015
18.428,-0.02,-0.01
18.43,-0.04,-0.01
18.432,-0.03,-0.01
18.434,-0.03,-0.005
18.436,-0.035,-0.01
18.438,-0.02,-0.01
18.44,-0.02,-0.01
18.442,-0.005,-0.01
18.444,-0.03,-0.01
18.446,-0.035,-0.01
18.448,-0.03,-0.01
18.45,-0.045,-0.01
18.452,-0.03,-0.005
18.454,0.0,-0.005
18.456,0.005,0.0
18.458,0.01,0.005
18.46,0.025,0.01
18.462,0.055,0.015
18.464,-0.01,0.02
18.466,0.005,0.025
18.468,0.01,0.03
18.47,-0.005,0.03
18.472,-0.01,0.03
18.474,0.005,0.03
18.476,0.045,0.03
18.478,0.03,0.025
18.48,0.0,0.025
18.482,-0.02,0.025
18.484,-0.01,0.025
18.486,0.05,0.035
18.488,0.03,0.04
18.49,0.03,0.05
18.492,0.06,0.065
18.494,0.065,0.075
18.496,0.095,0.08
18.498,0.065,0.085
18.5,0.045,0.09
18.502,0.07,0.09
18.504,0.045,0.09
18.506,0.035,0.085
18.508,0.065,0.085
18.51,0.12,0.09
18.512,0.105,0.09
18.514,0.06,0.095
18.516,0.045,0.1
18.518,0.09,0.105
18.52,0.115,0.115
18.522,0.135,0.115
18.524,0.105,0.12
18.526,0.12,0.12
18.528,0.08,0.12
18.53,0.1,0.115
18.532,0.095,0.11
18.534,0.095,0.11
18.536,0.105,0.105
18.538,0.12,0.105
18.54,0.095,0.1
18.542,0.095,0.1
18.544,0.08,0.1
18.546,0.055,0.095
18.548,0.025,0.09
18.55,0.035,0.08
18.552,0.03,0.07
18.554,0.03,0.055
18.556,0.01,0.04
18.558,-0.005,0.025
18.56,0.03,0.015
18.562,0.04,0.005
18.564,-0.02,-0.005
18.566,-0.025,-0.01
18.568,-0.02,-0.01
18.57,-0.01,-0.01
18.572,-0.03,-0.01
18.574,-0.065,-0.01
18.576,-0.05,-0.005
18.578,-0.055,-0.005
18.58,0.0,-0.01
18.582,-0.005,-0.01
18.584,-0.045,-0.015
18.586,-0.02,-0.015
18.588,-0.03,-0.02
18.59,-0.055,-0.02
18.592,-0.055,-0.02
18.594,-0.06,-0.025
18.596,-0.045,-0.025
18.598,-0.05,-0.03
18.6,-0.055,-0.035
18.602,-0.08,-0.045
18.604,-0.095,-0.05
18.606,-0.09,-0.06
18.608,-0.06,-0.065
18.61,-0.085,-0.065
18.612,-0.09,-0.065
18.614,-0.045,-0.06
18.616,-0.05,-0.05
18.618,-0.045,-0.04
18.62,-0.065,-0.03
18.622,-0.03,-0.025
18.624,-0.035,-0.02
18.626,-0.04,-0.02
18.628,-0.045,-0.02
18.63,-0.075,-0.025
18.632,-0.055,-0.03
18.634,-0.05,-0.035
18.636,-0.065,-0.04
18.638,-0.1,-0.045
18.64,-0.055,-0.045
18.642,-0.06,-0.045
18.644,-0.055,-0.04
18.646,-0.05,-0.04
18.648,-0.03,-0.035
18.65,-0.055,-0.03
18.652,-0.075,-0.025
18.654,-0.025,-0.02
18.656,-0.02,-0.02
18.658,-0.045,-0.02
18.66,-0.045,-0.02
18.662,-0.055,-0.025
18.664,-0.095,-0.03
18.666,-0.06,-0.035
18.668,-0.055,-0.04
18.67,-0.055,-0.045
18.672,-0.1,-0.05
18.674,-0.07,-0.055
18.676,-0.04,-0.06
18.678,-0.065,-0.055
18.68,-0.065,-0.055
18.682,-0.035,-0.05
18.684,-0.055,-0.04
18.686,-0.05,-0.035
18.688,-0.075,-0.03
18.69,-0.035,-0.025
18.692,-0.05,-0.025
18.694,-0.08,-0.025
18.696,-0.06,-0.025
18.698,-0.005,-0.03
18.7,-0.025,-0.03
18.702,-0.045,-0.03
18.704,-0.07,-0.03
18.706,-0.03,-0.025
18.708,-0.03,-0.02
18.71,-0.045,-0.02
18.712,-0.04,-0.02
18.714,-0.055,-0.02
18.716,-0.045,-0.02
18.718,-0.03,-0.02
18.72,-0.03,-0.025
18.722,-0.04,-0.025
18.724,-0.04,-0.025
18.726,-0.035,-0.025
18.728,-0.03,-0.025
18.73,-0.03,-0.025
18.732,-0.05,-0.025
18.734,-0.055,-0.025
18.736,-0.05,-0.03
18.738,-0.085,-0.035
18.74,-0.04,-0.04
18.742,-0.045,-0.04
18.744,-0.03,-0.04
18.746,-0.065,-0.04
18.748,-0.035,-0.035
18.75,-0.05,-0.03
18.752,-0.04,-0.02
18.754,-0.045,-0.015
18.756,-0.06,-0.01
18.758,0.0,-0.005
18.76,-0.01,-0.01
18.762,-0.05,-0.02
18.764,-0.06,-0.03
18.766,-0.105,-0.04
18.768,-0.08,-0.05
18.77,-0.05,-0.06
18.772,-0.045,-0.065
18.774,-0.055,-0.065
18.776,-0.07,-0.06
18.778,-0.1,-0.055
18.78,-0.095,-0.045
18.782,-0.035,-0.035
18.784,-0.005,-0.025
18.786,0.0,-0.015
18.788,-0.02,-0.01
18.79,-0.015,-0.005
18.792,-0.04,-0.005
18.794,-0.02,-0.01
18.796,-0.015,-0.015
18.798,-0.03,-0.02
18.8,-0.06,-0.03
18.802,-0.065,-0.035
18.804,-0.065,-0.045
18.806,-0.05,-0.05
18.808,-0.065,-0.05
18.81,-0.05,-0.055
18.812,-0.05,-0.055
18.814,-0.055,-0.055
18.816,-0.045,-0.05
18.818,-0.04,-0.05
18.82,-0.045,-0.045
18.822,-0.03,-0.04
18.824,-0.005,-0.035
18.826,-0.035,-0.025
18.828,-0.05,-0.02
18.83,-0.025,-0.01
18.832,0.015,-0.005
18.834,-0.005,0.005
18.836,-0.015,0.01
18.838,-0.025,0.01
18.84,-0.01,0.01
18.842,-0.035,0.01
18.844,-0.025,0.0
18.846,-0.025,-0.005
18.848,0.005,-0.015
18.85,0.02,-0.02
18.852,-0.045,-0.02
18.854,-0.015,-0.015
18.856,0.0,-0.01
18.858,0.03,0.0
18.86,0.02,0.005
18.862,0.015,0.015
18.864,0.035,0.02
18.866,0.015,0.02
18.868,-0.015,0.02
18.87,-0.035,0.01
18.872,-0.03,0.005
18.874,-0.035,-0.005
18.876,-0.035,-0.015
18.878,-0.04,-0.025
18.88,-0.04,-0.03
18.882,-0.05,-0.035
18.884,-0.06,-0.035
18.886,-0.085,-0.035
18.888,-0.06,-0.04
18.89,-0.015,-0.04
18.892,-0.02,-0.045
18.894,-0.045,-0.045
18.896,-0.06,-0.05
18.898,-0.11,-0.05
18.9,-0.09,-0.05
18.902,-0.04,-0.045
18.904,-0.03,-0.04
18.906,-0.045,-0.035
18.908,-0.035,-0.03
18.91,-0.03,-0.03
18.912,-0.035,-0.025
18.914,-0.025,-0.025
18.916,-0.03,-0.025
18.918,-0.035,-0.03
18.92,-0.055,-0.035
18.922,-0.07,-0.045
18.924,-0.09,-0.05
18.926,-0.09,-0.055
18.928,-0.075,-0.055
18.93,-0.025,-0.055
18.932,0.005,-0.055
18.934,-0.025,-0.05
18.936,-0.01,-0.045
18.938,-0.03,-0.035
18.94,-0.02,-0.03
18.942,-0.025,-0.025
18.944,-0.045,-0.02
18.946,-0.015,-0.015
18.948,-0.04,-0.02
18.95,-0.055,-0.02
18.952,-0.055,-0.03
18.954,-0.055,-0.04
18.956,-0.04,-0.05
18.958,-0.065,-0.065
18.96,-0.08,-0.08
18.962,-0.085,-0.09
18.964,-0.09,-0.095
18.966,-0.09,-0.09
18.968,-0.085,-0.075
18.97,-0.065,-0.045
18.972,0.02,0.005
18.974,0.12,0.07
18.976,0.155,0.15
18.978,0.235,0.245
18.98,0.39,0.35
18.982,0.47,0.45
18.984,0.545,0.55
18.986,0.67,0.625
18.988,0.775,0.685
18.99,0.745,0.71
18.992,0.725,0.705
18.994,0.67,0.67
18.996,0.575,0.61
18.998,0.445,0.52
19.0,0.365,0.42
19.002,0.315,0.31
19.004,0.265,0.2
19.006,0.12,0.095
19.008,-0.025,0.01
19.01,-0.135,-0.065
19.012,-0.15,-0.115
19.014,-0.22,-0.15
19.016,-0.235,-0.165
19.018,-0.175,-0.17
19.02,-0.11,-0.165
19.022,-0.12,-0.155
19.024,-0.135,-0.14
19.026,-0.105,-0.125
19.028,-0.075,-0.11
19.03,-0.07,-0.095
19.032,-0.08,-0.08
19.034,-0.03,-0.07
19.036,-0.025,-0.06
19.038,-0.055,-0.05
19.04,-0.035,-0.045
19.042,-0.05,-0.04
19.044,-0.065,-0.04
19.046,-0.07,-0.045
19.048,-0.045,-0.05
19.05,-0.05,-0.055
19.052,-0.06,-0.06
19.054,-0.05,-0.06
19.056,-0.04,-0.065
19.058,-0.04,-0.06
19.06,-0.05,-0.06
19.062,-0.035,-0.055
19.064,-0.055,-0.05
19.066,-0.055,-0.05
19.068,-0.065,-0.05
19.07,-0.045,-0.05
19.072,-0.025,-0.05
19.074,-0.02,-0.05
19.076,-0.005,-0.05
19.078,-0.035,-0.05
19.08,-0.06,-0.045
19.082,-0.055,-0.04
19.084,-0.025,-0.035
19.086,-0.02,-0.03
19.088,-0.03,-0.03
19.09,-0.035,-0.03
19.092,-0.06,-0.035
19.094,-0.04,-0.04
19.096,-0.02,-0.05
19.098,0.02,-0.055
19.1,-0.015,-0.06
19.102,-0.025,-0.06
19.104,-0.025,-0.06
19.106,-0.035,-0.055
19.108,-0.035,-0.045
19.11,-0.08,-0.04
19.112,-0.045,-0.035
19.114,0.0,-0.035
19.116,0.01,-0.035
19.118,-0.02,-0.035
19.12,-0.035,-0.035
19.122,-0.03,-0.04
19.124,-0.03,-0.04
19.126,-0.01,-0.04
19.128,-0.02,-0.035
19.13,0.01,-0.03
19.132,-0.015,-0.025
19.134,0.02,-0.02
19.136,0.015,-0.015
19.138,-0.005,-0.01
19.14,-0.035,-0.015
19.142,-0.02,-0.015
19.144,-0.025,-0.02
19.146,-0.005,-0.02
19.148,0.035,-0.02
19.15,0.055,-0.02
19.152,0.02,-0.015
19.154,0.02,-0.005
19.156,0.025,0.005
19.158,0.04,0.015
19.16,0.035,0.025
19.162,0.075,0.035
19.164,0.09,0.04
19.166,0.06,0.04
19.168,0.015,0.045
19.17,0.05,0.04
19.172,0.08,0.04
19.174,0.095,0.045
19.176,0.1,0.045
19.178,0.05,0.055
19.18,0.02,0.06
19.182,0.075,0.07
19.184,0.12,0.08
19.186,0.105,0.09
19.188,0.1,0.095
19.19,0.12,0.1
19.192,0.155,0.1
19.194,0.16,0.1
19.196,0.12,0.105
19.198,0.115,0.105
19.2,0.125,0.11
19.202,0.14,0.115
19.204,0.15,0.12
19.206,0.155,0.125
19.208,0.145,0.13
19.21,0.13,0.13
19.212,0.115,0.13
19.214,0.145,0.13
19.216,0.135,0.125
19.218,0.125,0.12
19.22,0.145,0.115
19.222,0.145,0.11
19.224,0.1,0.11
19.226,0.15,0.11
19.228,0.165,0.11
19.23,0.15,0.11
19.232,0.16,0.105
19.234,0.13,0.1
19.236,0.06,0.09
19.238,0.025,0.075
19.24,0.03,0.06
19.242,0.045,0.045
19.244,0.045,0.03
19.246,0.015,0.015
19.248,0.055,0.005
19.25,0.09,-0.005
19.252,0.04,-0.005
19.254,0.02,-0.01
19.256,0.015,-0.01
19.258,0.0,-0.01
19.26,-0.03,-0.01
19.262,0.0,-0.01
19.264,0.02,-0.01
19.266,0.015,-0.01
19.268,0.025,-0.015
19.27,0.045,-0.01
19.272,0.035,-0.01
19.274,0.02,-0.01
19.276,0.0,-0.01
19.278,-0.015,-0.01
19.28,-0.015,-0.01
19.282,0.015,-0.015
19.284,0.01,-0.02
19.286,0.01,-0.025
19.288,0.0,-0.035
19.29,-0.025,-0.045
19.292,-0.03,-0.05
19.294,-0.03,-0.055
19.296,-0.03,-0.055
19.298,-0.05,-0.055
19.3,-0.015,-0.045
19.302,0.015,-0.04
19.304,-0.01,-0.03
19.306,-0.015,-0.02
19.308,0.045,-0.015
19.31,0.055,-0.01
19.312,0.025,-0.01
19.314,-0.01,-0.01
19.316,-0.02,-0.015
19.318,-0.03,-0.02
19.32,-0.03,-0.03
19.322,-0.005,-0.035
19.324,-0.015,-0.04
19.326,-0.025,-0.04
19.328,-0.03,-0.04
19.33,0.025,-0.04
19.332,0.065,-0.035
19.334,0.02,-0.03
19.336,0.005,-0.025
19.338,0.005,-0.025
19.34,-0.015,-0.025
19.342,-0.015,-0.025
19.344,-0.01,-0.025
19.346,0.01,-0.03
19.348,0.02,-0.03
19.35,0.01,-0.035
19.352,0.015,-0.035
19.354,-0.02,-0.04
19.356,-0.02,-0.04
19.358,-0.005,-0.04
19.36,0.0,-0.04
19.362,-0.01,-0.04
19.364,0.01,-0.04
19.366,0.02,-0.045
19.368,-0.02,-0.05
19.37,-0.02,-0.05
19.372,-0.04,-0.05
19.374,-0.005,-0.05
19.376,0.015,-0.05
19.378,-0.02,-0.045
19.38,0.01,-0.04
19.382,0.005,-0.035
19.384,0.005,-0.03
19.386,-0.01,-0.03
19.388,0.025,-0.03
19.39,-0.005,-0.035
19.392,-0.025,-0.04
19.394,-0.04,-0.05
19.396,-0.07,-0.055
19.398,-0.03,-0.06
19.4,0.015,-0.065
19.402,-0.005,-0.06
19.404,-0.015,-0.055
19.406,-0.015,-0.05
19.408,0.025,-0.04
19.41,0.05,-0.03
19.412,0.01,-0.02
19.414,0.01,-0.02
19.416,0.0,-0.02
19.418,-0.005,-0.02
19.42,0.015,-0.03
19.422,-0.005,-0.035
19.424,-0.025,-0.045
19.426,-0.015,-0.05
19.428,0.015,-0.055
19.43,0.015,-0.06
19.432,0.01,-0.06
19.434,-0.015,-0.06
19.436,-0.02,-0.06
19.438,-0.03,-0.06
19.44,-0.035,-0.06
19.442,-0.015,-0.06
19.444,-0.035,-0.055
19.446,-0.065,-0.05
19.448,0.015,-0.045
19.45,0.05,-0.04
19.452,0.045,-0.035
19.454,0.01,-0.03
19.456,0.015,-0.025
19.458,-0.005,-0.025
19.46,0.0,-0.03
19.462,-0.005,-0.035
19.464,-0.01,-0.04
19.466,-0.025,-0.05
19.468,-0.04,-0.06
19.47,-0.055,-0.065
19.472,-0.04,-0.065
19.474,0.015,-0.06
19.476,0.03,-0.055
19.478,0.02,-0.05
19.48,0.02,-0.04
19.482,0.005,-0.03
19.484,0.025,-0.025
19.486,0.015,-0.025
19.488,-0.01,-0.025
19.49,0.005,-0.025
19.492,0.03,-0.03
19.494,0.03,-0.035
19.496,0.015,-0.04
19.498,-0.025,-0.04
19.5,-0.005,-0.04
19.502,0.015,-0.035
19.504,-0.02,-0.035
19.506,-0.01,-0.03
19.508,0.045,-0.03
19.51,0.055,-0.03
19.512,0.015,-0.03
19.514,-0.005,-0.03
19.516,0.02,-0.035
19.518,0.005,-0.04
19.52,-0.055,-0.045
19.522,-0.025,-0.045
19.524,0.02,-0.045
19.526,0.03,-0.045
19.528,0.065,-0.04
19.53,0.065,-0.035
19.532,0.04,-0.03
19.534,0.03,-0.02
19.536,0.015,-0.01
19.538,0.01,-0.005
19.54,0.055,0.0
19.542,0.05,0.0
19.544,0.035,0.0
19.546,0.03,-0.005
19.548,0.025,-0.015
19.55,0.005,-0.02
19.552,0.03,-0.025
19.554,0.025,-0.03
19.556,0.035,-0.03
19.558,0.07,-0.03
19.56,0.045,-0.025
19.562,0.055,-0.015
19.564,0.05,-0.01
19.566,0.075,0.0
19.568,0.055,0.005
19.57,0.035,0.005
19.572,0.065,0.005
19.574,0.06,0.005
19.576,0.035,0.0
19.578,0.02,0.0
19.58,0.025,-0.005
19.582,0.01,-0.01
19.584,0.01,-0.015
19.586,0.025,-0.02
19.588,0.01,-0.025
19.59,0.015,-0.03
19.592,-0.005,-0.04
19.594,-0.01,-0.05
19.596,-0.03,-0.06
19.598,-0.015,-0.065
19.6,-0.005,-0.07
19.602,0.02,-0.07
19.604,0.055,-0.065
19.606,0.03,-0.06
19.608,0.015,-0.05
19.61,0.01,-0.035
19.612,-0.005,-0.025
19.614,0.045,-0.015
19.616,0.045,-0.01
19.618,0.025,-0.01
19.62,0.015,-0.01
19.622,0.005,-0.02
19.624,0.02,-0.03
19.626,-0.01,-0.04
19.628,-0.025,-0.055
19.63,0.0,-0.065
19.632,-0.05,-0.07
19.634,-0.03,-0.07
19.636,0.02,-0.07
19.638,0.025,-0.065
19.64,0.0,-0.055
19.642,-0.005,-0.045
19.644,0.05,-0.035
19.646,0.035,-0.025
19.648,0.04,-0.025
19.65,0.035,-0.025
19.652,-0.005,-0.025
19.654,-0.015,-0.03
19.656,-0.015,-0.035
19.658,-0.015,-0.04
19.66,-0.015,-0.045
19.662,0.005,-0.05
19.664,-0.03,-0.055
19.666,0.015,-0.06
19.668,0.02,-0.06
19.67,0.0,-0.055
19.672,-0.02,-0.045
19.674,0.015,-0.025
19.676,0.105,0.015
19.678,0.13,0.065
19.68,0.175,0.135
19.682,0.27,0.22
19.684,0.41,0.31
19.686,0.515,0.4
19.688,0.575,0.48
19.69,0.66,0.54
19.692,0.72,0.575
19.694,0.655,0.58
19.696,0.62,0.555
19.698,0.56,0.505
19.7,0.45,0.435
19.702,0.335,0.355
19.704,0.27,0.265
19.706,0.24,0.185
19.708,0.19,0.105
19.71,0.14,0.04
19.712,-0.01,-0.015
19.714,-0.05,-0.06
19.716,-0.07,-0.1
19.718,-0.11,-0.125
19.72,-0.12,-0.145
19.722,-0.135,-0.16
19.724,-0.115,-0.17
19.726,-0.115,-0.17
19.728,-0.095,-0.17
19.73,-0.09,-0.16
19.732,-0.05,-0.145
19.734,-0.02,-0.13
19.736,-0.04,-0.115
19.738,-0.035,-0.095
19.74,-0.02,-0.08
19.742,-0.005,-0.07
19.744,-0.01,-0.06
19.746,-0.01,-0.055
19.748,0.025,-0.05
19.75,0.065,-0.045
19.752,0.06,-0.045
19.754,0.04,-0.045
19.756,0.035,-0.045
19.758,0.045,-0.045
19.76,0.015,-0.045
19.762,0.025,-0.045
19.764,0.02,-0.045
19.766,0.01,-0.045
19.768,0.015,-0.045
19.77,0.03,-0.05
19.772,0.04,-0.05
19.774,0.005,-0.045
19.776,0.01,-0.045
19.778,0.0,-0.04
19.78,0.005,-0.035
19.782,0.045,-0.03
19.784,0.07,-0.025
19.786,0.035,-0.02
19.788,0.03,-0.02
19.79,0.055,-0.015
19.792,0.05,-0.02
19.794,0.075,-0.02
19.796,0.065,-0.02
19.798,-0.005,-0.025
19.8,0.035,-0.025
19.802,0.05,-0.025
19.804,0.05,-0.02
19.806,0.045,-0.015
19.808,0.015,-0.015
19.81,0.045,-0.01
19.812,0.06,-0.005
19.814,0.08,-0.005
19.816,0.06,-0.01
19.818,0.035,-0.01
19.82,0.05,-0.015
19.822,0.025,-0.02
19.824,0.01,-0.025
19.826,0.03,-0.025
19.828,0.06,-0.025
19.83,0.055,-0.02
19.832,0.055,-0.015
19.834,0.06,-0.01
19.836,0.09,-0.005
19.838,0.065,-0.005
19.84,0.07,-0.005
19.842,0.07,-0.005
19.844,0.08,-0.005
19.846,0.04,-0.005
19.848,0.02,-0.005
19.85,0.095,0.0
19.852,0.145,0.005
19.854,0.1,0.015
19.856,0.1,0.025
19.858,0.115,0.035
19.86,0.135,0.045
19.862,0.13,0.055
19.864,0.095,0.065
19.866,0.105,0.07
19.868,0.15,0.07
19.87,0.15,0.07
19.872,0.14,0.075
19.874,0.12,0.07
19.876,0.135,0.075
19.878,0.155,0.075
19.88,0.15,0.075
19.882,0.145,0.08
19.884,0.195,0.085
19.886,0.17,0.09
19.888,0.155,0.095
19.89,0.19,0.1
19.892,0.17,0.1
19.894,0.19,0.105
19.896,0.175,0.11
19.898,0.18,0.115
19.9,0.17,0.12
19.902,0.23,0.125
19.904,0.235,0.13
19.906,0.22,0.14
19.908,0.235,0.145
19.91,0.22,0.15
19.912,0.245,0.15
19.914,0.225,0.15
19.916,0.175,0.145
19.918,0.17,0.14
19.92,0.205,0.135
19.922,0.185,0.13
19.924,0.2,0.13
19.926,0.225,0.125
19.928,0.19,0.125
19.93,0.165,0.125
19.932,0.145,0.12
19.934,0.16,0.115
19.936,0.175,0.105
19.938,0.135,0.095
19.94,0.12,0.085
19.942,0.125,0.07
19.944,0.11,0.06
19.946,0.09,0.05
19.948,0.125,0.045
19.95,0.12,0.035
19.952,0.1,0.035
19.954,0.07,0.03
19.956,0.045,0.025
19.958,0.06,0.02
19.96,0.055,0.01
19.962,0.025,0.0
19.964,0.035,-0.01
19.966,0.03,-0.025
19.968,0.015,-0.035
19.97,0.04,-0.04
19.972,0.045,-0.045
19.974,0.04,-0.045
19.976,0.04,-0.04
19.978,0.055,-0.035
19.98,0.06,-0.03
19.982,0.035,-0.025
19.984,0.035,-0.025
19.986,0.065,-0.02
19.988,0.05,-0.02
19.99,-0.035,-0.02
19.992,0.01,-0.015
19.994,0.07,-0.015
19.996,0.105,-0.015
19.998,0.065,-0.015
